date,code,close,peTTM,pbMRQ,psTTM,pcfNcfTTM,turn,tradestatus,isST
2018-01-02,sh.601991,4.19,22.937571,1.337403,0.895662,37.662888,0.120773,1,0
2018-01-03,sh.601991,4.26,23.320777,1.359746,0.910625,38.292101,0.266946,1,0
2018-01-04,sh.601991,4.24,23.211289,1.353362,0.90635,38.112326,0.258821,1,0
2018-01-05,sh.601991,4.24,23.211289,1.353362,0.90635,38.112326,0.185864,1,0
2018-01-08,sh.601991,4.29,23.485007,1.369322,0.917038,38.561763,0.326381,1,0
2018-01-09,sh.601991,4.25,23.266033,1.356554,0.908488,38.202213,0.203851,1,0
2018-01-10,sh.601991,4.22,23.101802,1.346978,0.902075,37.93255,0.1269,1,0
2018-01-11,sh.601991,4.26,23.320777,1.359746,0.910625,38.292101,0.155424,1,0
2018-01-12,sh.601991,4.27,23.37552,1.362938,0.912763,38.381988,0.110652,1,0
2018-01-15,sh.601991,4.11,22.499622,1.311868,0.878561,36.943787,0.209484,1,0
2018-01-16,sh.601991,4.11,22.499622,1.311868,0.878561,36.943787,0.202709,1,0
2018-01-17,sh.601991,4.11,22.499622,1.311868,0.878561,36.943787,0.149614,1,0
2018-01-18,sh.601991,4.09,22.390135,1.305484,0.874286,36.764012,0.278367,1,0
2018-01-19,sh.601991,4.13,22.60911,1.318251,0.882836,37.123562,0.265281,1,0
2018-01-22,sh.601991,4.18,22.882828,1.334211,0.893524,37.573,0.24958,1,0
2018-01-23,sh.601991,4.19,22.937571,1.337403,0.895662,37.662888,0.175101,1,0
2018-01-24,sh.601991,4.21,23.047058,1.343787,0.899937,37.842663,0.170969,1,0
2018-01-25,sh.601991,4.22,23.101802,1.346978,0.902075,37.93255,0.197418,1,0
2018-01-26,sh.601991,4.22,23.101802,1.346978,0.902075,37.93255,0.149827,1,0
2018-01-29,sh.601991,4.23,23.156546,1.35017,0.904212,38.022438,0.265977,1,0
2018-01-30,sh.601991,4.2,22.992315,1.340595,0.897799,37.752775,0.109431,1,0
2018-01-31,sh.601991,4.1,22.444879,1.308676,0.876423,36.8539,0.155889,1,0
2018-02-01,sh.601991,3.97,21.733212,1.267181,0.848634,35.685361,0.244481,1,0
2018-02-02,sh.601991,4.0,21.897443,1.276757,0.855047,35.955024,0.183593,1,0
2018-02-05,sh.601991,4.0,21.897443,1.276757,0.855047,35.955024,0.202397,1,0
2018-02-06,sh.601991,3.85,21.076289,1.228878,0.822983,34.606711,0.20465,1,0
2018-02-07,sh.601991,3.81,20.857314,1.216111,0.814432,34.24716,0.140921,1,0
2018-02-08,sh.601991,3.87,21.185776,1.235262,0.827258,34.786486,0.127047,1,0
2018-02-09,sh.601991,3.74,20.474109,1.193768,0.799469,33.617948,0.183566,1,0
2018-02-12,sh.601991,3.75,20.528853,1.19696,0.801607,33.707835,0.226632,1,0
2018-02-13,sh.601991,3.72,20.364622,1.187384,0.795194,33.438172,0.114307,1,0
2018-02-14,sh.601991,3.7,20.255135,1.181,0.790919,33.258397,0.066682,1,0
2018-02-22,sh.601991,3.75,20.528853,1.19696,0.801607,33.707835,0.096809,1,0
2018-02-23,sh.601991,3.77,20.63834,1.203343,0.805882,33.88761,0.082711,1,0
2018-02-26,sh.601991,3.81,20.857314,1.216111,0.814432,34.24716,0.111916,1,0
2018-02-27,sh.601991,3.84,21.021545,1.225687,0.820845,34.516823,0.142559,1,0
2018-02-28,sh.601991,3.81,20.857314,1.216111,0.814432,34.24716,0.065027,1,0
2018-03-01,sh.601991,3.83,20.966801,1.222495,0.818708,34.426936,0.071405,1,0
2018-03-02,sh.601991,3.85,21.076289,1.228878,0.822983,34.606711,0.132109,1,0
2018-03-05,sh.601991,3.85,21.076289,1.228878,0.822983,34.606711,0.091457,1,0
2018-03-06,sh.601991,3.91,21.40475,1.24803,0.835809,35.146036,0.144349,1,0
2018-03-07,sh.601991,3.96,21.678468,1.263989,0.846497,35.595474,0.214369,1,0
2018-03-08,sh.601991,4.03,22.061674,1.286332,0.86146,36.224687,0.197889,1,0
2018-03-09,sh.601991,3.99,21.842699,1.273565,0.85291,35.865137,0.169188,1,0
2018-03-12,sh.601991,3.97,21.733212,1.267181,0.848634,35.685361,0.151675,1,0
2018-03-13,sh.601991,3.93,21.514237,1.254414,0.840084,35.325811,0.122854,1,0
2018-03-14,sh.601991,3.9,21.350007,1.244838,0.833671,35.056149,0.097781,1,0
2018-03-15,sh.601991,3.93,21.514237,1.254414,0.840084,35.325811,0.103652,1,0
2018-03-16,sh.601991,3.89,21.295263,1.241646,0.831533,34.966261,0.083351,1,0
2018-03-19,sh.601991,3.9,21.350007,1.244838,0.833671,35.056149,0.070275,1,0
2018-03-20,sh.601991,3.89,25.767006,1.502376,1.006145,42.308745,0.093118,1,0
2018-03-21,sh.601991,3.9,25.833245,1.506239,1.008732,42.417508,0.104498,1,0
2018-03-22,sh.601991,3.82,25.303332,1.475341,0.98804,41.547405,0.102709,1,0
2018-03-23,sh.601991,3.66,24.243507,1.413547,0.946656,39.807199,0.22974,1,0
2018-03-26,sh.601991,3.64,24.111029,1.405823,0.941483,39.589674,0.105369,1,0
2018-03-27,sh.601991,3.69,28.087283,1.637663,1.096747,46.118578,0.127379,1,0
2018-03-28,sh.601991,3.68,28.011165,1.633225,1.093775,45.993596,0.115596,1,0
2018-03-29,sh.601991,3.7,28.1634,1.642101,1.099719,46.243561,0.105503,1,0
2018-03-30,sh.601991,3.68,39.785195,1.641927,1.054126,-220.893225,0.122323,1,0
2018-04-02,sh.601991,3.64,39.352747,1.62408,1.042668,-218.492212,0.180833,1,0
2018-04-03,sh.601991,3.55,38.37974,1.583924,1.016888,-213.089932,0.222146,1,0
2018-04-04,sh.601991,3.52,38.055404,1.570539,1.008294,-211.289172,0.111544,1,0
2018-04-09,sh.601991,3.53,38.163516,1.575001,1.011159,-211.889425,0.126984,1,0
2018-04-10,sh.601991,3.57,38.595964,1.592848,1.022617,-214.290438,0.106964,1,0
2018-04-11,sh.601991,3.57,38.595964,1.592848,1.022617,-214.290438,0.102133,1,0
2018-04-12,sh.601991,3.54,38.271628,1.579462,1.014023,-212.489678,0.114729,1,0
2018-04-13,sh.601991,3.52,38.055404,1.570539,1.008294,-211.289172,0.146679,1,0
2018-04-16,sh.601991,3.46,37.406732,1.543768,0.991107,-207.687652,0.153692,1,0
2018-04-17,sh.601991,3.43,37.082396,1.530383,0.982514,-205.886892,0.138378,1,0
2018-04-18,sh.601991,3.44,37.190508,1.534845,0.985378,-206.487145,0.107351,1,0
2018-04-19,sh.601991,3.44,37.190508,1.534845,0.985378,-206.487145,0.087232,1,0
2018-04-20,sh.601991,3.36,36.325613,1.499151,0.962463,-201.685118,0.146532,1,0
2018-04-23,sh.601991,3.35,36.217501,1.494689,0.959598,-201.084865,0.109584,1,0
2018-04-24,sh.601991,3.39,36.649949,1.512536,0.971056,-203.485878,0.121959,1,0
2018-04-25,sh.601991,3.37,38.444729,1.12664,0.935235,3.491507,0.064471,1,0
2018-04-26,sh.601991,3.32,37.874332,1.109925,0.921359,3.439705,0.091403,1,0
2018-04-27,sh.601991,3.34,38.102491,1.116611,0.92691,3.460426,0.089855,1,0
2018-05-02,sh.601991,3.36,38.330649,1.123297,0.93246,3.481147,0.126261,1,0
2018-05-03,sh.601991,3.37,38.444729,1.12664,0.935235,3.491507,0.106698,1,0
2018-05-04,sh.601991,3.35,38.21657,1.119954,0.929685,3.470786,0.11773,1,0
2018-05-07,sh.601991,3.4,38.786966,1.13667,0.943561,3.522589,0.146322,1,0
2018-05-08,sh.601991,3.42,39.015125,1.143356,0.949111,3.54331,0.095092,1,0
2018-05-09,sh.601991,3.4,38.786966,1.13667,0.943561,3.522589,0.076061,1,0
2018-05-10,sh.601991,3.4,38.786966,1.13667,0.943561,3.522589,0.111695,1,0
2018-05-11,sh.601991,3.38,38.558808,1.129984,0.93801,3.501868,0.063552,1,0
2018-05-14,sh.601991,3.36,38.330649,1.123297,0.93246,3.481147,0.060845,1,0
2018-05-15,sh.601991,3.4,38.786966,1.13667,0.943561,3.522589,0.10271,1,0
2018-05-16,sh.601991,3.38,38.558808,1.129984,0.93801,3.501868,0.115688,1,0
2018-05-17,sh.601991,3.38,38.558808,1.129984,0.93801,3.501868,0.080759,1,0
2018-05-18,sh.601991,3.41,38.901046,1.140013,0.946336,3.53295,0.097324,1,0
2018-05-21,sh.601991,3.47,39.585522,1.160072,0.962987,3.595113,0.12887,1,0
2018-05-22,sh.601991,3.44,39.243284,1.150042,0.954661,3.564031,0.069756,1,0
2018-05-23,sh.601991,3.53,40.269998,1.180131,0.979638,3.657276,0.4748,1,0
2018-05-24,sh.601991,3.49,39.81368,1.166758,0.968537,3.615834,0.195746,1,0
2018-05-25,sh.601991,3.46,39.471442,1.156729,0.960212,3.584752,0.114496,1,0
2018-05-28,sh.601991,3.36,38.330649,1.123297,0.93246,3.481147,0.153556,1,0
2018-05-29,sh.601991,3.34,38.102491,1.116611,0.92691,3.460426,0.099693,1,0
2018-05-30,sh.601991,3.25,37.075777,1.086523,0.901933,3.367181,0.151574,1,0
2018-05-31,sh.601991,3.28,37.418015,1.096552,0.910259,3.398262,0.100209,1,0
2018-06-01,sh.601991,3.3,37.646173,1.103238,0.915809,3.418984,0.087693,1,0
2018-06-04,sh.601991,3.3,37.646173,1.103238,0.915809,3.418984,0.060064,1,0
2018-06-05,sh.601991,3.31,37.760253,1.106582,0.918584,3.429344,0.047036,1,0
2018-06-06,sh.601991,3.29,37.532094,1.099895,0.913034,3.408623,0.079785,1,0
2018-06-07,sh.601991,3.3,37.646173,1.103238,0.915809,3.418984,0.058352,1,0
2018-06-08,sh.601991,3.24,36.961697,1.08318,0.899158,3.35682,0.09735,1,0
2018-06-11,sh.601991,3.19,36.391301,1.066464,0.885282,3.305017,0.079926,1,0
2018-06-12,sh.601991,3.2,36.50538,1.069807,0.888057,3.315378,0.059502,1,0
2018-06-13,sh.601991,3.19,36.391301,1.066464,0.885282,3.305017,0.06136,1,0
2018-06-14,sh.601991,3.2,36.50538,1.069807,0.888057,3.315378,0.053023,1,0
2018-06-15,sh.601991,3.2,36.50538,1.069807,0.888057,3.315378,0.069337,1,0
2018-06-19,sh.601991,3.01,34.337873,1.006287,0.835329,3.118527,0.187767,1,0
2018-06-20,sh.601991,3.08,35.136428,1.029689,0.854755,3.191051,0.117222,1,0
2018-06-21,sh.601991,3.01,34.337873,1.006287,0.835329,3.118527,0.075386,1,0
2018-06-22,sh.601991,3.03,34.566032,1.012973,0.840879,3.139249,0.087337,1,0
2018-06-25,sh.601991,3.01,34.337873,1.006287,0.835329,3.118527,0.063965,1,0
2018-06-26,sh.601991,3.01,34.337873,1.006287,0.835329,3.118527,0.101381,1,0
2018-06-27,sh.601991,2.99,34.109715,0.999601,0.829778,3.097806,0.056954,1,0
2018-06-28,sh.601991,2.99,34.109715,0.999601,0.829778,3.097806,0.074596,1,0
2018-06-29,sh.601991,3.03,34.566032,1.012973,0.840879,3.139249,0.090189,1,0
2018-07-02,sh.601991,3.01,34.337873,1.006287,0.835329,3.118527,0.093859,1,0
2018-07-03,sh.601991,3.05,34.79419,1.01966,0.846429,3.15997,0.078697,1,0
2018-07-04,sh.601991,3.03,34.566032,1.012973,0.840879,3.139249,0.132705,1,0
2018-07-05,sh.601991,2.99,34.109715,0.999601,0.829778,3.097806,0.083711,1,0
2018-07-06,sh.601991,3.01,34.337873,1.006287,0.835329,3.118527,0.083023,1,0
2018-07-09,sh.601991,3.05,34.79419,1.01966,0.846429,3.15997,0.050323,1,0
2018-07-10,sh.601991,3.06,34.90827,1.023003,0.849205,3.17033,0.062891,1,0
2018-07-11,sh.601991,3.01,34.337873,1.006287,0.835329,3.118527,0.070423,1,0
2018-07-12,sh.601991,3.05,34.79419,1.01966,0.846429,3.15997,0.081539,1,0
2018-07-13,sh.601991,3.06,34.90827,1.023003,0.849205,3.17033,0.059829,1,0
2018-07-16,sh.601991,3.03,34.566032,1.012973,0.840879,3.139249,0.052717,1,0
2018-07-17,sh.601991,3.03,34.566032,1.012973,0.840879,3.139249,0.042185,1,0
2018-07-18,sh.601991,3.11,35.478666,1.039719,0.863081,3.222133,0.276532,1,0
2018-07-19,sh.601991,3.07,35.022349,1.026346,0.85198,3.180691,0.114086,1,0
2018-07-20,sh.601991,3.25,37.075777,1.086523,0.901933,3.367181,0.514867,1,0
2018-07-23,sh.601991,3.26,37.189856,1.089866,0.904708,3.377541,0.201189,1,0
2018-07-24,sh.601991,3.28,37.418015,1.096552,0.910259,3.398262,0.146723,1,0
2018-07-25,sh.601991,3.24,36.961697,1.08318,0.899158,3.35682,0.087515,1,0
2018-07-26,sh.601991,3.28,37.418015,1.096552,0.910259,3.398262,0.132051,1,0
2018-07-27,sh.601991,3.26,37.189856,1.089866,0.904708,3.377541,0.099918,1,0
2018-07-30,sh.601991,3.35,38.21657,1.119954,0.929685,3.470786,0.23082,1,0
2018-07-31,sh.601991,3.32,37.874332,1.109925,0.921359,3.439705,0.092602,1,0
2018-08-01,sh.601991,3.24,36.961697,1.08318,0.899158,3.35682,0.10039,1,0
2018-08-02,sh.601991,3.18,36.277222,1.063121,0.882507,3.294657,0.149028,1,0
2018-08-03,sh.601991,3.16,36.049063,1.056434,0.876956,3.273936,0.087488,1,0
2018-08-06,sh.601991,3.12,35.592746,1.043062,0.865856,3.232494,0.098037,1,0
2018-08-07,sh.601991,3.19,36.391301,1.066464,0.885282,3.305017,0.089183,1,0
2018-08-08,sh.601991,3.22,36.733539,1.076493,0.893608,3.336099,0.084022,1,0
2018-08-09,sh.601991,3.24,36.961697,1.08318,0.899158,3.35682,0.116516,1,0
2018-08-10,sh.601991,3.18,36.277222,1.063121,0.882507,3.294657,0.166446,1,0
2018-08-13,sh.601991,3.13,35.706825,1.046405,0.868631,3.242854,0.095483,1,0
2018-08-14,sh.601991,3.18,36.277222,1.063121,0.882507,3.294657,0.106307,1,0
2018-08-15,sh.601991,3.14,35.820904,1.049748,0.871406,3.253215,0.057841,1,0
2018-08-16,sh.601991,3.11,35.478666,1.039719,0.863081,3.222133,0.064662,1,0
2018-08-17,sh.601991,3.07,35.022349,1.026346,0.85198,3.180691,0.056935,1,0
2018-08-20,sh.601991,3.11,35.478666,1.039719,0.863081,3.222133,0.045712,1,0
2018-08-21,sh.601991,3.12,35.592746,1.043062,0.865856,3.232494,0.048,1,0
2018-08-22,sh.601991,3.08,35.136428,1.029689,0.854755,3.191051,0.059837,1,0
2018-08-23,sh.601991,3.11,35.478666,1.039719,0.863081,3.222133,0.038009,1,0
2018-08-24,sh.601991,3.12,35.592746,1.043062,0.865856,3.232494,0.06536,1,0
2018-08-27,sh.601991,3.06,25.887522,1.202411,0.799449,10.02263,0.080452,1,0
2018-08-28,sh.601991,3.08,26.056722,1.21027,0.804674,10.088137,0.067211,1,0
2018-08-29,sh.601991,3.12,26.395121,1.225988,0.815124,10.219152,0.095528,1,0
2018-08-30,sh.601991,3.13,26.479721,1.229917,0.817737,10.251906,0.095609,1,0
2018-08-31,sh.601991,3.11,26.310521,1.222058,0.812511,10.186398,0.134667,1,0
2018-09-03,sh.601991,3.14,26.56432,1.233847,0.820349,10.284659,0.087797,1,0
2018-09-04,sh.601991,3.17,26.818119,1.245635,0.828187,10.38292,0.086921,1,0
2018-09-05,sh.601991,3.18,26.902719,1.249564,0.830799,10.415674,0.15214,1,0
2018-09-06,sh.601991,3.22,27.241118,1.265282,0.84125,10.546689,0.109218,1,0
2018-09-07,sh.601991,3.22,27.241118,1.265282,0.84125,10.546689,0.092097,1,0
2018-09-10,sh.601991,3.23,27.325718,1.269212,0.843862,10.579443,0.08397,1,0
2018-09-11,sh.601991,3.3,27.917916,1.296718,0.86215,10.808718,0.180752,1,0
2018-09-12,sh.601991,3.29,27.833316,1.292788,0.859538,10.775965,0.109343,1,0
2018-09-13,sh.601991,3.39,28.679314,1.332083,0.885664,11.103502,0.173408,1,0
2018-09-14,sh.601991,3.39,28.679314,1.332083,0.885664,11.103502,0.122554,1,0
2018-09-17,sh.601991,3.41,28.848513,1.339942,0.890889,11.169009,0.16361,1,0
2018-09-18,sh.601991,3.37,28.510114,1.324224,0.880438,11.037994,0.149256,1,0
2018-09-19,sh.601991,3.35,28.340915,1.316365,0.875213,10.972487,0.109498,1,0
2018-09-20,sh.601991,3.39,28.679314,1.332083,0.885664,11.103502,0.128847,1,0
2018-09-21,sh.601991,3.4,28.763914,1.336012,0.888276,11.136255,0.119079,1,0
2018-09-25,sh.601991,3.32,28.087116,1.304577,0.867376,10.874226,0.074734,1,0
2018-09-26,sh.601991,3.39,28.679314,1.332083,0.885664,11.103502,0.16819,1,0
2018-09-27,sh.601991,3.33,28.171715,1.308506,0.869988,10.906979,0.13988,1,0
2018-09-28,sh.601991,3.4,28.763914,1.336012,0.888276,11.136255,0.114314,1,0
2018-10-08,sh.601991,3.31,28.002516,1.300647,0.864763,10.841472,0.122128,1,0
2018-10-09,sh.601991,3.25,27.494917,1.27707,0.849088,10.64495,0.110443,1,0
2018-10-10,sh.601991,3.3,27.917916,1.296718,0.86215,10.808718,0.067425,1,0
2018-10-11,sh.601991,3.14,26.56432,1.233847,0.820349,10.284659,0.139875,1,0
2018-10-12,sh.601991,3.2,27.071919,1.257423,0.836025,10.481181,0.115244,1,0
2018-10-15,sh.601991,3.23,27.325718,1.269212,0.843862,10.579443,0.111734,1,0
2018-10-16,sh.601991,3.13,26.479721,1.229917,0.817737,10.251906,0.09697,1,0
2018-10-17,sh.601991,3.25,27.494917,1.27707,0.849088,10.64495,0.113729,1,0
2018-10-18,sh.601991,3.1,26.225921,1.218129,0.809899,10.153645,0.112298,1,0
2018-10-19,sh.601991,3.11,26.310521,1.222058,0.812511,10.186398,0.097079,1,0
2018-10-22,sh.601991,3.25,27.494917,1.27707,0.849088,10.64495,0.136263,1,0
2018-10-23,sh.601991,3.2,27.071919,1.257423,0.836025,10.481181,0.109153,1,0
2018-10-24,sh.601991,3.28,27.748717,1.288859,0.856925,10.743211,0.132569,1,0
2018-10-25,sh.601991,3.25,27.494917,1.27707,0.849088,10.64495,0.092154,1,0
2018-10-26,sh.601991,3.33,28.171715,1.308506,0.869988,10.906979,0.162911,1,0
2018-10-29,sh.601991,3.26,27.579517,1.281,0.8517,10.677704,0.120881,1,0
2018-10-30,sh.601991,3.27,31.2346,1.276823,0.837993,14.050913,0.115798,1,0
2018-10-31,sh.601991,3.29,31.425637,1.284633,0.843119,14.136851,0.164661,1,0
2018-11-01,sh.601991,3.26,31.139081,1.272919,0.835431,14.007943,0.167429,1,0
2018-11-02,sh.601991,3.31,31.616674,1.292442,0.848244,14.222789,0.20412,1,0
2018-11-05,sh.601991,3.28,31.330118,1.280728,0.840556,14.093882,0.1387,1,0
2018-11-06,sh.601991,3.26,31.139081,1.272919,0.835431,14.007943,0.085095,1,0
2018-11-07,sh.601991,3.29,31.425637,1.284633,0.843119,14.136851,0.216653,1,0
2018-11-08,sh.601991,3.22,30.757007,1.2573,0.82518,13.836067,0.186715,1,0
2018-11-09,sh.601991,3.18,30.374932,1.241682,0.814929,13.66419,0.155541,1,0
2018-11-12,sh.601991,3.19,30.470451,1.245586,0.817492,13.707159,0.18603,1,0
2018-11-13,sh.601991,3.23,30.852525,1.261205,0.827743,13.879036,0.202923,1,0
2018-11-14,sh.601991,3.19,30.470451,1.245586,0.817492,13.707159,0.184621,1,0
2018-11-15,sh.601991,3.21,30.661488,1.253395,0.822617,13.793098,0.11954,1,0
2018-11-16,sh.601991,3.2,30.565969,1.249491,0.820055,13.750129,0.198842,1,0
2018-11-19,sh.601991,3.2,30.565969,1.249491,0.820055,13.750129,0.179219,1,0
2018-11-20,sh.601991,3.15,30.088376,1.229968,0.807241,13.535283,0.147424,1,0
2018-11-21,sh.601991,3.13,29.897339,1.222158,0.802116,13.449344,0.129142,1,0
2018-11-22,sh.601991,3.13,29.897339,1.222158,0.802116,13.449344,0.089141,1,0
2018-11-23,sh.601991,3.07,29.324227,1.19873,0.78674,13.19153,0.139831,1,0
2018-11-26,sh.601991,3.06,29.228708,1.194826,0.784177,13.14856,0.050065,1,0
2018-11-27,sh.601991,3.07,29.324227,1.19873,0.78674,13.19153,0.058956,1,0
2018-11-28,sh.601991,3.09,29.515264,1.20654,0.791865,13.277468,0.069268,1,0
2018-11-29,sh.601991,3.1,29.610783,1.210444,0.794428,13.320437,0.157593,1,0
2018-11-30,sh.601991,3.14,29.992857,1.226063,0.804679,13.492314,0.091316,1,0
2018-12-03,sh.601991,3.19,30.470451,1.245586,0.817492,13.707159,0.138504,1,0
2018-12-04,sh.601991,3.2,30.565969,1.249491,0.820055,13.750129,0.118637,1,0
2018-12-05,sh.601991,3.18,30.374932,1.241682,0.814929,13.66419,0.090633,1,0
2018-12-06,sh.601991,3.17,30.279413,1.237777,0.812367,13.621221,0.089667,1,0
2018-12-07,sh.601991,3.14,29.992857,1.226063,0.804679,13.492314,0.065605,1,0
2018-12-10,sh.601991,3.15,30.088376,1.229968,0.807241,13.535283,0.064593,1,0
2018-12-11,sh.601991,3.12,29.80182,1.218254,0.799553,13.406375,0.061726,1,0
2018-12-12,sh.601991,3.11,29.706301,1.214349,0.796991,13.363406,0.047062,1,0
2018-12-13,sh.601991,3.14,29.992857,1.226063,0.804679,13.492314,0.078325,1,0
2018-12-14,sh.601991,3.12,29.80182,1.218254,0.799553,13.406375,0.076026,1,0
2018-12-17,sh.601991,3.12,29.80182,1.218254,0.799553,13.406375,0.060492,1,0
2018-12-18,sh.601991,3.11,29.706301,1.214349,0.796991,13.363406,0.049237,1,0
2018-12-19,sh.601991,3.13,29.897339,1.222158,0.802116,13.449344,0.048797,1,0
2018-12-20,sh.601991,3.12,29.80182,1.218254,0.799553,13.406375,0.043453,1,0
2018-12-21,sh.601991,3.1,29.610783,1.210444,0.794428,13.320437,0.058435,1,0
2018-12-24,sh.601991,3.1,29.610783,1.210444,0.794428,13.320437,0.054779,1,0
2018-12-25,sh.601991,3.08,29.419745,1.202635,0.789303,13.234499,0.081491,1,0
2018-12-26,sh.601991,3.05,29.133189,1.190921,0.781615,13.105591,0.124657,1,0
2018-12-27,sh.601991,3.09,29.515264,1.20654,0.791865,13.277468,0.189067,1,0
2018-12-28,sh.601991,3.15,30.088376,1.229968,0.807241,13.535283,0.149789,1,0
2019-01-02,sh.601991,3.13,29.897339,1.222158,0.802116,13.449344,0.084421,1,0
2019-01-03,sh.601991,3.13,29.897339,1.222158,0.802116,13.449344,0.074868,1,0
2019-01-04,sh.601991,3.18,30.374932,1.241682,0.814929,13.66419,0.110831,1,0
2019-01-07,sh.601991,3.22,30.757007,1.2573,0.82518,13.836067,0.128083,1,0
2019-01-08,sh.601991,3.23,30.852525,1.261205,0.827743,13.879036,0.090638,1,0
2019-01-09,sh.601991,3.2,30.565969,1.249491,0.820055,13.750129,0.111768,1,0
2019-01-10,sh.601991,3.19,30.470451,1.245586,0.817492,13.707159,0.069484,1,0
2019-01-11,sh.601991,3.2,30.565969,1.249491,0.820055,13.750129,0.059078,1,0
2019-01-14,sh.601991,3.17,30.279413,1.237777,0.812367,13.621221,0.054389,1,0
2019-01-15,sh.601991,3.19,30.470451,1.245586,0.817492,13.707159,0.066941,1,0
2019-01-16,sh.601991,3.17,30.279413,1.237777,0.812367,13.621221,0.076096,1,0
2019-01-17,sh.601991,3.16,30.183895,1.233872,0.809804,13.578252,0.04963,1,0
2019-01-18,sh.601991,3.18,30.374932,1.241682,0.814929,13.66419,0.062712,1,0
2019-01-21,sh.601991,3.17,30.279413,1.237777,0.812367,13.621221,0.05488,1,0
2019-01-22,sh.601991,3.13,29.897339,1.222158,0.802116,13.449344,0.051822,1,0
2019-01-23,sh.601991,3.1,29.610783,1.210444,0.794428,13.320437,0.062409,1,0
2019-01-24,sh.601991,3.1,29.610783,1.210444,0.794428,13.320437,0.070152,1,0
2019-01-25,sh.601991,3.09,29.515264,1.20654,0.791865,13.277468,0.061704,1,0
2019-01-28,sh.601991,3.09,29.515264,1.20654,0.791865,13.277468,0.067914,1,0
2019-01-29,sh.601991,3.07,29.324227,1.19873,0.78674,13.19153,0.076389,1,0
2019-01-30,sh.601991,3.06,29.228708,1.194826,0.784177,13.14856,0.053455,1,0
2019-01-31,sh.601991,3.05,29.133189,1.190921,0.781615,13.105591,0.076483,1,0
2019-02-01,sh.601991,3.08,29.419745,1.202635,0.789303,13.234499,0.097974,1,0
2019-02-11,sh.601991,3.11,29.706301,1.214349,0.796991,13.363406,0.098493,1,0
2019-02-12,sh.601991,3.13,29.897339,1.222158,0.802116,13.449344,0.109475,1,0
2019-02-13,sh.601991,3.15,30.088376,1.229968,0.807241,13.535283,0.168895,1,0
2019-02-14,sh.601991,3.14,29.992857,1.226063,0.804679,13.492314,0.118647,1,0
2019-02-15,sh.601991,3.12,29.80182,1.218254,0.799553,13.406375,0.221266,1,0
2019-02-18,sh.601991,3.18,30.374932,1.241682,0.814929,13.66419,0.359713,1,0
2019-02-19,sh.601991,3.18,30.374932,1.241682,0.814929,13.66419,0.203938,1,0
2019-02-20,sh.601991,3.2,30.565969,1.249491,0.820055,13.750129,0.16121,1,0
2019-02-21,sh.601991,3.16,30.183895,1.233872,0.809804,13.578252,0.222627,1,0
2019-02-22,sh.601991,3.2,30.565969,1.249491,0.820055,13.750129,0.128543,1,0
2019-02-25,sh.601991,3.33,31.807712,1.300251,0.853369,14.308728,0.450797,1,0
2019-02-26,sh.601991,3.34,31.90323,1.304156,0.855932,14.351697,0.489909,1,0
2019-02-27,sh.601991,3.38,32.285305,1.319775,0.866183,14.523573,0.387784,1,0
2019-02-28,sh.601991,3.35,31.998749,1.308061,0.858495,14.394666,0.192701,1,0
2019-03-01,sh.601991,3.37,32.189786,1.31587,0.86362,14.480604,0.194652,1,0
2019-03-04,sh.601991,3.39,32.380824,1.323679,0.868745,14.566542,0.376454,1,0
2019-03-05,sh.601991,3.45,32.953936,1.347107,0.884121,14.824357,0.305489,1,0
2019-03-06,sh.601991,3.54,33.813603,1.382249,0.907185,15.21108,0.436061,1,0
2019-03-07,sh.601991,3.57,34.100159,1.393963,0.914873,15.339987,0.392552,1,0
2019-03-08,sh.601991,3.38,32.285305,1.319775,0.866183,14.523573,0.327213,1,0
2019-03-11,sh.601991,3.52,33.622566,1.37444,0.90206,15.125141,0.268244,1,0
2019-03-12,sh.601991,3.57,34.100159,1.393963,0.914873,15.339987,0.478024,1,0
2019-03-13,sh.601991,3.49,33.33601,1.362726,0.894372,14.996234,0.272107,1,0
2019-03-14,sh.601991,3.41,32.571861,1.331489,0.873871,14.652481,0.182152,1,0
2019-03-15,sh.601991,3.42,32.66738,1.335393,0.876433,14.69545,0.160895,1,0
2019-03-18,sh.601991,3.49,33.33601,1.362726,0.894372,14.996234,0.179043,1,0
2019-03-19,sh.601991,3.51,33.527047,1.370535,0.899497,15.082172,0.194223,1,0
2019-03-20,sh.601991,3.48,33.240491,1.358821,0.891809,14.953265,0.198276,1,0
2019-03-21,sh.601991,3.49,33.33601,1.362726,0.894372,14.996234,0.205018,1,0
2019-03-22,sh.601991,3.55,33.909122,1.386154,0.909748,15.254049,0.246422,1,0
2019-03-25,sh.601991,3.5,33.431529,1.366631,0.896935,15.039203,0.205269,1,0
2019-03-26,sh.601991,3.4,32.476342,1.327584,0.871308,14.609512,0.231929,1,0
2019-03-27,sh.601991,3.37,32.189786,1.31587,0.86362,14.480604,0.141303,1,0
2019-03-28,sh.601991,3.34,31.90323,1.304156,0.855932,14.351697,0.122997,1,0
2019-03-29,sh.601991,3.42,51.261431,1.402562,0.67773,11.842165,0.162244,1,0
2019-04-01,sh.601991,3.49,52.310641,1.43127,0.691602,12.084549,0.2838,1,0
2019-04-02,sh.601991,3.5,52.460529,1.435371,0.693583,12.119175,0.218663,1,0
2019-04-03,sh.601991,3.52,52.760303,1.443573,0.697547,12.188427,0.208968,1,0
2019-04-04,sh.601991,3.55,53.209965,1.455876,0.703492,12.292306,0.31306,1,0
2019-04-08,sh.601991,3.54,53.060077,1.451775,0.70151,12.25768,0.241777,1,0
2019-04-09,sh.601991,3.53,52.91019,1.447674,0.699528,12.223053,0.169611,1,0
2019-04-10,sh.601991,3.49,52.310641,1.43127,0.691602,12.084549,0.197026,1,0
2019-04-11,sh.601991,3.53,52.91019,1.447674,0.699528,12.223053,0.295422,1,0
2019-04-12,sh.601991,3.56,53.359852,1.459977,0.705473,12.326932,0.34877,1,0
2019-04-15,sh.601991,3.49,52.310641,1.43127,0.691602,12.084549,0.31159,1,0
2019-04-16,sh.601991,3.53,52.91019,1.447674,0.699528,12.223053,0.237936,1,0
2019-04-17,sh.601991,3.53,52.91019,1.447674,0.699528,12.223053,0.197893,1,0
2019-04-18,sh.601991,3.54,53.060077,1.451775,0.70151,12.25768,0.206276,1,0
2019-04-19,sh.601991,3.55,53.209965,1.455876,0.703492,12.292306,0.166225,1,0
2019-04-22,sh.601991,3.49,52.310641,1.43127,0.691602,12.084549,0.211102,1,0
2019-04-23,sh.601991,3.45,51.711092,1.414865,0.683675,11.946044,0.173853,1,0
2019-04-24,sh.601991,3.46,51.86098,1.418967,0.685657,11.98067,0.129741,1,0
2019-04-25,sh.601991,3.4,50.961656,1.39436,0.673767,11.772913,0.139856,1,0
2019-04-26,sh.601991,3.33,49.912446,1.365653,0.659895,11.530529,0.17279,1,0
2019-04-29,sh.601991,3.29,49.312897,1.349249,0.651968,11.392024,0.139481,1,0
2019-04-30,sh.601991,3.32,48.085178,1.34963,0.659574,-4.114212,0.134082,1,0
2019-05-06,sh.601991,3.15,45.622985,1.280522,0.6258,-3.903544,0.229455,1,0
2019-05-07,sh.601991,3.19,46.202325,1.296783,0.633747,-3.953113,0.200916,1,0
2019-05-08,sh.601991,3.18,46.05749,1.292718,0.63176,-3.940721,0.078879,1,0
2019-05-09,sh.601991,3.16,45.76782,1.284588,0.627787,-3.915936,0.081264,1,0
2019-05-10,sh.601991,3.21,46.491994,1.304913,0.63772,-3.977897,0.115312,1,0
2019-05-13,sh.601991,3.18,46.05749,1.292718,0.63176,-3.940721,0.069659,1,0
2019-05-14,sh.601991,3.16,45.76782,1.284588,0.627787,-3.915936,0.061153,1,0
2019-05-15,sh.601991,3.21,46.491994,1.304913,0.63772,-3.977897,0.105796,1,0
2019-05-16,sh.601991,3.21,46.491994,1.304913,0.63772,-3.977897,0.076315,1,0
2019-05-17,sh.601991,3.15,45.622985,1.280522,0.6258,-3.903544,0.082216,1,0
2019-05-20,sh.601991,3.14,45.47815,1.276457,0.623814,-3.891152,0.064816,1,0
2019-05-21,sh.601991,3.17,45.912655,1.288653,0.629774,-3.928329,0.058329,1,0
2019-05-22,sh.601991,3.15,45.622985,1.280522,0.6258,-3.903544,0.079969,1,0
2019-05-23,sh.601991,3.13,45.333315,1.272392,0.621827,-3.87876,0.07601,1,0
2019-05-24,sh.601991,3.12,45.188481,1.268327,0.61984,-3.866368,0.055659,1,0
2019-05-27,sh.601991,3.15,45.622985,1.280522,0.6258,-3.903544,0.0856,1,0
2019-05-28,sh.601991,3.14,45.47815,1.276457,0.623814,-3.891152,0.076211,1,0
2019-05-29,sh.601991,3.15,45.622985,1.280522,0.6258,-3.903544,0.089299,1,0
2019-05-30,sh.601991,3.16,45.76782,1.284588,0.627787,-3.915936,0.070333,1,0
2019-05-31,sh.601991,3.17,45.912655,1.288653,0.629774,-3.928329,0.093693,1,0
2019-06-03,sh.601991,3.19,46.202325,1.296783,0.633747,-3.953113,0.12397,1,0
2019-06-04,sh.601991,3.15,45.622985,1.280522,0.6258,-3.903544,0.090829,1,0
2019-06-05,sh.601991,3.16,45.76782,1.284588,0.627787,-3.915936,0.103117,1,0
2019-06-06,sh.601991,3.16,45.76782,1.284588,0.627787,-3.915936,0.069936,1,0
2019-06-10,sh.601991,3.15,45.622985,1.280522,0.6258,-3.903544,0.100045,1,0
2019-06-11,sh.601991,3.2,46.34716,1.300848,0.635734,-3.965505,0.18692,1,0
2019-06-12,sh.601991,3.16,45.76782,1.284588,0.627787,-3.915936,0.158794,1,0
2019-06-13,sh.601991,3.15,45.622985,1.280522,0.6258,-3.903544,0.137665,1,0
2019-06-14,sh.601991,3.09,44.753976,1.256132,0.61388,-3.829191,0.240651,1,0
2019-06-17,sh.601991,3.07,44.464306,1.248001,0.609907,-3.804407,0.16269,1,0
2019-06-18,sh.601991,3.05,44.174637,1.239871,0.605934,-3.779622,0.111421,1,0
2019-06-19,sh.601991,3.06,44.319471,1.243936,0.60792,-3.792014,0.126959,1,0
2019-06-20,sh.601991,3.11,45.043646,1.264262,0.617854,-3.853975,0.16312,1,0
2019-06-21,sh.601991,3.12,45.188481,1.268327,0.61984,-3.866368,0.184883,1,0
2019-06-24,sh.601991,3.12,45.188481,1.268327,0.61984,-3.866368,0.167812,1,0
2019-06-25,sh.601991,3.1,44.898811,1.260197,0.615867,-3.841583,0.111765,1,0
2019-06-26,sh.601991,3.1,44.898811,1.260197,0.615867,-3.841583,0.077906,1,0
2019-06-27,sh.601991,3.1,44.898811,1.260197,0.615867,-3.841583,0.066082,1,0
2019-06-28,sh.601991,3.09,44.753976,1.256132,0.61388,-3.829191,0.133456,1,0
2019-07-01,sh.601991,3.13,45.333315,1.272392,0.621827,-3.87876,0.126812,1,0
2019-07-02,sh.601991,3.13,45.333315,1.272392,0.621827,-3.87876,0.077087,1,0
2019-07-03,sh.601991,3.1,44.898811,1.260197,0.615867,-3.841583,0.082342,1,0
2019-07-04,sh.601991,3.09,44.753976,1.256132,0.61388,-3.829191,0.07333,1,0
2019-07-05,sh.601991,3.09,44.753976,1.256132,0.61388,-3.829191,0.056446,1,0
2019-07-08,sh.601991,3.03,43.884967,1.231741,0.60196,-3.754838,0.141388,1,0
2019-07-09,sh.601991,3.02,43.740132,1.227675,0.599974,-3.742446,0.076528,1,0
2019-07-10,sh.601991,3.01,43.595297,1.22361,0.597987,-3.730053,0.067376,1,0
2019-07-11,sh.601991,3.01,43.595297,1.22361,0.597987,-3.730053,0.063619,1,0
2019-07-12,sh.601991,3.01,43.595297,1.22361,0.597987,-3.730053,0.062302,1,0
2019-07-15,sh.601991,3.02,43.740132,1.227675,0.599974,-3.742446,0.078491,1,0
2019-07-16,sh.601991,3.02,43.740132,1.227675,0.599974,-3.742446,0.030875,1,0
2019-07-17,sh.601991,3.0,43.450462,1.219545,0.596,-3.717661,0.064427,1,0
2019-07-18,sh.601991,2.99,43.305627,1.21548,0.594014,-3.705269,0.067802,1,0
2019-07-19,sh.601991,3.0,43.450462,1.219545,0.596,-3.717661,0.048909,1,0
2019-07-22,sh.601991,2.97,43.015958,1.20735,0.59004,-3.680485,0.083365,1,0
2019-07-23,sh.601991,2.97,43.015958,1.20735,0.59004,-3.680485,0.065529,1,0
2019-07-24,sh.601991,2.99,43.305627,1.21548,0.594014,-3.705269,0.098393,1,0
2019-07-25,sh.601991,2.99,43.305627,1.21548,0.594014,-3.705269,0.072482,1,0
2019-07-26,sh.601991,3.0,43.450462,1.219545,0.596,-3.717661,0.0581,1,0
2019-07-29,sh.601991,3.02,43.740132,1.227675,0.599974,-3.742446,0.062367,1,0
2019-07-30,sh.601991,3.02,43.740132,1.227675,0.599974,-3.742446,0.0746,1,0
2019-07-31,sh.601991,3.0,43.450462,1.219545,0.596,-3.717661,0.0529,1,0
2019-08-01,sh.601991,2.99,43.305627,1.21548,0.594014,-3.705269,0.0876,1,0
2019-08-02,sh.601991,2.95,42.726288,1.199219,0.586067,-3.6557,0.1403,1,0
2019-08-05,sh.601991,2.94,42.581453,1.195154,0.58408,-3.643308,0.0869,1,0
2019-08-06,sh.601991,2.85,41.277939,1.158568,0.5662,-3.531778,0.1512,1,0
2019-08-07,sh.601991,2.86,41.422774,1.162633,0.568187,-3.54417,0.0722,1,0
2019-08-08,sh.601991,2.85,41.277939,1.158568,0.5662,-3.531778,0.061,1,0
2019-08-09,sh.601991,2.82,40.843434,1.146372,0.56024,-3.494601,0.0622,1,0
2019-08-12,sh.601991,2.81,40.6986,1.142307,0.558254,-3.482209,0.1376,1,0
2019-08-13,sh.601991,2.8,40.553765,1.138242,0.556267,-3.469817,0.0539,1,0
2019-08-14,sh.601991,2.81,40.6986,1.142307,0.558254,-3.482209,0.0421,1,0
2019-08-15,sh.601991,2.82,40.843434,1.146372,0.56024,-3.494601,0.0748,1,0
2019-08-16,sh.601991,2.82,40.843434,1.146372,0.56024,-3.494601,0.0563,1,0
2019-08-19,sh.601991,2.86,41.422774,1.162633,0.568187,-3.54417,0.0814,1,0
2019-08-20,sh.601991,2.9,42.002113,1.178894,0.576134,-3.593739,0.1233,1,0
2019-08-21,sh.601991,2.9,42.002113,1.178894,0.576134,-3.593739,0.0652,1,0
2019-08-22,sh.601991,2.89,41.857279,1.174829,0.574147,-3.581347,0.0837,1,0
2019-08-23,sh.601991,2.77,40.11926,1.126047,0.550307,-3.43264,0.0709,1,0
2019-08-26,sh.601991,2.71,39.250251,1.101656,0.538387,-3.358287,0.0902,1,0
2019-08-27,sh.601991,2.75,39.82959,1.117916,0.546334,-3.407856,0.0675,1,0
2019-08-28,sh.601991,2.75,39.82959,1.117916,0.546334,-3.407856,0.0616,1,0
2019-08-29,sh.601991,2.73,39.539921,1.109786,0.54236,-3.383072,0.0762,1,0
2019-08-30,sh.601991,2.72,39.395086,1.105721,0.540374,-3.370679,0.0615,1,0
2019-09-02,sh.601991,2.75,69.540827,1.158877,0.547909,-12.788881,0.0928,1,0
2019-09-03,sh.601991,2.74,69.287951,1.154663,0.545917,-12.742376,0.0625,1,0
2019-09-04,sh.601991,2.75,69.540827,1.158877,0.547909,-12.788881,0.1121,1,0
2019-09-05,sh.601991,2.79,70.552329,1.175733,0.555879,-12.974901,0.2462,1,0
2019-09-06,sh.601991,2.78,70.299454,1.171519,0.553886,-12.928396,0.0894,1,0
2019-09-09,sh.601991,2.8,70.805205,1.179947,0.557871,-13.021406,0.0824,1,0
2019-09-10,sh.601991,2.81,71.058081,1.184161,0.559864,-13.067911,0.0727,1,0
2019-09-11,sh.601991,2.78,70.299454,1.171519,0.553886,-12.928396,0.0931,1,0
2019-09-12,sh.601991,2.8,70.805205,1.179947,0.557871,-13.021406,0.0964,1,0
2019-09-16,sh.601991,2.8,70.805205,1.179947,0.557871,-13.021406,0.136,1,0
2019-09-17,sh.601991,2.75,69.540827,1.158877,0.547909,-12.788881,0.1071,1,0
2019-09-18,sh.601991,2.74,69.287951,1.154663,0.545917,-12.742376,0.1145,1,0
2019-09-19,sh.601991,2.75,69.540827,1.158877,0.547909,-12.788881,0.0567,1,0
2019-09-20,sh.601991,2.74,69.287951,1.154663,0.545917,-12.742376,0.099,1,0
2019-09-23,sh.601991,2.72,68.782199,1.146235,0.541932,-12.649366,0.0584,1,0
2019-09-24,sh.601991,2.72,68.782199,1.146235,0.541932,-12.649366,0.0463,1,0
2019-09-25,sh.601991,2.72,68.782199,1.146235,0.541932,-12.649366,0.0698,1,0
2019-09-26,sh.601991,2.69,68.023572,1.133592,0.535955,-12.509851,0.0707,1,0
2019-09-27,sh.601991,2.7,68.276448,1.137806,0.537947,-12.556356,0.0686,1,0
2019-09-30,sh.601991,2.68,67.770696,1.129378,0.533962,-12.463346,0.0493,1,0
2019-10-08,sh.601991,2.68,67.770696,1.129378,0.533962,-12.463346,0.052,1,0
2019-10-09,sh.601991,2.68,67.770696,1.129378,0.533962,-12.463346,0.065,1,0
2019-10-10,sh.601991,2.69,68.023572,1.133592,0.535955,-12.509851,0.0608,1,0
2019-10-11,sh.601991,2.69,68.023572,1.133592,0.535955,-12.509851,0.0686,1,0
2019-10-14,sh.601991,2.72,68.782199,1.146235,0.541932,-12.649366,0.1068,1,0
2019-10-15,sh.601991,2.71,68.529324,1.14202,0.53994,-12.602861,0.057,1,0
2019-10-16,sh.601991,2.72,68.782199,1.146235,0.541932,-12.649366,0.1167,1,0
2019-10-17,sh.601991,2.7,68.276448,1.137806,0.537947,-12.556356,0.0452,1,0
2019-10-18,sh.601991,2.67,67.517821,1.125164,0.53197,-12.416841,0.0883,1,0
2019-10-21,sh.601991,2.63,66.506318,1.108308,0.524,-12.230821,0.0811,1,0
2019-10-22,sh.601991,2.64,66.759193,1.112522,0.525993,-12.277326,0.0804,1,0
2019-10-23,sh.601991,2.62,66.253442,1.104094,0.522008,-12.184316,0.0767,1,0
2019-10-24,sh.601991,2.61,66.000566,1.09988,0.520016,-12.137811,0.0824,1,0
2019-10-25,sh.601991,2.61,66.000566,1.09988,0.520016,-12.137811,0.1005,1,0
2019-10-28,sh.601991,2.62,66.253442,1.104094,0.522008,-12.184316,0.1101,1,0
2019-10-29,sh.601991,2.59,65.494815,1.091451,0.516031,-12.044801,0.0807,1,0
2019-10-30,sh.601991,2.53,63.97756,1.066167,0.504077,-11.76577,0.1262,1,0
2019-10-31,sh.601991,2.5,48.937284,1.08346,0.495712,-60.78472,0.1033,1,0
2019-11-01,sh.601991,2.51,49.133033,1.087794,0.497694,-61.027859,0.0592,1,0
2019-11-04,sh.601991,2.51,49.133033,1.087794,0.497694,-61.027859,0.0722,1,0
2019-11-05,sh.601991,2.53,49.524531,1.096462,0.50166,-61.514137,0.0993,1,0
2019-11-06,sh.601991,2.51,49.133033,1.087794,0.497694,-61.027859,0.0606,1,0
2019-11-07,sh.601991,2.5,48.937284,1.08346,0.495712,-60.78472,0.0493,1,0
2019-11-08,sh.601991,2.5,48.937284,1.08346,0.495712,-60.78472,0.043,1,0
2019-11-11,sh.601991,2.42,47.371291,1.04879,0.479849,-58.839609,0.1098,1,0
2019-11-12,sh.601991,2.42,47.371291,1.04879,0.479849,-58.839609,0.0721,1,0
2019-11-13,sh.601991,2.39,46.784043,1.035788,0.4739,-58.110193,0.0852,1,0
2019-11-14,sh.601991,2.39,46.784043,1.035788,0.4739,-58.110193,0.0643,1,0
2019-11-15,sh.601991,2.37,46.392545,1.02712,0.469935,-57.623915,0.0767,1,0
2019-11-18,sh.601991,2.4,46.979792,1.040122,0.475883,-58.353332,0.0766,1,0
2019-11-19,sh.601991,2.41,47.175542,1.044456,0.477866,-58.596471,0.0731,1,0
2019-11-20,sh.601991,2.4,46.979792,1.040122,0.475883,-58.353332,0.0731,1,0
2019-11-21,sh.601991,2.4,46.979792,1.040122,0.475883,-58.353332,0.0699,1,0
2019-11-22,sh.601991,2.42,47.371291,1.04879,0.479849,-58.839609,0.1132,1,0
2019-11-25,sh.601991,2.49,48.741535,1.079127,0.493729,-60.541582,0.1518,1,0
2019-11-26,sh.601991,2.46,48.154287,1.066125,0.48778,-59.812165,0.1091,1,0
2019-11-27,sh.601991,2.45,47.958538,1.061791,0.485797,-59.569026,0.0491,1,0
2019-11-28,sh.601991,2.44,47.762789,1.057457,0.483814,-59.325887,0.0568,1,0
2019-11-29,sh.601991,2.42,47.371291,1.04879,0.479849,-58.839609,0.0637,1,0
2019-12-02,sh.601991,2.41,47.175542,1.044456,0.477866,-58.596471,0.0647,1,0
2019-12-03,sh.601991,2.43,47.56704,1.053124,0.481832,-59.082748,0.1093,1,0
2019-12-04,sh.601991,2.44,47.762789,1.057457,0.483814,-59.325887,0.0692,1,0
2019-12-05,sh.601991,2.46,48.154287,1.066125,0.48778,-59.812165,0.0496,1,0
2019-12-06,sh.601991,2.44,47.762789,1.057457,0.483814,-59.325887,0.0503,1,0
2019-12-09,sh.601991,2.44,47.762789,1.057457,0.483814,-59.325887,0.0645,1,0
2019-12-10,sh.601991,2.42,47.371291,1.04879,0.479849,-58.839609,0.0932,1,0
2019-12-11,sh.601991,2.4,46.979792,1.040122,0.475883,-58.353332,0.1186,1,0
2019-12-12,sh.601991,2.39,46.784043,1.035788,0.4739,-58.110193,0.0742,1,0
2019-12-13,sh.601991,2.42,47.371291,1.04879,0.479849,-58.839609,0.1493,1,0
2019-12-16,sh.601991,2.42,47.371291,1.04879,0.479849,-58.839609,0.1283,1,0
2019-12-17,sh.601991,2.46,48.154287,1.066125,0.48778,-59.812165,0.2455,1,0
2019-12-18,sh.601991,2.46,48.154287,1.066125,0.48778,-59.812165,0.1193,1,0
2019-12-19,sh.601991,2.47,48.350036,1.070459,0.489763,-60.055304,0.1027,1,0
2019-12-20,sh.601991,2.46,48.154287,1.066125,0.48778,-59.812165,0.1246,1,0
2019-12-23,sh.601991,2.41,47.175542,1.044456,0.477866,-58.596471,0.148,1,0
2019-12-24,sh.601991,2.42,47.371291,1.04879,0.479849,-58.839609,0.0778,1,0
2019-12-25,sh.601991,2.43,47.56704,1.053124,0.481832,-59.082748,0.0841,1,0
2019-12-26,sh.601991,2.44,47.762789,1.057457,0.483814,-59.325887,0.096,1,0
2019-12-27,sh.601991,2.43,47.56704,1.053124,0.481832,-59.082748,0.1676,1,0
2019-12-30,sh.601991,2.44,47.762789,1.057457,0.483814,-59.325887,0.1307,1,0
2019-12-31,sh.601991,2.45,47.958538,1.061791,0.485797,-59.569026,0.1177,1,0
2020-01-02,sh.601991,2.48,48.545786,1.074793,0.491746,-60.298443,0.1608,1,0
2020-01-03,sh.601991,2.5,48.937284,1.08346,0.495712,-60.78472,0.1336,1,0
2020-01-06,sh.601991,2.49,48.741535,1.079127,0.493729,-60.541582,0.1881,1,0
2020-01-07,sh.601991,2.53,49.524531,1.096462,0.50166,-61.514137,0.1479,1,0
2020-01-08,sh.601991,2.47,48.350036,1.070459,0.489763,-60.055304,0.1716,1,0
2020-01-09,sh.601991,2.49,48.741535,1.079127,0.493729,-60.541582,0.1631,1,0
2020-01-10,sh.601991,2.48,48.545786,1.074793,0.491746,-60.298443,0.1047,1,0
2020-01-13,sh.601991,2.47,48.350036,1.070459,0.489763,-60.055304,0.1596,1,0
2020-01-14,sh.601991,2.47,48.350036,1.070459,0.489763,-60.055304,0.1419,1,0
2020-01-15,sh.601991,2.42,47.371291,1.04879,0.479849,-58.839609,0.2599,1,0
2020-01-16,sh.601991,2.38,46.588294,1.031454,0.471917,-57.867054,0.166,1,0
2020-01-17,sh.601991,2.37,46.392545,1.02712,0.469935,-57.623915,0.0723,1,0
2020-01-20,sh.601991,2.39,46.784043,1.035788,0.4739,-58.110193,0.0765,1,0
2020-01-21,sh.601991,2.39,46.784043,1.035788,0.4739,-58.110193,0.1056,1,0
2020-01-22,sh.601991,2.39,46.784043,1.035788,0.4739,-58.110193,0.0801,1,0
2020-01-23,sh.601991,2.33,45.609549,1.009785,0.462003,-56.651359,0.1448,1,0
2020-02-03,sh.601991,2.1,41.107318,0.910107,0.416398,-51.059165,0.1734,1,0
2020-02-04,sh.601991,2.05,40.128573,0.888438,0.406483,-49.843471,0.2164,1,0
2020-02-05,sh.601991,2.08,40.71582,0.901439,0.412432,-50.572887,0.1426,1,0
2020-02-06,sh.601991,2.09,40.911569,0.905773,0.414415,-50.816026,0.1596,1,0
2020-02-07,sh.601991,2.1,41.107318,0.910107,0.416398,-51.059165,0.1161,1,0
2020-02-10,sh.601991,2.12,41.498817,0.918774,0.420363,-51.545443,0.122,1,0
2020-02-11,sh.601991,2.15,42.086064,0.931776,0.426312,-52.27486,0.1388,1,0
2020-02-12,sh.601991,2.16,42.281813,0.93611,0.428295,-52.517998,0.0851,1,0
2020-02-13,sh.601991,2.12,41.498817,0.918774,0.420363,-51.545443,0.1225,1,0
2020-02-14,sh.601991,2.13,41.694566,0.923108,0.422346,-51.788582,0.0917,1,0
2020-02-17,sh.601991,2.18,42.673312,0.944777,0.43226,-53.004276,0.1551,1,0
2020-02-18,sh.601991,2.19,42.869061,0.949111,0.434243,-53.247415,0.1354,1,0
2020-02-19,sh.601991,2.18,42.869061,0.949111,0.434243,-53.247415,0.1044,1,0
2020-02-20,sh.601991,2.23,43.652057,0.966447,0.442175,-54.219971,0.1486,1,0
2020-02-21,sh.601991,2.25,44.043555,0.975114,0.44614,-54.706248,0.1454,1,0
2020-02-24,sh.601991,2.24,43.847806,0.970781,0.444158,-54.46311,0.1408,1,0
2020-02-25,sh.601991,2.19,42.869061,0.949111,0.434243,-53.247415,0.165,1,0
2020-02-26,sh.601991,2.22,43.456308,0.962113,0.440192,-53.976832,0.1863,1,0
2020-02-27,sh.601991,2.22,43.456308,0.962113,0.440192,-53.976832,0.1344,1,0
2020-02-28,sh.601991,2.17,42.477562,0.940444,0.430278,-52.761137,0.1658,1,0
2020-03-02,sh.601991,2.25,44.043555,0.975114,0.44614,-54.706248,0.1542,1,0
2020-03-03,sh.601991,2.24,43.847806,0.970781,0.444158,-54.46311,0.133,1,0
2020-03-04,sh.601991,2.25,44.043555,0.975114,0.44614,-54.706248,0.1224,1,0
2020-03-05,sh.601991,2.28,44.630803,0.988116,0.452089,-55.435665,0.1873,1,0
2020-03-06,sh.601991,2.24,43.847806,0.970781,0.444158,-54.46311,0.1843,1,0
2020-03-09,sh.601991,2.22,43.456308,0.962113,0.440192,-53.976832,0.1301,1,0
2020-03-10,sh.601991,2.23,43.652057,0.966447,0.442175,-54.219971,0.1418,1,0
2020-03-11,sh.601991,2.21,43.260559,0.957779,0.438209,-53.733693,0.1297,1,0
2020-03-12,sh.601991,2.16,42.281813,0.93611,0.428295,-52.517998,0.1535,1,0
2020-03-13,sh.601991,2.13,41.694566,0.923108,0.422346,-51.788582,0.1695,1,0
2020-03-16,sh.601991,2.1,41.107318,0.910107,0.416398,-51.059165,0.1276,1,0
2020-03-17,sh.601991,2.11,41.303068,0.914441,0.418381,-51.302304,0.1378,1,0
2020-03-18,sh.601991,2.1,41.107318,0.910107,0.416398,-51.059165,0.1082,1,0
2020-03-19,sh.601991,2.08,40.71582,0.901439,0.412432,-50.572887,0.1363,1,0
2020-03-20,sh.601991,2.11,41.303068,0.914441,0.418381,-51.302304,0.1052,1,0
2020-03-23,sh.601991,2.04,39.932824,0.884104,0.404501,-49.600332,0.0994,1,0
2020-03-24,sh.601991,2.06,40.324322,0.892771,0.408466,-50.08661,0.1018,1,0
2020-03-25,sh.601991,2.09,40.911569,0.905773,0.414415,-50.816026,0.0658,1,0
2020-03-26,sh.601991,2.06,40.324322,0.892771,0.408466,-50.08661,0.0629,1,0
2020-03-27,sh.601991,2.07,40.520071,0.897105,0.410449,-50.329749,0.0755,1,0
2020-03-30,sh.601991,2.05,40.128573,0.888438,0.406483,-49.843471,0.084,1,0
2020-03-31,sh.601991,2.05,35.596306,0.90589,0.39746,-11.103824,0.0718,1,0
2020-04-01,sh.601991,2.04,35.422666,0.901471,0.395521,-11.049659,0.06,1,0
2020-04-02,sh.601991,2.07,35.943587,0.914728,0.401338,-11.212154,0.074,1,0
2020-04-03,sh.601991,2.06,35.769947,0.910309,0.399399,-11.157989,0.0504,1,0
2020-04-07,sh.601991,2.09,36.290868,0.923566,0.405215,-11.320484,0.0723,1,0
2020-04-08,sh.601991,2.08,36.117228,0.919147,0.403276,-11.266319,0.0548,1,0
2020-04-09,sh.601991,2.08,36.117228,0.919147,0.403276,-11.266319,0.0378,1,0
2020-04-10,sh.601991,2.07,35.943587,0.914728,0.401338,-11.212154,0.0429,1,0
2020-04-13,sh.601991,2.05,35.596306,0.90589,0.39746,-11.103824,0.0313,1,0
2020-04-14,sh.601991,2.06,35.769947,0.910309,0.399399,-11.157989,0.0433,1,0
2020-04-15,sh.601991,2.09,36.290868,0.923566,0.405215,-11.320484,0.1053,1,0
2020-04-16,sh.601991,2.25,39.069116,0.99427,0.436236,-12.187124,0.6305,1,0
2020-04-17,sh.601991,2.15,37.332711,0.95008,0.416848,-11.645474,0.3588,1,0
2020-04-20,sh.601991,2.14,37.159071,0.945661,0.414909,-11.591309,0.1404,1,0
2020-04-21,sh.601991,2.12,36.81179,0.936823,0.411032,-11.482979,0.1113,1,0
2020-04-22,sh.601991,2.13,36.98543,0.941242,0.41297,-11.537144,0.1019,1,0
2020-04-23,sh.601991,2.12,36.81179,0.936823,0.411032,-11.482979,0.0912,1,0
2020-04-24,sh.601991,2.09,36.290868,0.923566,0.405215,-11.320484,0.0827,1,0
2020-04-27,sh.601991,2.12,36.81179,0.936823,0.411032,-11.482979,0.0708,1,0
2020-04-28,sh.601991,2.07,35.943587,0.914728,0.401338,-11.212154,0.1041,1,0
2020-04-29,sh.601991,2.08,36.117228,0.919147,0.403276,-11.266319,0.0553,1,0
2020-04-30,sh.601991,2.14,29.511556,0.935414,0.417223,24.931735,0.1564,1,0
2020-05-06,sh.601991,2.14,29.511556,0.935414,0.417223,24.931735,0.099,1,0
2020-05-07,sh.601991,2.13,29.373651,0.931043,0.415273,24.815232,0.0755,1,0
2020-05-08,sh.601991,2.15,29.64946,0.939785,0.419172,25.048239,0.0763,1,0
2020-05-11,sh.601991,2.14,29.511556,0.935414,0.417223,24.931735,0.0795,1,0
2020-05-12,sh.601991,2.13,29.373651,0.931043,0.415273,24.815232,0.0587,1,0
2020-05-13,sh.601991,2.12,29.235747,0.926672,0.413323,24.698728,0.0699,1,0
2020-05-14,sh.601991,2.1,28.959938,0.91793,0.409424,24.465721,0.0474,1,0
2020-05-15,sh.601991,2.12,29.235747,0.926672,0.413323,24.698728,0.0535,1,0
2020-05-18,sh.601991,2.11,29.097843,0.922301,0.411374,24.582225,0.0576,1,0
2020-05-19,sh.601991,2.09,28.822034,0.913558,0.407474,24.349218,0.0728,1,0
2020-05-20,sh.601991,2.09,28.822034,0.913558,0.407474,24.349218,0.0557,1,0
2020-05-21,sh.601991,2.09,28.822034,0.913558,0.407474,24.349218,0.0537,1,0
2020-05-22,sh.601991,2.07,28.546225,0.904816,0.403575,24.116211,0.068,1,0
2020-05-25,sh.601991,2.09,28.822034,0.913558,0.407474,24.349218,0.0711,1,0
2020-05-26,sh.601991,2.09,28.822034,0.913558,0.407474,24.349218,0.0631,1,0
2020-05-27,sh.601991,2.08,28.684129,0.909187,0.405525,24.232715,0.0554,1,0
2020-05-28,sh.601991,2.08,28.684129,0.909187,0.405525,24.232715,0.0697,1,0
2020-05-29,sh.601991,2.08,28.684129,0.909187,0.405525,24.232715,0.0685,1,0
2020-06-01,sh.601991,2.12,29.235747,0.926672,0.413323,24.698728,0.103,1,0
2020-06-02,sh.601991,2.13,29.373651,0.931043,0.415273,24.815232,0.1121,1,0
2020-06-03,sh.601991,2.13,29.373651,0.931043,0.415273,24.815232,0.0767,1,0
2020-06-04,sh.601991,2.12,29.235747,0.926672,0.413323,24.698728,0.08,1,0
2020-06-05,sh.601991,2.13,29.373651,0.931043,0.415273,24.815232,0.0608,1,0
2020-06-08,sh.601991,2.14,29.511556,0.935414,0.417223,24.931735,0.0687,1,0
2020-06-09,sh.601991,2.14,29.511556,0.935414,0.417223,24.931735,0.0708,1,0
2020-06-10,sh.601991,2.12,29.235747,0.926672,0.413323,24.698728,0.0561,1,0
2020-06-11,sh.601991,2.11,29.097843,0.922301,0.411374,24.582225,0.0555,1,0
2020-06-12,sh.601991,2.1,28.959938,0.91793,0.409424,24.465721,0.0799,1,0
2020-06-15,sh.601991,2.11,29.097843,0.922301,0.411374,24.582225,0.0485,1,0
2020-06-16,sh.601991,2.13,29.373651,0.931043,0.415273,24.815232,0.062,1,0
2020-06-17,sh.601991,2.11,29.097843,0.922301,0.411374,24.582225,0.0533,1,0
2020-06-18,sh.601991,2.16,29.787365,0.944156,0.421122,25.164742,0.1395,1,0
2020-06-19,sh.601991,2.14,29.511556,0.935414,0.417223,24.931735,0.1272,1,0
2020-06-22,sh.601991,2.14,29.511556,0.935414,0.417223,24.931735,0.0955,1,0
2020-06-23,sh.601991,2.12,29.235747,0.926672,0.413323,24.698728,0.0643,1,0
2020-06-24,sh.601991,2.12,29.235747,0.926672,0.413323,24.698728,0.0322,1,0
2020-06-29,sh.601991,2.1,28.959938,0.91793,0.409424,24.465721,0.063,1,0
2020-06-30,sh.601991,2.11,29.097843,0.922301,0.411374,24.582225,0.0376,1,0
2020-07-01,sh.601991,2.13,29.373651,0.931043,0.415273,24.815232,0.0692,1,0
2020-07-02,sh.601991,2.17,29.925269,0.948527,0.423072,25.281245,0.1578,1,0
2020-07-03,sh.601991,2.21,30.476887,0.966012,0.43087,25.747259,0.2366,1,0
2020-07-06,sh.601991,2.36,32.545454,1.031578,0.460115,27.494811,0.4263,1,0
2020-07-07,sh.601991,2.33,32.131741,1.018465,0.454266,27.1453,0.4648,1,0
2020-07-08,sh.601991,2.42,33.372881,1.057804,0.471813,28.193831,0.4762,1,0
2020-07-09,sh.601991,2.47,34.062403,1.07966,0.481561,28.776349,0.5514,1,0
2020-07-10,sh.601991,2.4,33.097072,1.049062,0.467913,27.960824,0.3071,1,0
2020-07-13,sh.601991,2.44,33.64869,1.066547,0.475712,28.426838,0.4258,1,0
2020-07-14,sh.601991,2.4,33.097072,1.049062,0.467913,27.960824,0.3098,1,0
2020-07-15,sh.601991,2.34,32.269645,1.022836,0.456215,27.261804,0.224,1,0
2020-07-16,sh.601991,2.28,31.442218,0.996609,0.444518,26.562783,0.2558,1,0
2020-07-17,sh.601991,2.26,31.16641,0.987867,0.440618,26.329776,0.214,1,0
2020-07-20,sh.601991,2.36,32.545454,1.031578,0.460115,27.494811,0.2228,1,0
2020-07-21,sh.601991,2.35,32.40755,1.027207,0.458165,27.378307,0.1831,1,0
2020-07-22,sh.601991,2.36,32.545454,1.031578,0.460115,27.494811,0.1571,1,0
2020-07-23,sh.601991,2.45,33.786594,1.070918,0.477661,28.543342,0.7219,1,0
2020-07-24,sh.601991,2.37,32.683359,1.035949,0.462064,27.611314,0.356,1,0
2020-07-27,sh.601991,2.34,32.269645,1.022836,0.456215,27.261804,0.1747,1,0
2020-07-28,sh.601991,2.33,32.131741,1.018465,0.454266,27.1453,0.1418,1,0
2020-07-29,sh.601991,2.35,32.40755,1.027207,0.458165,27.378307,0.1263,1,0
2020-07-30,sh.601991,2.37,32.683359,1.035949,0.462064,27.611314,0.1499,1,0
2020-07-31,sh.601991,2.39,32.959168,1.044691,0.465964,27.844321,0.2176,1,0
2020-08-03,sh.601991,2.45,33.786594,1.070918,0.477661,28.543342,0.3072,1,0
2020-08-04,sh.601991,2.43,33.510785,1.062176,0.473762,28.310335,0.2258,1,0
2020-08-05,sh.601991,2.42,33.372881,1.057804,0.471813,28.193831,0.1452,1,0
2020-08-06,sh.601991,2.41,33.234977,1.053433,0.469863,28.077328,0.1325,1,0
2020-08-07,sh.601991,2.4,33.097072,1.049062,0.467913,27.960824,0.1317,1,0
2020-08-10,sh.601991,2.45,33.786594,1.070918,0.477661,28.543342,0.2379,1,0
2020-08-11,sh.601991,2.4,33.097072,1.049062,0.467913,27.960824,0.3122,1,0
2020-08-12,sh.601991,2.43,33.510785,1.062176,0.473762,28.310335,0.1684,1,0
2020-08-13,sh.601991,2.46,33.924499,1.075289,0.479611,28.659845,0.1609,1,0
2020-08-14,sh.601991,2.45,33.786594,1.070918,0.477661,28.543342,0.1352,1,0
2020-08-17,sh.601991,2.48,34.200308,1.084031,0.48351,28.892852,0.1828,1,0
2020-08-18,sh.601991,2.49,34.338212,1.088402,0.48546,29.009355,0.1844,1,0
2020-08-19,sh.601991,2.74,37.785824,1.197679,0.534201,31.921941,1.4664,1,0
2020-08-20,sh.601991,2.63,36.268875,1.149597,0.512755,30.640403,1.1291,1,0
2020-08-21,sh.601991,2.6,35.855161,1.136484,0.506906,30.290893,0.5087,1,0
2020-08-24,sh.601991,2.59,35.717257,1.132113,0.504956,30.17439,0.3711,1,0
2020-08-25,sh.601991,2.56,35.303544,1.119,0.499107,29.824879,0.2742,1,0
2020-08-26,sh.601991,2.53,34.88983,1.105887,0.493259,29.475369,0.2213,1,0
2020-08-27,sh.601991,2.57,35.441448,1.123371,0.501057,29.941383,0.1761,1,0
2020-08-28,sh.601991,2.51,34.614021,1.097144,0.489359,29.242362,0.1947,1,0
2020-08-31,sh.601991,2.46,22.953296,1.087491,0.479778,28.435353,0.251,1,0
2020-09-01,sh.601991,2.44,22.766684,1.07865,0.475878,28.204172,0.2004,1,0
2020-09-02,sh.601991,2.45,22.85999,1.083071,0.477828,28.319763,0.1424,1,0
2020-09-03,sh.601991,2.44,22.766684,1.07865,0.475878,28.204172,0.1509,1,0
2020-09-04,sh.601991,2.42,22.580071,1.069808,0.471977,27.97299,0.1058,1,0
2020-09-07,sh.601991,2.4,22.393459,1.060967,0.468076,27.741808,0.1207,1,0
2020-09-08,sh.601991,2.48,23.139908,1.096333,0.483679,28.666535,0.1978,1,0
2020-09-09,sh.601991,2.51,23.419826,1.109595,0.48953,29.013308,0.3781,1,0
2020-09-10,sh.601991,2.41,22.486765,1.065388,0.470027,27.857399,0.2459,1,0
2020-09-11,sh.601991,2.38,22.206847,1.052126,0.464176,27.510626,0.1577,1,0
2020-09-14,sh.601991,2.37,22.113541,1.047705,0.462225,27.395036,0.1088,1,0
2020-09-15,sh.601991,2.37,22.113541,1.047705,0.462225,27.395036,0.0732,1,0
2020-09-16,sh.601991,2.41,22.486765,1.065388,0.470027,27.857399,0.1281,1,0
2020-09-17,sh.601991,2.38,22.206847,1.052126,0.464176,27.510626,0.0777,1,0
2020-09-18,sh.601991,2.4,22.393459,1.060967,0.468076,27.741808,0.1105,1,0
2020-09-21,sh.601991,2.4,22.393459,1.060967,0.468076,27.741808,0.0684,1,0
2020-09-22,sh.601991,2.36,22.020235,1.043284,0.460275,27.279445,0.0797,1,0
2020-09-23,sh.601991,2.36,22.020235,1.043284,0.460275,27.279445,0.0481,1,0
2020-09-24,sh.601991,2.31,21.553705,1.021181,0.450524,26.70149,0.0999,1,0
2020-09-25,sh.601991,2.29,21.367092,1.012339,0.446623,26.470309,0.0634,1,0
2020-09-28,sh.601991,2.3,21.460398,1.01676,0.448573,26.5859,0.0428,1,0
2020-09-29,sh.601991,2.3,21.460398,1.01676,0.448573,26.5859,0.0562,1,0
2020-09-30,sh.601991,2.27,21.18048,1.003498,0.442722,26.239127,0.0627,1,0
2020-10-09,sh.601991,2.31,21.553705,1.021181,0.450524,26.70149,0.0666,1,0
2020-10-12,sh.601991,2.36,22.020235,1.043284,0.460275,27.279445,0.1144,1,0
2020-10-13,sh.601991,2.35,21.926929,1.038864,0.458325,27.163854,0.0619,1,0
2020-10-14,sh.601991,2.34,21.833623,1.034443,0.456374,27.048263,0.0758,1,0
2020-10-15,sh.601991,2.34,21.833623,1.034443,0.456374,27.048263,0.1089,1,0
2020-10-16,sh.601991,2.36,22.020235,1.043284,0.460275,27.279445,0.0953,1,0
2020-10-19,sh.601991,2.36,22.020235,1.043284,0.460275,27.279445,0.1228,1,0
2020-10-20,sh.601991,2.35,21.926929,1.038864,0.458325,27.163854,0.0672,1,0
2020-10-21,sh.601991,2.31,21.553705,1.021181,0.450524,26.70149,0.1048,1,0
2020-10-22,sh.601991,2.3,21.460398,1.01676,0.448573,26.5859,0.0606,1,0
2020-10-23,sh.601991,2.29,21.367092,1.012339,0.446623,26.470309,0.0426,1,0
2020-10-26,sh.601991,2.27,21.18048,1.003498,0.442722,26.239127,0.0671,1,0
2020-10-27,sh.601991,2.26,21.087174,0.999077,0.440772,26.123536,0.0588,1,0
2020-10-28,sh.601991,2.28,21.273786,1.007919,0.444673,26.354718,0.0578,1,0
2020-10-29,sh.601991,2.28,21.273786,1.007919,0.444673,26.354718,0.055,1,0
2020-10-30,sh.601991,2.22,20.71395,0.981394,0.432971,25.661173,0.0747,1,0
2020-11-02,sh.601991,2.22,18.149196,0.967967,0.430903,-23.114243,0.0827,1,0
2020-11-03,sh.601991,2.25,18.394455,0.981048,0.436726,-23.426598,0.1173,1,0
2020-11-04,sh.601991,2.23,18.230949,0.972328,0.432844,-23.218362,0.0605,1,0
2020-11-05,sh.601991,2.25,18.394455,0.981048,0.436726,-23.426598,0.1015,1,0
2020-11-06,sh.601991,2.27,18.557962,0.989768,0.440608,-23.634834,0.0953,1,0
2020-11-09,sh.601991,2.3,18.803221,1.002849,0.446431,-23.947189,0.144,1,0
2020-11-10,sh.601991,2.31,18.884974,1.007209,0.448372,-24.051307,0.117,1,0
2020-11-11,sh.601991,2.33,19.04848,1.01593,0.452255,-24.259544,0.1163,1,0
2020-11-12,sh.601991,2.27,18.557962,0.989768,0.440608,-23.634834,0.1566,1,0
2020-11-13,sh.601991,2.23,18.230949,0.972328,0.432844,-23.218362,0.206,1,0
2020-11-16,sh.601991,2.27,18.557962,0.989768,0.440608,-23.634834,0.2944,1,0
2020-11-17,sh.601991,2.24,18.312702,0.976688,0.434785,-23.32248,0.2883,1,0
2020-11-18,sh.601991,2.23,18.230949,0.972328,0.432844,-23.218362,0.2785,1,0
2020-11-19,sh.601991,2.24,18.312702,0.976688,0.434785,-23.32248,0.1169,1,0
2020-11-20,sh.601991,2.26,18.476208,0.985408,0.438667,-23.530716,0.1566,1,0
2020-11-23,sh.601991,2.3,18.803221,1.002849,0.446431,-23.947189,0.2724,1,0
2020-11-24,sh.601991,2.3,18.803221,1.002849,0.446431,-23.947189,0.1828,1,0
2020-11-25,sh.601991,2.31,18.884974,1.007209,0.448372,-24.051307,0.3473,1,0
2020-11-26,sh.601991,2.4,19.620752,1.046451,0.465842,-24.988371,0.6499,1,0
2020-11-27,sh.601991,2.38,19.457246,1.037731,0.46196,-24.780135,0.3367,1,0
2020-11-30,sh.601991,2.37,19.375493,1.033371,0.460019,-24.676017,0.2713,1,0
2020-12-01,sh.601991,2.37,19.375493,1.033371,0.460019,-24.676017,0.2479,1,0
2020-12-02,sh.601991,2.36,19.29374,1.02901,0.458078,-24.571898,0.1578,1,0
2020-12-03,sh.601991,2.36,19.29374,1.02901,0.458078,-24.571898,0.1559,1,0
2020-12-04,sh.601991,2.34,19.130233,1.02029,0.454195,-24.363662,0.135,1,0
2020-12-07,sh.601991,2.32,18.966727,1.011569,0.450313,-24.155426,0.128,1,0
2020-12-08,sh.601991,2.3,18.803221,1.002849,0.446431,-23.947189,0.1059,1,0
2020-12-09,sh.601991,2.27,18.557962,0.989768,0.440608,-23.634834,0.147,1,0
2020-12-10,sh.601991,2.29,18.721468,0.998489,0.44449,-23.843071,0.0907,1,0
2020-12-11,sh.601991,2.25,18.394455,0.981048,0.436726,-23.426598,0.1363,1,0
2020-12-14,sh.601991,2.25,18.394455,0.981048,0.436726,-23.426598,0.0865,1,0
2020-12-15,sh.601991,2.25,18.394455,0.981048,0.436726,-23.426598,0.0605,1,0
2020-12-16,sh.601991,2.26,18.476208,0.985408,0.438667,-23.530716,0.0781,1,0
2020-12-17,sh.601991,2.29,18.721468,0.998489,0.44449,-23.843071,0.1304,1,0
2020-12-18,sh.601991,2.34,19.130233,1.02029,0.454195,-24.363662,0.297,1,0
2020-12-21,sh.601991,2.34,19.130233,1.02029,0.454195,-24.363662,0.2087,1,0
2020-12-22,sh.601991,2.26,18.476208,0.985408,0.438667,-23.530716,0.1672,1,0
2020-12-23,sh.601991,2.37,19.375493,1.033371,0.460019,-24.676017,0.5145,1,0
2020-12-24,sh.601991,2.35,19.211987,1.02465,0.456137,-24.46778,0.2317,1,0
2020-12-25,sh.601991,2.39,19.538999,1.042091,0.463901,-24.884253,0.9728,1,0
2020-12-28,sh.601991,2.47,20.193024,1.076973,0.479429,-25.717199,0.8048,1,0
2020-12-29,sh.601991,2.39,19.538999,1.042091,0.463901,-24.884253,0.5318,1,0
2020-12-30,sh.601991,2.39,19.538999,1.042091,0.463901,-24.884253,0.5774,1,0
2020-12-31,sh.601991,2.39,19.538999,1.042091,0.463901,-24.884253,0.4807,1,0
2021-01-04,sh.601991,2.36,19.29374,1.02901,0.458078,-24.571898,0.4053,1,0
2021-01-05,sh.601991,2.31,18.884974,1.007209,0.448372,-24.051307,0.3527,1,0
2021-01-06,sh.601991,2.42,19.784259,1.055172,0.469724,-25.196608,0.5793,1,0
2021-01-07,sh.601991,2.38,19.457246,1.037731,0.46196,-24.780135,0.379,1,0
2021-01-08,sh.601991,2.42,19.784259,1.055172,0.469724,-25.196608,0.391,1,0
2021-01-11,sh.601991,2.35,19.211987,1.02465,0.456137,-24.46778,0.4424,1,0
2021-01-12,sh.601991,2.32,18.966727,1.011569,0.450313,-24.155426,0.3207,1,0
2021-01-13,sh.601991,2.4,19.620752,1.046451,0.465842,-24.988371,0.4835,1,0
2021-01-14,sh.601991,2.41,19.702505,1.050811,0.467783,-25.092489,0.4008,1,0
2021-01-15,sh.601991,2.4,19.620752,1.046451,0.465842,-24.988371,0.2711,1,0
2021-01-18,sh.601991,2.41,19.702505,1.050811,0.467783,-25.092489,0.2601,1,0
2021-01-19,sh.601991,2.49,20.356531,1.085693,0.483311,-25.925435,0.6543,1,0
2021-01-20,sh.601991,2.45,20.029518,1.068252,0.475547,-25.508962,0.3435,1,0
2021-01-21,sh.601991,2.45,20.029518,1.068252,0.475547,-25.508962,0.2453,1,0
2021-01-22,sh.601991,2.42,19.784259,1.055172,0.469724,-25.196608,0.2684,1,0
2021-01-25,sh.601991,2.46,20.111271,1.072612,0.477488,-25.613081,0.3742,1,0
2021-01-26,sh.601991,2.36,19.29374,1.02901,0.458078,-24.571898,0.3439,1,0
2021-01-27,sh.601991,2.32,18.966727,1.011569,0.450313,-24.155426,0.2084,1,0
2021-01-28,sh.601991,2.26,18.476208,0.985408,0.438667,-23.530716,0.2711,1,0
2021-01-29,sh.601991,2.23,18.230949,0.972328,0.432844,-23.218362,0.19,1,0
2021-02-01,sh.601991,2.27,18.557962,0.989768,0.440608,-23.634834,0.1795,1,0
2021-02-02,sh.601991,2.27,18.557962,0.989768,0.440608,-23.634834,0.1431,1,0
2021-02-03,sh.601991,2.24,18.312702,0.976688,0.434785,-23.32248,0.1878,1,0
2021-02-04,sh.601991,2.24,18.312702,0.976688,0.434785,-23.32248,0.158,1,0
2021-02-05,sh.601991,2.23,18.230949,0.972328,0.432844,-23.218362,0.1011,1,0
2021-02-08,sh.601991,2.2,17.98569,0.959247,0.427021,-22.906007,0.1506,1,0
2021-02-09,sh.601991,2.23,18.230949,0.972328,0.432844,-23.218362,0.1142,1,0
2021-02-10,sh.601991,2.25,18.394455,0.981048,0.436726,-23.426598,0.0909,1,0
2021-02-18,sh.601991,2.24,18.312702,0.976688,0.434785,-23.32248,0.4055,1,0
2021-02-19,sh.601991,2.28,18.639715,0.994129,0.442549,-23.738953,0.2658,1,0
2021-02-22,sh.601991,2.35,19.211987,1.02465,0.456137,-24.46778,0.5459,1,0
2021-02-23,sh.601991,2.35,19.211987,1.02465,0.456137,-24.46778,0.3132,1,0
2021-02-24,sh.601991,2.32,18.966727,1.011569,0.450313,-24.155426,0.2618,1,0
2021-02-25,sh.601991,2.31,18.884974,1.007209,0.448372,-24.051307,0.3572,1,0
2021-02-26,sh.601991,2.31,18.884974,1.007209,0.448372,-24.051307,0.2049,1,0
2021-03-01,sh.601991,2.32,18.966727,1.011569,0.450313,-24.155426,0.2396,1,0
2021-03-02,sh.601991,2.36,19.29374,1.02901,0.458078,-24.571898,0.3992,1,0
2021-03-03,sh.601991,2.36,19.29374,1.02901,0.458078,-24.571898,0.4977,1,0
2021-03-04,sh.601991,2.39,19.538999,1.042091,0.463901,-24.884253,0.4524,1,0
2021-03-05,sh.601991,2.38,19.457246,1.037731,0.46196,-24.780135,0.3351,1,0
2021-03-08,sh.601991,2.42,19.784259,1.055172,0.469724,-25.196608,0.8118,1,0
2021-03-09,sh.601991,2.35,19.211987,1.02465,0.456137,-24.46778,0.5564,1,0
2021-03-10,sh.601991,2.45,20.029518,1.068252,0.475547,-25.508962,1.0932,1,0
2021-03-11,sh.601991,2.51,20.520037,1.094413,0.487193,-26.133672,1.1996,1,0
2021-03-12,sh.601991,2.59,21.174062,1.129295,0.502721,-26.966617,1.559,1,0
2021-03-15,sh.601991,2.57,21.010556,1.120575,0.498839,-26.758381,0.9916,1,0
2021-03-16,sh.601991,2.64,21.582828,1.151096,0.512426,-27.487208,1.0018,1,0
2021-03-17,sh.601991,2.54,20.765296,1.107494,0.493016,-26.446026,0.872,1,0
2021-03-18,sh.601991,2.58,21.092309,1.124935,0.50078,-26.862499,0.8935,1,0
2021-03-19,sh.601991,2.84,23.21789,1.238301,0.551246,-29.569573,1.8728,1,0
2021-03-22,sh.601991,3.12,25.506978,1.360386,0.605594,-32.484883,2.5071,1,0
2021-03-23,sh.601991,3.15,25.752237,1.373467,0.611417,-32.797237,4.1871,1,0
2021-03-24,sh.601991,3.13,25.588731,1.364747,0.607535,-32.589001,2.2553,1,0
2021-03-25,sh.601991,2.9,23.708409,1.264462,0.562892,-30.194282,1.6469,1,0
2021-03-26,sh.601991,2.89,23.626656,1.260102,0.560951,-30.090164,1.2768,1,0
2021-03-29,sh.601991,3.0,18.261741,1.331174,0.580667,-517.501342,1.4942,1,0
2021-03-30,sh.601991,2.86,17.409527,1.269052,0.553569,-493.35128,1.2981,1,0
2021-03-31,sh.601991,2.83,17.226909,1.255741,0.547762,-488.176266,1.0056,1,0
2021-04-01,sh.601991,2.85,17.348654,1.264615,0.551634,-491.626275,0.8834,1,0
2021-04-02,sh.601991,2.73,16.618185,1.211368,0.528407,-470.926222,0.8074,1,0
2021-04-06,sh.601991,2.74,16.679057,1.215805,0.530342,-472.651226,0.6554,1,0
2021-04-07,sh.601991,2.79,16.98342,1.237992,0.54002,-481.276248,0.741,1,0
2021-04-08,sh.601991,2.72,16.557312,1.206931,0.526471,-469.201217,0.6548,1,0
2021-04-09,sh.601991,2.73,16.618185,1.211368,0.528407,-470.926222,0.5151,1,0
2021-04-12,sh.601991,2.84,17.287782,1.260178,0.549698,-489.901271,1.1007,1,0
2021-04-13,sh.601991,2.74,16.679057,1.215805,0.530342,-472.651226,0.5967,1,0
2021-04-14,sh.601991,2.7,16.435567,1.198056,0.5226,-465.751208,0.7149,1,0
2021-04-15,sh.601991,2.63,16.00946,1.166996,0.509051,-453.676177,0.3101,1,0
2021-04-16,sh.601991,2.68,16.313822,1.189182,0.518729,-462.301199,0.336,1,0
2021-04-19,sh.601991,2.66,16.192077,1.180307,0.514858,-458.85119,0.3839,1,0
2021-04-20,sh.601991,2.65,16.131205,1.17587,0.512922,-457.126186,0.4016,1,0
2021-04-21,sh.601991,2.61,15.887715,1.158121,0.50518,-450.226168,0.3222,1,0
2021-04-22,sh.601991,2.61,15.887715,1.158121,0.50518,-450.226168,0.2853,1,0
2021-04-23,sh.601991,2.58,15.705098,1.144809,0.499374,-445.051154,0.2519,1,0
2021-04-26,sh.601991,2.53,15.400735,1.122623,0.489696,-436.426132,0.2518,1,0
2021-04-27,sh.601991,2.5,15.218118,1.109311,0.483889,-431.251119,0.3251,1,0
2021-04-28,sh.601991,2.55,15.52248,1.131498,0.493567,-439.876141,0.2599,1,0
2021-04-29,sh.601991,2.57,15.133635,1.12872,0.482511,-27.447918,0.202,1,0
2021-04-30,sh.601991,2.51,14.780321,1.102369,0.471246,-26.80711,0.1891,1,0
2021-05-06,sh.601991,2.61,15.369178,1.146288,0.490021,-27.875123,0.3707,1,0
2021-05-07,sh.601991,2.66,15.663607,1.168247,0.499408,-28.409129,0.4423,1,0
2021-05-10,sh.601991,2.7,15.89915,1.185815,0.506918,-28.836334,0.4149,1,0
2021-05-11,sh.601991,2.7,15.89915,1.185815,0.506918,-28.836334,0.4593,1,0
2021-05-12,sh.601991,2.66,15.663607,1.168247,0.499408,-28.409129,0.3538,1,0
2021-05-13,sh.601991,2.63,15.48695,1.155072,0.493776,-28.088725,0.2231,1,0
2021-05-14,sh.601991,2.63,15.48695,1.155072,0.493776,-28.088725,0.2878,1,0
2021-05-17,sh.601991,2.63,15.48695,1.155072,0.493776,-28.088725,0.3409,1,0
2021-05-18,sh.601991,2.66,15.663607,1.168247,0.499408,-28.409129,0.3235,1,0
2021-05-19,sh.601991,2.7,15.89915,1.185815,0.506918,-28.836334,0.4378,1,0
2021-05-20,sh.601991,2.65,15.604721,1.163855,0.497531,-28.302328,0.3708,1,0
2021-05-21,sh.601991,2.76,16.252464,1.212166,0.518183,-29.477141,0.6712,1,0
2021-05-24,sh.601991,2.71,15.958036,1.190207,0.508796,-28.943135,0.5854,1,0
2021-05-25,sh.601991,2.69,15.840264,1.181423,0.505041,-28.729533,0.3897,1,0
2021-05-26,sh.601991,2.71,15.958036,1.190207,0.508796,-28.943135,0.3826,1,0
2021-05-27,sh.601991,2.7,15.89915,1.185815,0.506918,-28.836334,0.2803,1,0
2021-05-28,sh.601991,2.66,15.663607,1.168247,0.499408,-28.409129,0.2928,1,0
2021-05-31,sh.601991,2.71,15.958036,1.190207,0.508796,-28.943135,0.3405,1,0
2021-06-01,sh.601991,2.68,15.781378,1.177031,0.503163,-28.622731,0.2446,1,0
2021-06-02,sh.601991,2.71,15.958036,1.190207,0.508796,-28.943135,0.3286,1,0
2021-06-03,sh.601991,2.67,15.722493,1.172639,0.501286,-28.51593,0.3011,1,0
2021-06-04,sh.601991,2.6,15.310292,1.141896,0.488143,-27.768321,0.3558,1,0
2021-06-07,sh.601991,2.61,15.369178,1.146288,0.490021,-27.875123,0.171,1,0
2021-06-08,sh.601991,2.59,15.251407,1.137504,0.486266,-27.66152,0.1677,1,0
2021-06-09,sh.601991,2.65,15.604721,1.163855,0.497531,-28.302328,0.2421,1,0
2021-06-10,sh.601991,2.62,15.428064,1.15068,0.491898,-27.981924,0.2369,1,0
2021-06-11,sh.601991,2.64,15.545835,1.159463,0.495653,-28.195526,0.4073,1,0
2021-06-15,sh.601991,2.59,15.251407,1.137504,0.486266,-27.66152,0.2461,1,0
2021-06-16,sh.601991,2.55,15.015864,1.119936,0.478756,-27.234315,0.1871,1,0
2021-06-17,sh.601991,2.56,15.074749,1.124328,0.480633,-27.341117,0.122,1,0
2021-06-18,sh.601991,2.54,14.956978,1.115544,0.476879,-27.127514,0.1817,1,0
2021-06-21,sh.601991,2.57,15.133635,1.12872,0.482511,-27.447918,0.1565,1,0
2021-06-22,sh.601991,2.58,15.192521,1.133112,0.484388,-27.554719,0.1507,1,0
2021-06-23,sh.601991,2.61,15.369178,1.146288,0.490021,-27.875123,0.1803,1,0
2021-06-24,sh.601991,2.62,15.428064,1.15068,0.491898,-27.981924,0.2242,1,0
2021-06-25,sh.601991,2.61,15.369178,1.146288,0.490021,-27.875123,0.1494,1,0
2021-06-28,sh.601991,2.69,15.840264,1.181423,0.505041,-28.729533,0.4412,1,0
2021-06-29,sh.601991,2.64,15.545835,1.159463,0.495653,-28.195526,0.2316,1,0
2021-06-30,sh.601991,2.64,15.545835,1.159463,0.495653,-28.195526,0.1254,1,0
2021-07-01,sh.601991,2.58,15.192521,1.133112,0.484388,-27.554719,0.114,1,0
2021-07-02,sh.601991,2.57,15.133635,1.12872,0.482511,-27.447918,0.0909,1,0
2021-07-05,sh.601991,2.57,15.133635,1.12872,0.482511,-27.447918,0.1545,1,0
2021-07-06,sh.601991,2.61,15.369178,1.146288,0.490021,-27.875123,0.1668,1,0
2021-07-07,sh.601991,2.58,15.192521,1.133112,0.484388,-27.554719,0.1656,1,0
2021-07-08,sh.601991,2.54,14.956978,1.115544,0.476879,-27.127514,0.1936,1,0
2021-07-09,sh.601991,2.55,15.015864,1.119936,0.478756,-27.234315,0.1903,1,0
2021-07-12,sh.601991,2.54,14.956978,1.115544,0.476879,-27.127514,0.2095,1,0
2021-07-13,sh.601991,2.57,15.133635,1.12872,0.482511,-27.447918,0.2249,1,0
2021-07-14,sh.601991,2.57,15.133635,1.12872,0.482511,-27.447918,0.2715,1,0
2021-07-15,sh.601991,2.55,15.015864,1.119936,0.478756,-27.234315,0.2282,1,0
2021-07-16,sh.601991,2.56,15.074749,1.124328,0.480633,-27.341117,0.2225,1,0
2021-07-19,sh.601991,2.52,14.839206,1.106761,0.473124,-26.913912,0.1799,1,0
2021-07-20,sh.601991,2.52,14.839206,1.106761,0.473124,-26.913912,0.1577,1,0
2021-07-21,sh.601991,2.49,14.662549,1.093585,0.467491,-26.593508,0.2094,1,0
2021-07-22,sh.601991,2.5,14.721435,1.097977,0.469369,-26.700309,0.2102,1,0
2021-07-23,sh.601991,2.46,14.485892,1.080409,0.461859,-26.273104,0.1941,1,0
2021-07-26,sh.601991,2.42,14.250349,1.062841,0.454349,-25.845899,0.2196,1,0
2021-07-27,sh.601991,2.4,14.132578,1.054058,0.450594,-25.632297,0.1842,1,0
2021-07-28,sh.601991,2.39,14.073692,1.049666,0.448716,-25.525496,0.1993,1,0
2021-07-29,sh.601991,2.41,14.191463,1.05845,0.452471,-25.739098,0.1215,1,0
2021-07-30,sh.601991,2.51,14.780321,1.102369,0.471246,-26.80711,0.401,1,0
2021-08-02,sh.601991,2.51,14.780321,1.102369,0.471246,-26.80711,0.5362,1,0
2021-08-03,sh.601991,2.59,15.251407,1.137504,0.486266,-27.66152,0.5281,1,0
2021-08-04,sh.601991,2.61,15.369178,1.146288,0.490021,-27.875123,0.3177,1,0
2021-08-05,sh.601991,2.63,15.48695,1.155072,0.493776,-28.088725,0.3942,1,0
2021-08-06,sh.601991,2.61,15.369178,1.146288,0.490021,-27.875123,0.2372,1,0
2021-08-09,sh.601991,2.61,15.369178,1.146288,0.490021,-27.875123,0.2526,1,0
2021-08-10,sh.601991,2.62,15.428064,1.15068,0.491898,-27.981924,0.2088,1,0
2021-08-11,sh.601991,2.64,15.545835,1.159463,0.495653,-28.195526,0.2184,1,0
2021-08-12,sh.601991,2.63,15.48695,1.155072,0.493776,-28.088725,0.2033,1,0
2021-08-13,sh.601991,2.66,15.663607,1.168247,0.499408,-28.409129,0.2884,1,0
2021-08-16,sh.601991,2.7,15.89915,1.185815,0.506918,-28.836334,0.3338,1,0
2021-08-17,sh.601991,2.63,15.48695,1.155072,0.493776,-28.088725,0.3092,1,0
2021-08-18,sh.601991,2.7,15.89915,1.185815,0.506918,-28.836334,0.2456,1,0
2021-08-19,sh.601991,2.75,16.193579,1.207774,0.516305,-29.37034,0.6883,1,0
2021-08-20,sh.601991,2.67,15.722493,1.172639,0.501286,-28.51593,0.3739,1,0
2021-08-23,sh.601991,2.81,16.546893,1.234126,0.52757,-30.011147,0.7653,1,0
2021-08-24,sh.601991,2.76,16.252464,1.212166,0.518183,-29.477141,0.6507,1,0
2021-08-25,sh.601991,2.84,16.72355,1.247302,0.533203,-30.331551,0.6406,1,0
2021-08-26,sh.601991,2.84,16.72355,1.247302,0.533203,-30.331551,0.4614,1,0
2021-08-27,sh.601991,2.71,15.958036,1.190207,0.508796,-28.943135,0.547,1,0
2021-08-30,sh.601991,2.75,16.193579,1.207774,0.516305,-29.37034,0.4769,1,0
2021-08-31,sh.601991,2.72,17.366426,1.230626,0.495794,-140.990871,0.4742,1,0
2021-09-01,sh.601991,2.74,17.49412,1.239675,0.49944,-142.027568,0.6272,1,0
2021-09-02,sh.601991,2.91,18.579522,1.316589,0.530427,-150.839498,0.9634,1,0
2021-09-03,sh.601991,2.91,18.579522,1.316589,0.530427,-150.839498,0.9769,1,0
2021-09-06,sh.601991,2.92,18.643369,1.321114,0.53225,-151.357847,1.6617,1,0
2021-09-07,sh.601991,2.91,18.579522,1.316589,0.530427,-150.839498,0.7539,1,0
2021-09-08,sh.601991,3.09,19.728771,1.398028,0.563237,-160.169776,1.2891,1,0
2021-09-09,sh.601991,3.04,19.409535,1.375406,0.554123,-157.578032,0.9265,1,0
2021-09-10,sh.601991,2.94,18.771063,1.330162,0.535895,-152.394544,0.6657,1,0
2021-09-13,sh.601991,3.06,19.537229,1.384455,0.557768,-158.61473,0.6636,1,0
2021-09-14,sh.601991,2.93,18.707216,1.325638,0.534072,-151.876195,0.6126,1,0
2021-09-15,sh.601991,2.96,18.898758,1.339211,0.539541,-153.431242,0.3968,1,0
2021-09-16,sh.601991,2.85,18.196439,1.289443,0.51949,-147.729405,0.6078,1,0
2021-09-17,sh.601991,2.94,18.771063,1.330162,0.535895,-152.394544,0.6137,1,0
2021-09-22,sh.601991,3.23,20.622631,1.461369,0.588756,-167.426659,1.0034,1,0
2021-09-23,sh.601991,3.55,22.66574,1.606148,0.647084,-184.01382,2.8706,1,0
2021-09-24,sh.601991,3.58,22.857281,1.619722,0.652553,-185.568867,2.5617,1,0
2021-09-27,sh.601991,3.36,21.452644,1.520186,0.612452,-174.165193,1.4504,1,0
2021-09-28,sh.601991,3.7,23.623447,1.674014,0.674426,-191.789052,1.4577,1,0
2021-09-29,sh.601991,3.49,22.282657,1.579002,0.636148,-180.903728,1.2651,1,0
2021-09-30,sh.601991,3.59,22.921128,1.624246,0.654375,-186.087215,1.2178,1,0
2021-10-08,sh.601991,3.36,21.452644,1.520186,0.612452,-174.165193,1.0535,1,0
2021-10-11,sh.601991,3.24,20.686478,1.465893,0.590578,-167.945008,1.1787,1,0
2021-10-12,sh.601991,3.12,19.920312,1.411601,0.568705,-161.724822,0.9522,1,0
2021-10-13,sh.601991,2.97,18.962605,1.343735,0.541363,-153.94959,0.772,1,0
2021-10-14,sh.601991,2.92,18.643369,1.321114,0.53225,-151.357847,0.5089,1,0
2021-10-15,sh.601991,2.88,18.38798,1.303016,0.524959,-149.284451,0.7641,1,0
2021-10-18,sh.601991,2.89,18.451827,1.307541,0.526781,-149.8028,1.0421,1,0
2021-10-19,sh.601991,2.82,18.004897,1.27587,0.514022,-146.174359,1.0252,1,0
2021-10-20,sh.601991,3.1,19.792618,1.402552,0.56506,-160.688125,1.7481,1,0
2021-10-21,sh.601991,2.97,18.962605,1.343735,0.541363,-153.94959,1.6146,1,0
2021-10-22,sh.601991,2.81,17.94105,1.271346,0.512199,-145.65601,1.1937,1,0
2021-10-25,sh.601991,2.86,18.260286,1.293967,0.521313,-148.247754,0.9159,1,0
2021-10-26,sh.601991,2.86,18.260286,1.293967,0.521313,-148.247754,0.9345,1,0
2021-10-27,sh.601991,2.92,18.643369,1.321114,0.53225,-151.357847,1.0928,1,0
2021-10-28,sh.601991,2.84,18.132592,1.284919,0.517667,-147.211056,1.3388,1,0
2021-10-29,sh.601991,2.72,131.262165,1.29226,0.494355,57.044714,1.4127,1,0
2021-11-01,sh.601991,2.75,132.709909,1.306513,0.499808,57.673884,0.9747,1,0
2021-11-02,sh.601991,2.63,126.918931,1.249502,0.477998,55.157205,0.8158,1,0
2021-11-03,sh.601991,2.62,126.43635,1.244751,0.47618,54.947482,0.5582,1,0
2021-11-04,sh.601991,2.67,128.849257,1.268506,0.485268,55.996098,0.575,1,0
2021-11-05,sh.601991,2.53,122.093116,1.201992,0.459823,53.059973,0.6684,1,0
2021-11-08,sh.601991,2.53,122.093116,1.201992,0.459823,53.059973,0.4433,1,0
2021-11-09,sh.601991,2.56,123.540861,1.216245,0.465275,53.689143,0.5827,1,0
2021-11-10,sh.601991,2.55,123.058279,1.211494,0.463458,53.47942,0.4879,1,0
2021-11-11,sh.601991,2.54,122.575698,1.206743,0.461641,53.269697,0.3888,1,0
2021-11-12,sh.601991,2.52,121.610535,1.197241,0.458006,52.85025,0.4458,1,0
2021-11-15,sh.601991,2.53,122.093116,1.201992,0.459823,53.059973,0.4496,1,0
2021-11-16,sh.601991,2.51,121.127953,1.19249,0.456188,52.640527,0.3243,1,0
2021-11-17,sh.601991,2.51,121.127953,1.19249,0.456188,52.640527,0.3407,1,0
2021-11-18,sh.601991,2.53,122.093116,1.201992,0.459823,53.059973,0.4358,1,0
2021-11-19,sh.601991,2.53,122.093116,1.201992,0.459823,53.059973,0.4498,1,0
2021-11-22,sh.601991,2.53,122.093116,1.201992,0.459823,53.059973,0.3377,1,0
2021-11-23,sh.601991,2.56,123.540861,1.216245,0.465275,53.689143,0.3946,1,0
2021-11-24,sh.601991,2.6,125.471187,1.235249,0.472545,54.528036,0.6019,1,0
2021-11-25,sh.601991,2.58,124.506024,1.225747,0.46891,54.108589,0.5352,1,0
2021-11-26,sh.601991,2.54,122.575698,1.206743,0.461641,53.269697,0.3225,1,0
2021-11-29,sh.601991,2.56,123.540861,1.216245,0.465275,53.689143,0.3468,1,0
2021-11-30,sh.601991,2.53,122.093116,1.201992,0.459823,53.059973,0.3926,1,0
2021-12-01,sh.601991,2.57,124.023442,1.220996,0.467093,53.898866,0.3934,1,0
2021-12-02,sh.601991,2.57,124.023442,1.220996,0.467093,53.898866,0.4146,1,0
2021-12-03,sh.601991,2.66,128.366676,1.263755,0.48345,55.786375,0.8726,1,0
2021-12-06,sh.601991,2.63,126.918931,1.249502,0.477998,55.157205,0.7057,1,0
2021-12-07,sh.601991,2.71,130.779583,1.28751,0.492538,56.834991,1.1537,1,0
2021-12-08,sh.601991,2.7,130.297002,1.282759,0.49072,56.625268,0.9364,1,0
2021-12-09,sh.601991,2.74,132.227328,1.301762,0.49799,57.464161,2.3004,1,0
2021-12-10,sh.601991,2.75,132.709909,1.306513,0.499808,57.673884,1.6949,1,0
2021-12-13,sh.601991,2.87,138.500887,1.363525,0.521617,60.190563,1.9752,1,0
2021-12-14,sh.601991,2.85,137.535724,1.354023,0.517982,59.771116,1.3517,1,0
2021-12-15,sh.601991,2.97,143.326702,1.411034,0.539792,62.287795,1.9514,1,0
2021-12-16,sh.601991,3.03,146.222191,1.43954,0.550697,63.546134,1.5383,1,0
2021-12-17,sh.601991,3.17,152.978332,1.506054,0.576142,66.482259,2.0393,1,0
2021-12-20,sh.601991,3.19,153.943495,1.515556,0.579777,66.901706,2.3464,1,0
2021-12-21,sh.601991,3.25,156.838984,1.544061,0.590682,68.160045,1.4449,1,0
2021-12-22,sh.601991,3.1,149.600261,1.472797,0.56342,65.014197,1.5379,1,0
2021-12-23,sh.601991,3.41,164.560287,1.620077,0.619761,71.515616,2.3803,1,0
2021-12-24,sh.601991,3.43,165.52545,1.629578,0.623396,71.935063,2.3472,1,0
2021-12-27,sh.601991,3.39,163.595124,1.610575,0.616127,71.09617,1.833,1,0
2021-12-28,sh.601991,3.25,156.838984,1.544061,0.590682,68.160045,1.4658,1,0
2021-12-29,sh.601991,3.15,152.013169,1.496552,0.572507,66.062813,1.3848,1,0
2021-12-30,sh.601991,3.2,154.426076,1.520306,0.581594,67.111429,1.0895,1,0
2021-12-31,sh.601991,3.24,156.356402,1.53931,0.588864,67.950322,1.4686,1,0
2022-01-04,sh.601991,3.09,149.11768,1.468046,0.561602,64.804473,1.8946,1,0
2022-01-05,sh.601991,2.93,141.396376,1.392031,0.532522,61.448902,1.4504,1,0
2022-01-06,sh.601991,2.94,141.878957,1.396782,0.53434,61.658625,1.0231,1,0
2022-01-07,sh.601991,2.88,138.983468,1.368276,0.523435,60.400286,0.7138,1,0
2022-01-10,sh.601991,2.85,137.535724,1.354023,0.517982,59.771116,0.6232,1,0
2022-01-11,sh.601991,2.86,138.018305,1.358774,0.5198,59.980839,0.8779,1,0
2022-01-12,sh.601991,2.87,138.500887,1.363525,0.521617,60.190563,0.6267,1,0
2022-01-13,sh.601991,2.83,136.570561,1.344521,0.514348,59.35167,0.7272,1,0
2022-01-14,sh.601991,2.77,133.675072,1.316015,0.503443,58.093331,0.6729,1,0
2022-01-17,sh.601991,2.77,133.675072,1.316015,0.503443,58.093331,0.4878,1,0
2022-01-18,sh.601991,2.86,138.018305,1.358774,0.5198,59.980839,1.1148,1,0
2022-01-19,sh.601991,2.86,138.018305,1.358774,0.5198,59.980839,0.6403,1,0
2022-01-20,sh.601991,2.82,136.08798,1.33977,0.51253,59.141947,0.6666,1,0
2022-01-21,sh.601991,2.8,135.122817,1.330268,0.508895,58.7225,0.7656,1,0
2022-01-24,sh.601991,2.77,133.675072,1.316015,0.503443,58.093331,0.5562,1,0
2022-01-25,sh.601991,2.62,126.43635,1.244751,0.47618,54.947482,0.6545,1,0
2022-01-26,sh.601991,2.71,130.779583,1.28751,0.492538,56.834991,0.7412,1,0
2022-01-27,sh.601991,2.66,128.366676,1.263755,0.48345,55.786375,0.4519,1,0
2022-01-28,sh.601991,2.64,127.401513,1.254253,0.479815,55.366929,0.4663,1,0
2022-02-07,sh.601991,2.68,129.331839,1.273257,0.487085,56.205822,0.6529,1,0
2022-02-08,sh.601991,2.76,133.192491,1.311264,0.501625,57.883607,0.6643,1,0
2022-02-09,sh.601991,2.84,137.053143,1.349272,0.516165,59.561393,0.7516,1,0
2022-02-10,sh.601991,2.85,137.535724,1.354023,0.517982,59.771116,0.512,1,0
2022-02-11,sh.601991,2.81,135.605398,1.335019,0.510713,58.932223,0.5245,1,0
2022-02-14,sh.601991,2.73,131.744746,1.297011,0.496173,57.254438,0.4992,1,0
2022-02-15,sh.601991,2.71,130.779583,1.28751,0.492538,56.834991,0.3921,1,0
2022-02-16,sh.601991,2.72,131.262165,1.29226,0.494355,57.044714,0.4229,1,0
2022-02-17,sh.601991,2.69,129.81442,1.278008,0.488903,56.415545,0.375,1,0
2022-02-18,sh.601991,2.72,131.262165,1.29226,0.494355,57.044714,0.3379,1,0
2022-02-21,sh.601991,2.73,131.744746,1.297011,0.496173,57.254438,0.3565,1,0
2022-02-22,sh.601991,2.65,127.884094,1.259004,0.481633,55.576652,0.696,1,0
2022-02-23,sh.601991,2.66,128.366676,1.263755,0.48345,55.786375,0.3876,1,0
2022-02-24,sh.601991,2.62,126.43635,1.244751,0.47618,54.947482,0.7509,1,0
2022-02-25,sh.601991,2.78,134.157654,1.320766,0.50526,58.303054,1.2139,1,0
2022-02-28,sh.601991,2.84,137.053143,1.349272,0.516165,0.0,1.1063,1,0
2022-03-01,sh.601991,2.83,136.570561,1.344521,0.514348,59.35167,0.5693,1,0
2022-03-02,sh.601991,2.81,135.605398,1.335019,0.510713,58.932223,0.5269,1,0
2022-03-03,sh.601991,2.83,136.570561,1.344521,0.514348,59.35167,0.5675,1,0
2022-03-04,sh.601991,2.8,135.122817,1.330268,0.508895,58.7225,0.6464,1,0
2022-03-07,sh.601991,2.79,134.640235,1.325517,0.507078,58.512777,0.5727,1,0
2022-03-08,sh.601991,2.69,129.81442,1.278008,0.488903,56.415545,0.588,1,0
2022-03-09,sh.601991,2.72,131.262165,1.29226,0.494355,57.044714,0.7712,1,0
2022-03-10,sh.601991,2.76,133.192491,1.311264,0.501625,57.883607,0.7176,1,0
2022-03-11,sh.601991,2.72,131.262165,1.29226,0.494355,57.044714,0.5889,1,0
2022-03-14,sh.601991,2.6,125.471187,1.235249,0.472545,54.528036,0.6184,1,0
2022-03-15,sh.601991,2.36,113.889231,1.121226,0.428926,49.494679,0.9627,1,0
2022-03-16,sh.601991,2.43,117.267302,1.154483,0.441648,50.962741,0.6146,1,0
2022-03-17,sh.601991,2.41,116.302139,1.144981,0.438013,50.543295,0.6208,1,0
2022-03-18,sh.601991,2.46,118.715046,1.168736,0.447101,51.591911,0.579,1,0
2022-03-21,sh.601991,2.44,117.749883,1.159234,0.443466,51.172464,0.444,1,0
2022-03-22,sh.601991,2.44,117.749883,1.159234,0.443466,51.172464,0.3383,1,0
2022-03-23,sh.601991,2.44,117.749883,1.159234,0.443466,51.172464,0.4066,1,0
2022-03-24,sh.601991,2.39,115.336976,1.135479,0.434378,50.123848,0.3429,1,0
2022-03-25,sh.601991,2.37,114.371813,1.125977,0.430743,49.704402,0.303,1,0
2022-03-28,sh.601991,2.38,114.854394,1.130728,0.432561,49.914125,0.3627,1,0
2022-03-29,sh.601991,2.36,113.889231,1.121226,0.428926,49.494679,0.2424,1,0
2022-03-30,sh.601991,2.39,-4.774545,1.51008,0.427717,13.853417,0.2856,1,0
2022-03-31,sh.601991,2.38,-4.754568,1.503762,0.425927,13.795453,0.2656,1,0
2022-04-01,sh.601991,2.37,-4.734591,1.497443,0.424138,13.737489,0.3481,1,0
2022-04-06,sh.601991,2.4,-4.794522,1.516398,0.429506,13.911381,0.3518,1,0
2022-04-07,sh.601991,2.35,-4.694636,1.484807,0.420558,13.621561,0.4305,1,0
2022-04-08,sh.601991,2.35,-4.694636,1.484807,0.420558,13.621561,0.3134,1,0
2022-04-11,sh.601991,2.27,-4.534819,1.43426,0.406242,13.157848,0.331,1,0
2022-04-12,sh.601991,2.31,-4.614728,1.459533,0.4134,13.389705,0.3217,1,0
2022-04-13,sh.601991,2.27,-4.534819,1.43426,0.406242,13.157848,0.2251,1,0
2022-04-14,sh.601991,2.27,-4.534819,1.43426,0.406242,13.157848,0.1839,1,0
2022-04-15,sh.601991,2.31,-4.614728,1.459533,0.4134,13.389705,0.3843,1,0
2022-04-18,sh.601991,2.32,-4.634705,1.465852,0.41519,13.447669,0.4015,1,0
2022-04-19,sh.601991,2.34,-4.674659,1.478488,0.418769,13.563597,0.4218,1,0
2022-04-20,sh.601991,2.35,-4.694636,1.484807,0.420558,13.621561,0.6188,1,0
2022-04-21,sh.601991,2.25,-4.494865,1.421623,0.402662,13.04192,0.4786,1,0
2022-04-22,sh.601991,2.34,-4.674659,1.478488,0.418769,13.563597,0.6429,1,0
2022-04-25,sh.601991,2.23,-4.45491,1.408987,0.399083,12.925992,0.5084,1,0
2022-04-26,sh.601991,2.14,-4.275116,1.352122,0.382977,12.404315,0.6046,1,0
2022-04-27,sh.601991,2.29,-4.574773,1.446897,0.409821,13.273776,0.7006,1,0
2022-04-28,sh.601991,2.3,-4.594751,1.453215,0.41161,13.33174,0.4734,1,0
2022-04-29,sh.601991,2.29,-3.999531,1.471854,0.392474,26.30896,0.6931,1,0
2022-05-05,sh.601991,2.31,-4.034462,1.484708,0.395901,26.538733,0.5257,1,0
2022-05-06,sh.601991,2.25,-3.929671,1.446144,0.385618,25.849415,0.3292,1,0
2022-05-09,sh.601991,2.27,-3.964601,1.458999,0.389046,26.079187,0.3401,1,0
2022-05-10,sh.601991,2.36,-4.121788,1.516845,0.404471,27.113164,0.6095,1,0
2022-05-11,sh.601991,2.39,-4.174183,1.536127,0.409612,27.457823,0.7787,1,0
2022-05-12,sh.601991,2.36,-4.121788,1.516845,0.404471,27.113164,0.6764,1,0
2022-05-13,sh.601991,2.37,-4.139253,1.523272,0.406184,27.22805,0.3868,1,0
2022-05-16,sh.601991,2.42,-4.226579,1.555409,0.414754,27.802482,0.673,1,0
2022-05-17,sh.601991,2.38,-4.156718,1.529699,0.407898,27.342937,0.3542,1,0
2022-05-18,sh.601991,2.4,-4.191649,1.542554,0.411326,27.572709,0.4615,1,0
2022-05-19,sh.601991,2.41,-4.209114,1.548981,0.41304,27.687595,0.443,1,0
2022-05-20,sh.601991,2.43,-4.244044,1.561836,0.416468,27.917368,0.4505,1,0
2022-05-23,sh.601991,2.44,-4.261509,1.568263,0.418181,28.032254,0.3831,1,0
2022-05-24,sh.601991,2.38,-4.156718,1.529699,0.407898,27.342937,0.5239,1,0
2022-05-25,sh.601991,2.47,-4.313905,1.587545,0.423323,28.376913,0.4651,1,0
2022-05-26,sh.601991,2.46,-4.29644,1.581118,0.421609,28.262027,0.3429,1,0
2022-05-27,sh.601991,2.45,-4.278975,1.574691,0.419895,28.147141,0.2907,1,0
2022-05-30,sh.601991,2.47,-4.313905,1.587545,0.423323,28.376913,0.3206,1,0
2022-05-31,sh.601991,2.51,-4.383766,1.613254,0.430178,28.836458,0.4572,1,0
2022-06-01,sh.601991,2.51,-4.383766,1.613254,0.430178,28.836458,0.4021,1,0
2022-06-02,sh.601991,2.49,-4.348835,1.6004,0.426751,28.606686,0.28,1,0
2022-06-06,sh.601991,2.43,-4.244044,1.561836,0.416468,27.917368,0.6561,1,0
2022-06-07,sh.601991,2.44,-4.261509,1.568263,0.418181,28.032254,0.4834,1,0
2022-06-08,sh.601991,2.48,-4.33137,1.593973,0.425037,28.491799,0.5072,1,0
2022-06-09,sh.601991,2.44,-4.261509,1.568263,0.418181,28.032254,0.4167,1,0
2022-06-10,sh.601991,2.44,-4.261509,1.568263,0.418181,28.032254,0.359,1,0
2022-06-13,sh.601991,2.38,-4.156718,1.529699,0.407898,27.342937,0.4804,1,0
2022-06-14,sh.601991,2.41,-4.209114,1.548981,0.41304,27.687595,0.3818,1,0
2022-06-15,sh.601991,2.41,-4.209114,1.548981,0.41304,27.687595,0.3956,1,0
2022-06-16,sh.601991,2.37,-4.139253,1.523272,0.406184,27.22805,0.395,1,0
2022-06-17,sh.601991,2.37,-4.139253,1.523272,0.406184,27.22805,0.339,1,0
2022-06-20,sh.601991,2.52,-4.401231,1.619682,0.431892,28.951345,1.1001,1,0
2022-06-21,sh.601991,2.53,-4.418696,1.626109,0.433606,29.066231,0.7611,1,0
2022-06-22,sh.601991,2.52,-4.401231,1.619682,0.431892,28.951345,0.5341,1,0
2022-06-23,sh.601991,2.47,-4.313905,1.587545,0.423323,28.376913,0.541,1,0
2022-06-24,sh.601991,2.45,-4.278975,1.574691,0.419895,28.147141,0.3973,1,0
2022-06-27,sh.601991,2.43,-4.244044,1.561836,0.416468,27.917368,0.3524,1,0
2022-06-28,sh.601991,2.48,-4.33137,1.593973,0.425037,28.491799,0.3414,1,0
2022-06-29,sh.601991,2.45,-4.278975,1.574691,0.419895,28.147141,0.2392,1,0
2022-06-30,sh.601991,2.43,-4.244044,1.561836,0.416468,27.917368,0.2639,1,0
2022-07-01,sh.601991,2.45,-4.278975,1.574691,0.419895,28.147141,0.358,1,0
2022-07-04,sh.601991,2.6,-4.540953,1.6711,0.445603,29.870435,1.358,1,0
2022-07-05,sh.601991,2.65,-4.628279,1.703237,0.454172,30.444866,1.3138,1,0
2022-07-06,sh.601991,2.71,-4.73307,1.741801,0.464456,31.134184,1.7596,1,0
2022-07-07,sh.601991,2.82,-4.925187,1.812501,0.483308,32.397933,2.003,1,0
2022-07-08,sh.601991,2.78,-4.855326,1.786792,0.476453,31.938388,1.1178,1,0
2022-07-11,sh.601991,2.88,-5.029978,1.851065,0.493591,33.087251,1.6897,1,0
2022-07-12,sh.601991,2.83,-4.942652,1.818928,0.485022,32.51282,1.0687,1,0
2022-07-13,sh.601991,2.86,-4.995048,1.83821,0.490163,32.857478,0.8269,1,0
2022-07-14,sh.601991,2.79,-4.872792,1.793219,0.478166,32.053274,0.9075,1,0
2022-07-15,sh.601991,2.75,-4.802931,1.76751,0.471311,31.593729,0.7661,1,0
2022-07-18,sh.601991,2.92,-5.099839,1.876774,0.500447,33.546796,1.5131,1,0
2022-07-19,sh.601991,2.9,-5.064909,1.863919,0.497019,33.317024,0.676,1,0
2022-07-20,sh.601991,2.87,-5.012513,1.844638,0.491877,32.972365,0.7984,1,0
2022-07-21,sh.601991,2.83,-4.942652,1.818928,0.485022,32.51282,0.5479,1,0
2022-07-22,sh.601991,2.84,-4.960118,1.825356,0.486736,32.627706,0.5488,1,0
2022-07-25,sh.601991,2.74,-4.785466,1.761083,0.469597,31.478843,0.5242,1,0
2022-07-26,sh.601991,2.73,-4.768,1.754655,0.467883,31.363957,0.4747,1,0
2022-07-27,sh.601991,2.7,-4.715605,1.735373,0.462742,31.019298,0.4802,1,0
2022-07-28,sh.601991,2.73,-4.768,1.754655,0.467883,31.363957,0.518,1,0
2022-07-29,sh.601991,2.82,-4.925187,1.812501,0.483308,32.397933,0.8064,1,0
2022-08-01,sh.601991,2.76,-4.820396,1.773937,0.473025,31.708616,0.4497,1,0
2022-08-02,sh.601991,2.62,-4.575883,1.683955,0.449031,30.100208,0.6024,1,0
2022-08-03,sh.601991,2.63,-4.593348,1.690382,0.450745,30.215094,0.4466,1,0
2022-08-04,sh.601991,2.7,-4.715605,1.735373,0.462742,31.019298,0.3791,1,0
2022-08-05,sh.601991,2.67,-4.663209,1.716091,0.4576,30.674639,0.4077,1,0
2022-08-08,sh.601991,2.73,-4.768,1.754655,0.467883,31.363957,0.4359,1,0
2022-08-09,sh.601991,2.72,-4.750535,1.748228,0.466169,31.24907,0.3893,1,0
2022-08-10,sh.601991,2.69,-4.69814,1.728946,0.461028,30.904412,0.3508,1,0
2022-08-11,sh.601991,2.75,-4.802931,1.76751,0.471311,31.593729,0.3455,1,0
2022-08-12,sh.601991,2.84,-4.960118,1.825356,0.486736,32.627706,0.6348,1,0
2022-08-15,sh.601991,2.96,-5.1697,1.902483,0.507302,34.006341,0.9704,1,0
2022-08-16,sh.601991,3.01,-5.257026,1.93462,0.515871,34.580773,0.9429,1,0
2022-08-17,sh.601991,3.0,-5.239561,1.928193,0.514157,34.465887,0.6718,1,0
2022-08-18,sh.601991,2.88,-5.029978,1.851065,0.493591,33.087251,0.8517,1,0
2022-08-19,sh.601991,3.1,-5.414213,1.992466,0.531296,35.614749,1.4443,1,0
2022-08-22,sh.601991,3.1,-5.414213,1.992466,0.531296,35.614749,1.1766,1,0
2022-08-23,sh.601991,3.17,-5.536469,2.037457,0.543293,36.418953,0.9024,1,0
2022-08-24,sh.601991,3.03,-5.291956,1.947474,0.519299,34.810545,0.7651,1,0
2022-08-25,sh.601991,3.05,-5.326887,1.960329,0.522727,35.040318,0.6476,1,0
2022-08-26,sh.601991,3.09,-5.396748,1.986038,0.529582,35.499863,0.6354,1,0
2022-08-29,sh.601991,3.18,-5.553935,2.043884,0.545007,36.53384,0.8536,1,0
2022-08-30,sh.601991,3.05,-5.326887,1.960329,0.522727,35.040318,0.6201,1,0
2022-08-31,sh.601991,3.21,-6.16768,1.951149,0.547724,20.914637,1.7027,1,0
2022-09-01,sh.601991,3.33,-6.398248,2.024089,0.5682,21.696492,1.4796,1,0
2022-09-02,sh.601991,3.45,-6.628815,2.097029,0.588676,22.478348,1.3822,1,0
2022-09-05,sh.601991,3.71,-7.128378,2.255066,0.63304,24.172368,2.3117,1,0
2022-09-06,sh.601991,3.86,-7.416587,2.346241,0.658634,25.149688,2.0709,1,0
2022-09-07,sh.601991,3.9,-7.493443,2.370554,0.66546,25.410306,1.6493,1,0
2022-09-08,sh.601991,3.98,-7.647155,2.419181,0.67911,25.931543,1.5332,1,0
2022-09-09,sh.601991,4.0,-7.685583,2.431338,0.682523,26.061853,1.1477,1,0
2022-09-13,sh.601991,3.97,-7.627941,2.413103,0.677404,25.866389,1.317,1,0
2022-09-14,sh.601991,3.96,-7.608727,2.407024,0.675697,25.801234,1.3291,1,0
2022-09-15,sh.601991,3.85,-7.397373,2.340163,0.656928,25.084533,1.0385,1,0
2022-09-16,sh.601991,3.63,-6.974666,2.206439,0.619389,23.651131,1.5342,1,0
2022-09-19,sh.601991,3.6,-6.917025,2.188204,0.61427,23.455667,1.0405,1,0
2022-09-20,sh.601991,3.57,-6.859383,2.169969,0.609152,23.260203,0.6764,1,0
2022-09-21,sh.601991,3.63,-6.974666,2.206439,0.619389,23.651131,0.8697,1,0
2022-09-22,sh.601991,3.62,-6.955452,2.200361,0.617683,23.585977,0.5052,1,0
2022-09-23,sh.601991,3.5,-6.724885,2.127421,0.597207,22.804121,0.6005,1,0
2022-09-26,sh.601991,3.49,-6.705671,2.121342,0.595501,22.738966,0.519,1,0
2022-09-27,sh.601991,3.49,-6.705671,2.121342,0.595501,22.738966,0.4658,1,0
2022-09-28,sh.601991,3.37,-6.475104,2.048402,0.575025,21.957111,0.6767,1,0
2022-09-29,sh.601991,3.37,-6.475104,2.048402,0.575025,21.957111,0.4426,1,0
2022-09-30,sh.601991,3.32,-6.379034,2.01801,0.566494,21.631338,0.4366,1,0
2022-10-10,sh.601991,3.34,-6.417462,2.030167,0.569906,21.761647,0.7738,1,0
2022-10-11,sh.601991,3.59,-6.897811,2.182126,0.612564,23.390513,0.9875,1,0
2022-10-12,sh.601991,3.69,-7.08995,2.242909,0.629627,24.042059,0.9031,1,0
2022-10-13,sh.601991,3.88,-7.455015,2.358398,0.662047,25.279997,1.2351,1,0
2022-10-14,sh.601991,3.88,-7.455015,2.358398,0.662047,25.279997,0.9813,1,0
2022-10-17,sh.601991,3.85,-7.397373,2.340163,0.656928,25.084533,0.6611,1,0
2022-10-18,sh.601991,3.88,-7.455015,2.358398,0.662047,25.279997,0.6668,1,0
2022-10-19,sh.601991,3.82,-7.339732,2.321928,0.651809,24.889069,0.5894,1,0
2022-10-20,sh.601991,3.69,-7.08995,2.242909,0.629627,24.042059,0.8428,1,0
2022-10-21,sh.601991,3.82,-7.339732,2.321928,0.651809,24.889069,1.0039,1,0
2022-10-24,sh.601991,3.73,-7.166806,2.267223,0.636452,24.302678,0.6423,1,0
2022-10-25,sh.601991,3.79,-7.28209,2.303693,0.64669,24.693605,0.6149,1,0
2022-10-26,sh.601991,3.88,-7.455015,2.358398,0.662047,25.279997,0.8756,1,0
2022-10-27,sh.601991,3.49,-7.469355,2.188463,0.559915,10677.536727,0.2002,1,0
2022-10-28,sh.601991,3.14,-6.72028,1.96899,0.503763,9606.723588,0.1462,1,0
2022-10-31,sh.601991,2.83,-6.056813,1.774599,0.454029,8658.289093,1.7592,1,0
2022-11-01,sh.601991,2.73,-5.842791,1.711892,0.437985,8352.342482,2.6295,1,0
2022-11-02,sh.601991,2.77,-5.9284,1.736975,0.444403,8474.721127,2.6129,1,0
2022-11-03,sh.601991,2.68,-5.73578,1.680539,0.429964,8199.369177,1.6545,1,0
2022-11-04,sh.601991,2.75,-5.885595,1.724434,0.441194,8413.531805,1.892,1,0
2022-11-07,sh.601991,2.73,-5.842791,1.711892,0.437985,8352.342482,1.5262,1,0
2022-11-08,sh.601991,2.71,-5.799987,1.699351,0.434777,8291.15316,0.8774,1,0
2022-11-09,sh.601991,2.69,-5.757182,1.68681,0.431568,8229.963838,0.993,1,0
2022-11-10,sh.601991,2.71,-5.799987,1.699351,0.434777,8291.15316,1.6596,1,0
2022-11-11,sh.601991,2.72,-5.821389,1.705622,0.436381,8321.747821,1.5632,1,0
2022-11-14,sh.601991,2.73,-5.842791,1.711892,0.437985,8352.342482,1.1637,1,0
2022-11-15,sh.601991,2.75,-5.885595,1.724434,0.441194,8413.531805,1.0769,1,0
2022-11-16,sh.601991,2.8,-5.992606,1.755787,0.449216,8566.50511,1.531,1,0
2022-11-17,sh.601991,2.73,-5.842791,1.711892,0.437985,8352.342482,1.0769,1,0
2022-11-18,sh.601991,2.74,-5.864193,1.718163,0.43959,8382.937143,0.8445,1,0
2022-11-21,sh.601991,2.77,-5.9284,1.736975,0.444403,8474.721127,0.9314,1,0
2022-11-22,sh.601991,2.78,-5.949802,1.743246,0.446007,8505.315788,1.0642,1,0
2022-11-23,sh.601991,2.98,-6.377845,1.868659,0.478094,9117.20901,2.6855,1,0
2022-11-24,sh.601991,2.92,-6.249432,1.831035,0.468468,8933.641043,1.5757,1,0
2022-11-25,sh.601991,2.96,-6.335041,1.856118,0.474885,9056.019688,1.1864,1,0
2022-11-28,sh.601991,3.01,-6.442051,1.887471,0.482907,9208.992993,1.4666,1,0
2022-11-29,sh.601991,2.98,-6.377845,1.868659,0.478094,9117.20901,0.9996,1,0
2022-11-30,sh.601991,2.99,-6.399247,1.87493,0.479698,9147.803671,1.0257,1,0
2022-12-01,sh.601991,2.96,-6.335041,1.856118,0.474885,9056.019688,0.7555,1,0
2022-12-02,sh.601991,2.95,-6.313638,1.849847,0.473281,9025.425027,0.7175,1,0
2022-12-05,sh.601991,3.05,-6.52766,1.912554,0.489324,9331.371638,1.403,1,0
2022-12-06,sh.601991,2.98,-6.377845,1.868659,0.478094,9117.20901,0.8299,1,0
2022-12-07,sh.601991,2.94,-6.292236,1.843576,0.471676,8994.830366,0.7659,1,0
2022-12-08,sh.601991,2.93,-6.270834,1.837306,0.470072,8964.235705,0.4167,1,0
2022-12-09,sh.601991,2.89,-6.185226,1.812223,0.463655,8841.85706,0.5625,1,0
2022-12-12,sh.601991,2.85,-6.099617,1.78714,0.457237,8719.478416,0.5502,1,0
2022-12-13,sh.601991,2.89,-6.185226,1.812223,0.463655,8841.85706,0.4047,1,0
2022-12-14,sh.601991,2.85,-6.099617,1.78714,0.457237,8719.478416,0.3985,1,0
2022-12-15,sh.601991,2.85,-6.099617,1.78714,0.457237,8719.478416,0.3309,1,0
2022-12-16,sh.601991,2.89,-6.185226,1.812223,0.463655,8841.85706,0.6358,1,0
2022-12-19,sh.601991,2.75,-5.885595,1.724434,0.441194,8413.531805,0.9963,1,0
2022-12-20,sh.601991,2.74,-5.864193,1.718163,0.43959,8382.937143,0.4933,1,0
2022-12-21,sh.601991,2.73,-5.842791,1.711892,0.437985,8352.342482,0.3387,1,0
2022-12-22,sh.601991,2.67,-5.714378,1.674268,0.428359,8168.774516,0.4617,1,0
2022-12-23,sh.601991,2.68,-5.73578,1.680539,0.429964,8199.369177,0.3066,1,0
2022-12-26,sh.601991,2.71,-5.799987,1.699351,0.434777,8291.15316,0.3172,1,0
2022-12-27,sh.601991,2.7,-5.778584,1.69308,0.433172,8260.558499,0.2429,1,0
2022-12-28,sh.601991,2.77,-5.9284,1.736975,0.444403,8474.721127,0.8621,1,0
2022-12-29,sh.601991,2.72,-5.821389,1.705622,0.436381,8321.747821,0.4249,1,0
2022-12-30,sh.601991,2.79,-5.971204,1.749516,0.447611,8535.910449,0.6422,1,0
2023-01-03,sh.601991,2.89,-6.185226,1.812223,0.463655,8841.85706,0.819,1,0
2023-01-04,sh.601991,2.9,-6.206628,1.818494,0.465259,8872.451721,0.9714,1,0
2023-01-05,sh.601991,2.89,-6.185226,1.812223,0.463655,8841.85706,0.6243,1,0
2023-01-06,sh.601991,2.87,-6.142421,1.799682,0.460446,8780.667738,0.8597,1,0
2023-01-09,sh.601991,2.81,-6.014008,1.762058,0.45082,8597.099771,0.846,1,0
2023-01-10,sh.601991,2.76,-5.906997,1.730704,0.442798,8444.126466,0.6907,1,0
2023-01-11,sh.601991,2.73,-5.842791,1.711892,0.437985,8352.342482,0.5209,1,0
2023-01-12,sh.601991,2.7,-5.778584,1.69308,0.433172,8260.558499,0.5175,1,0
2023-01-13,sh.601991,2.7,-5.778584,1.69308,0.433172,8260.558499,0.5267,1,0
2023-01-16,sh.601991,2.72,-5.821389,1.705622,0.436381,8321.747821,0.5345,1,0
2023-01-17,sh.601991,2.69,-5.757182,1.68681,0.431568,8229.963838,0.566,1,0
2023-01-18,sh.601991,2.69,-5.757182,1.68681,0.431568,8229.963838,0.5596,1,0
2023-01-19,sh.601991,2.68,-5.73578,1.680539,0.429964,8199.369177,0.5485,1,0
2023-01-20,sh.601991,2.74,-5.864193,1.718163,0.43959,8382.937143,0.6482,1,0
2023-01-30,sh.601991,2.73,-5.842791,1.711892,0.437985,8352.342482,0.8052,1,0
2023-01-31,sh.601991,2.77,-5.9284,1.736975,0.444403,8474.721127,0.8951,1,0
2023-02-01,sh.601991,2.79,-5.971204,1.749516,0.447611,8535.910449,0.5669,1,0
2023-02-02,sh.601991,2.89,-6.185226,1.812223,0.463655,8841.85706,1.9285,1,0
2023-02-03,sh.601991,2.89,-6.185226,1.812223,0.463655,8841.85706,0.9446,1,0
2023-02-06,sh.601991,2.9,-6.206628,1.818494,0.465259,8872.451721,0.8724,1,0
2023-02-07,sh.601991,2.93,-6.270834,1.837306,0.470072,8964.235705,0.8321,1,0
2023-02-08,sh.601991,2.95,-6.313638,1.849847,0.473281,9025.425027,0.9275,1,0
2023-02-09,sh.601991,2.93,-6.270834,1.837306,0.470072,8964.235705,0.8388,1,0
2023-02-10,sh.601991,3.0,-6.420649,1.8812,0.481302,9178.398332,1.4966,1,0
2023-02-13,sh.601991,2.96,-6.335041,1.856118,0.474885,9056.019688,1.0924,1,0
2023-02-14,sh.601991,3.06,-6.549062,1.918824,0.490929,9361.966299,1.5766,1,0
2023-02-15,sh.601991,3.03,-6.484856,1.900012,0.486115,9270.182316,0.6995,1,0
2023-02-16,sh.601991,2.96,-6.335041,1.856118,0.474885,9056.019688,0.8253,1,0
2023-02-17,sh.601991,2.93,-6.270834,1.837306,0.470072,8964.235705,0.5045,1,0
2023-02-20,sh.601991,2.96,-6.335041,1.856118,0.474885,9056.019688,0.4363,1,0
2023-02-21,sh.601991,2.97,-6.356443,1.862388,0.476489,9086.614349,0.3641,1,0
2023-02-22,sh.601991,2.96,-6.335041,1.856118,0.474885,9056.019688,0.3428,1,0
2023-02-23,sh.601991,2.93,-6.270834,1.837306,0.470072,8964.235705,0.3828,1,0
2023-02-24,sh.601991,2.92,-6.249432,1.831035,0.468468,8933.641043,0.3327,1,0
2023-02-27,sh.601991,2.9,-6.206628,1.818494,0.465259,8872.451721,0.313,1,0
2023-02-28,sh.601991,2.97,-6.356443,1.862388,0.476489,9086.614349,0.6773,1,0
2023-03-01,sh.601991,2.95,-6.313638,1.849847,0.473281,9025.425027,0.588,1,0
2023-03-02,sh.601991,2.96,-6.335041,1.856118,0.474885,9056.019688,0.6041,1,0
2023-03-03,sh.601991,3.04,-6.506258,1.906283,0.48772,9300.776977,0.9094,1,0
2023-03-06,sh.601991,3.12,-6.677475,1.956448,0.500555,9545.534266,0.9643,1,0
2023-03-07,sh.601991,3.08,-6.591867,1.931366,0.494137,9423.155621,0.8772,1,0
2023-03-08,sh.601991,3.05,-6.52766,1.912554,0.489324,9331.371638,0.6806,1,0
2023-03-09,sh.601991,3.04,-6.506258,1.906283,0.48772,9300.776977,0.5318,1,0
2023-03-10,sh.601991,2.97,-6.356443,1.862388,0.476489,9086.614349,0.4863,1,0
2023-03-13,sh.601991,2.98,-6.377845,1.868659,0.478094,9117.20901,0.3629,1,0
2023-03-14,sh.601991,3.01,-6.442051,1.887471,0.482907,9208.992993,0.6014,1,0
2023-03-15,sh.601991,3.08,-6.591867,1.931366,0.494137,9423.155621,0.6873,1,0
2023-03-16,sh.601991,3.1,-6.634671,1.943907,0.497346,9484.344943,0.7599,1,0
2023-03-17,sh.601991,3.12,-6.677475,1.956448,0.500555,9545.534266,0.6934,1,0
2023-03-20,sh.601991,3.08,-6.591867,1.931366,0.494137,9423.155621,0.7277,1,0
2023-03-21,sh.601991,3.07,-6.570464,1.925095,0.492533,9392.56096,0.4621,1,0
2023-03-22,sh.601991,3.08,-6.591867,1.931366,0.494137,9423.155621,0.4917,1,0
2023-03-23,sh.601991,3.1,-6.634671,1.943907,0.497346,9484.344943,0.4569,1,0
2023-03-24,sh.601991,3.1,-6.634671,1.943907,0.497346,9484.344943,0.6716,1,0
2023-03-27,sh.601991,3.0,-6.420649,1.8812,0.481302,9178.398332,0.63,1,0
2023-03-28,sh.601991,2.95,-6.313638,1.849847,0.473281,9025.425027,0.7287,1,0
2023-03-29,sh.601991,3.01,-135.810689,2.005787,0.476814,-36.354736,0.9341,1,0
2023-03-30,sh.601991,2.99,-134.908292,1.992459,0.473645,-36.113176,0.5981,1,0
2023-03-31,sh.601991,3.03,-136.713085,2.019114,0.479982,-36.596296,0.6194,1,0
2023-04-03,sh.601991,2.97,-134.005896,1.979132,0.470477,-35.871617,0.782,1,0
2023-04-04,sh.601991,2.97,-134.005896,1.979132,0.470477,-35.871617,0.4447,1,0
2023-04-06,sh.601991,2.93,-132.201102,1.952477,0.464141,-35.388497,0.5283,1,0
2023-04-07,sh.601991,2.92,-131.749904,1.945813,0.462557,-35.267717,0.4458,1,0
2023-04-10,sh.601991,3.01,-135.810689,2.005787,0.476814,-36.354736,0.9885,1,0
2023-04-11,sh.601991,2.97,-134.005896,1.979132,0.470477,-35.871617,0.7009,1,0
2023-04-12,sh.601991,2.96,-133.554697,1.972468,0.468893,-35.750837,0.6111,1,0
2023-04-13,sh.601991,2.96,-133.554697,1.972468,0.468893,-35.750837,0.7303,1,0
2023-04-14,sh.601991,3.15,-142.127465,2.099079,0.498991,-38.045654,1.7128,1,0
2023-04-17,sh.601991,3.16,-142.578663,2.105743,0.500575,-38.166434,1.0802,1,0
2023-04-18,sh.601991,3.1,-139.871474,2.06576,0.49107,-37.441755,1.06,1,0
2023-04-19,sh.601991,3.09,-139.420275,2.059097,0.489486,-37.320975,0.6222,1,0
2023-04-20,sh.601991,3.13,-141.225068,2.085752,0.495823,-37.804094,0.4898,1,0
2023-04-21,sh.601991,3.09,-139.420275,2.059097,0.489486,-37.320975,0.528,1,0
2023-04-24,sh.601991,3.09,-139.420275,2.059097,0.489486,-37.320975,0.573,1,0
2023-04-25,sh.601991,3.14,-141.676267,2.092415,0.497407,-37.924874,0.7619,1,0
2023-04-26,sh.601991,3.27,-147.541845,2.179044,0.518,-39.495012,1.5187,1,0
2023-04-27,sh.601991,3.27,-147.541845,2.179044,0.518,-39.495012,1.1408,1,0
2023-04-28,sh.601991,3.11,409.318202,2.057928,0.500162,-34.863667,1.3975,1,0
2023-05-04,sh.601991,3.26,429.060238,2.157185,0.524286,-36.545194,1.432,1,0
2023-05-05,sh.601991,3.32,436.957052,2.196887,0.533935,-37.217805,1.1959,1,0
2023-05-08,sh.601991,3.39,446.170002,2.243207,0.545193,-38.002518,1.5376,1,0
2023-05-09,sh.601991,3.29,433.008645,2.177036,0.529111,-36.8815,1.1062,1,0
2023-05-10,sh.601991,3.23,425.11183,2.137333,0.519461,-36.208889,0.7695,1,0
2023-05-11,sh.601991,3.25,427.744102,2.150567,0.522678,-36.433092,0.9357,1,0
2023-05-12,sh.601991,3.32,436.957052,2.196887,0.533935,-37.217805,1.2342,1,0
2023-05-15,sh.601991,3.26,429.060238,2.157185,0.524286,-36.545194,1.694,1,0
2023-05-16,sh.601991,3.24,426.427966,2.14395,0.521069,-36.32099,1.0259,1,0
2023-05-17,sh.601991,3.31,435.640916,2.19027,0.532327,-37.105703,1.0241,1,0
2023-05-18,sh.601991,3.29,433.008645,2.177036,0.529111,-36.8815,0.6933,1,0
2023-05-19,sh.601991,3.28,431.692509,2.170419,0.527502,-36.769398,0.659,1,0
2023-05-22,sh.601991,3.45,454.066816,2.28291,0.554842,-38.675129,1.5919,1,0
2023-05-23,sh.601991,3.36,442.221595,2.223356,0.540368,-37.666212,1.0883,1,0
2023-05-24,sh.601991,3.36,442.221595,2.223356,0.540368,-37.666212,0.7978,1,0
2023-05-25,sh.601991,3.39,446.170002,2.243207,0.545193,-38.002518,1.0724,1,0
2023-05-26,sh.601991,3.51,461.96363,2.322613,0.564492,-39.34774,1.1755,1,0
2023-05-29,sh.601991,3.69,485.654073,2.441721,0.59344,-41.365572,1.4799,1,0
2023-05-30,sh.601991,3.66,481.705665,2.42187,0.588615,-41.029267,0.979,1,0
2023-05-31,sh.601991,3.67,483.021801,2.428487,0.590224,-41.141369,0.6705,1,0
2023-06-01,sh.601991,3.59,472.492716,2.37555,0.577358,-40.244554,0.6543,1,0
2023-06-02,sh.601991,3.56,468.544308,2.355698,0.572533,-39.908249,0.7013,1,0
2023-06-05,sh.601991,3.58,471.17658,2.368933,0.57575,-40.132452,0.6729,1,0
2023-06-06,sh.601991,3.47,456.699087,2.296144,0.558059,-38.899332,0.6064,1,0
2023-06-07,sh.601991,3.45,454.066816,2.28291,0.554842,-38.675129,0.386,1,0
2023-06-08,sh.601991,3.49,459.331359,2.309379,0.561275,-39.123536,0.3719,1,0
2023-06-09,sh.601991,3.6,473.808851,2.382167,0.578966,-40.356656,0.5789,1,0
2023-06-12,sh.601991,3.5,460.647494,2.315996,0.562884,-39.235638,0.609,1,0
2023-06-13,sh.601991,3.43,451.434544,2.269676,0.551626,-38.450925,0.4357,1,0
2023-06-14,sh.601991,3.31,435.640916,2.19027,0.532327,-37.105703,1.0036,1,0
2023-06-15,sh.601991,3.32,436.957052,2.196887,0.533935,-37.217805,0.542,1,0
2023-06-16,sh.601991,3.25,427.744102,2.150567,0.522678,-36.433092,0.869,1,0
2023-06-19,sh.601991,3.28,431.692509,2.170419,0.527502,-36.769398,0.4611,1,0
2023-06-20,sh.601991,3.26,429.060238,2.157185,0.524286,-36.545194,0.5018,1,0
2023-06-21,sh.601991,3.28,431.692509,2.170419,0.527502,-36.769398,0.5896,1,0
2023-06-26,sh.601991,3.4,447.486137,2.249824,0.546801,-38.11462,1.0254,1,0
2023-06-27,sh.601991,3.35,440.905459,2.216739,0.53876,-37.554111,0.7437,1,0
2023-06-28,sh.601991,3.4,447.486137,2.249824,0.546801,-38.11462,0.6914,1,0
2023-06-29,sh.601991,3.33,438.273187,2.203504,0.535544,-37.329907,0.4873,1,0
2023-06-30,sh.601991,3.31,435.640916,2.19027,0.532327,-37.105703,0.456,1,0
2023-07-03,sh.601991,3.32,436.957052,2.196887,0.533935,-37.217805,0.9253,1,0
2023-07-04,sh.601991,3.23,425.11183,2.137333,0.519461,-36.208889,1.0125,1,0
2023-07-05,sh.601991,3.19,419.847288,2.110865,0.513028,-35.760481,0.5772,1,0
2023-07-06,sh.601991,3.18,418.531152,2.104248,0.51142,-35.64838,0.3766,1,0
2023-07-07,sh.601991,3.24,426.427966,2.14395,0.521069,-36.32099,0.5694,1,0
2023-07-10,sh.601991,3.27,430.376373,2.163802,0.525894,-36.657296,0.7495,1,0
2023-07-11,sh.601991,3.23,425.11183,2.137333,0.519461,-36.208889,0.5793,1,0
2023-07-12,sh.601991,3.2,421.163423,2.117482,0.514636,-35.872583,0.4673,1,0
2023-07-13,sh.601991,3.23,425.11183,2.137333,0.519461,-36.208889,0.3841,1,0
2023-07-14,sh.601991,3.19,419.847288,2.110865,0.513028,-35.760481,0.3951,1,0
2023-07-17,sh.601991,3.17,417.215016,2.09763,0.509812,-35.536278,0.3169,1,0
2023-07-18,sh.601991,3.14,413.266609,2.077779,0.504987,-35.199972,0.3722,1,0
2023-07-19,sh.601991,3.15,414.582745,2.084396,0.506595,-35.312074,0.2622,1,0
2023-07-20,sh.601991,3.09,406.685931,2.044693,0.496946,-34.639463,0.318,1,0
2023-07-21,sh.601991,3.09,406.685931,2.044693,0.496946,-34.639463,0.2694,1,0
2023-07-24,sh.601991,3.11,409.318202,2.057928,0.500162,-34.863667,0.2634,1,0
2023-07-25,sh.601991,3.09,406.685931,2.044693,0.496946,-34.639463,0.7654,1,0
2023-07-26,sh.601991,3.05,401.421388,2.018225,0.490513,-34.191056,0.4766,1,0
2023-07-27,sh.601991,3.05,401.421388,2.018225,0.490513,-34.191056,0.3987,1,0
2023-07-28,sh.601991,3.09,406.685931,2.044693,0.496946,-34.639463,0.6489,1,0
2023-07-31,sh.601991,3.13,411.950473,2.071162,0.503379,-35.08787,0.5305,1,0
2023-08-01,sh.601991,3.2,421.163423,2.117482,0.514636,-35.872583,0.8102,1,0
2023-08-02,sh.601991,3.16,415.898881,2.091013,0.508203,-35.424176,0.4593,1,0
2023-08-03,sh.601991,3.16,415.898881,2.091013,0.508203,-35.424176,0.3752,1,0
2023-08-04,sh.601991,3.13,411.950473,2.071162,0.503379,-35.08787,0.4787,1,0
2023-08-07,sh.601991,3.1,408.002066,2.05131,0.498554,-34.751565,0.4504,1,0
2023-08-08,sh.601991,3.06,402.737524,2.024842,0.492121,-34.303158,0.3851,1,0
2023-08-09,sh.601991,3.0,394.840709,1.985139,0.482472,-33.630547,0.5657,1,0
2023-08-10,sh.601991,3.03,398.789116,2.004991,0.487296,-33.966852,0.2624,1,0
2023-08-11,sh.601991,2.95,388.260031,1.952054,0.47443,-33.070038,0.4111,1,0
2023-08-14,sh.601991,3.0,394.840709,1.985139,0.482472,-33.630547,0.3818,1,0
2023-08-15,sh.601991,3.01,396.156845,1.991756,0.48408,-33.742649,0.3127,1,0
2023-08-16,sh.601991,2.98,392.208438,1.971905,0.479255,-33.406343,0.1692,1,0
2023-08-17,sh.601991,2.96,389.576167,1.958671,0.476039,-33.182139,0.276,1,0
2023-08-18,sh.601991,2.94,386.943895,1.945436,0.472822,-32.957936,0.2656,1,0
2023-08-21,sh.601991,2.9,381.679352,1.918968,0.466389,-32.509529,0.3094,1,0
2023-08-22,sh.601991,2.89,380.363217,1.912351,0.464781,-32.397427,0.3817,1,0
2023-08-23,sh.601991,2.84,373.782538,1.879265,0.45674,-31.836918,0.2761,1,0
2023-08-24,sh.601991,2.82,371.150267,1.866031,0.453523,-31.612714,0.2512,1,0
2023-08-25,sh.601991,2.8,368.517995,1.852797,0.450307,-31.38851,0.4125,1,0
2023-08-28,sh.601991,2.79,367.20186,1.846179,0.448699,-31.276408,0.6678,1,0
2023-08-29,sh.601991,2.79,367.20186,1.846179,0.448699,-31.276408,0.6395,1,0
2023-08-30,sh.601991,2.75,-174.206144,1.780476,0.426129,-13.048593,0.7055,1,0
2023-08-31,sh.601991,2.78,-176.106574,1.7999,0.430778,-13.190941,0.5571,1,0
2023-09-01,sh.601991,2.73,-172.93919,1.767527,0.42303,-12.953694,0.6698,1,0
2023-09-04,sh.601991,2.75,-174.206144,1.780476,0.426129,-13.048593,1.192,1,0
2023-09-05,sh.601991,2.78,-176.106574,1.7999,0.430778,-13.190941,1.0062,1,0
2023-09-06,sh.601991,2.76,-174.839621,1.786951,0.427679,-13.096043,0.6555,1,0
2023-09-07,sh.601991,2.7,-171.038759,1.748104,0.418381,-12.811346,0.5569,1,0
2023-09-08,sh.601991,2.81,-178.007005,1.819323,0.435426,-13.33329,1.3472,1,0
2023-09-11,sh.601991,2.79,-176.740051,1.806374,0.432327,-13.238391,0.5171,1,0
2023-09-12,sh.601991,2.83,-179.273959,1.832272,0.438526,-13.428189,0.6577,1,0
2023-09-13,sh.601991,2.83,-179.273959,1.832272,0.438526,-13.428189,0.4614,1,0
2023-09-14,sh.601991,2.86,-181.17439,1.851695,0.443174,-13.570537,0.7964,1,0
2023-09-15,sh.601991,2.79,-176.740051,1.806374,0.432327,-13.238391,0.8092,1,0
2023-09-18,sh.601991,2.76,-174.839621,1.786951,0.427679,-13.096043,0.5228,1,0
2023-09-19,sh.601991,2.74,-173.572667,1.774002,0.424579,-13.001144,0.4095,1,0
2023-09-20,sh.601991,2.7,-171.038759,1.748104,0.418381,-12.811346,0.3662,1,0
2023-09-21,sh.601991,2.68,-169.771806,1.735155,0.415282,-12.716447,0.3856,1,0
2023-09-22,sh.601991,2.72,-172.305713,1.761053,0.42148,-12.906245,0.4026,1,0
2023-09-25,sh.601991,2.67,-169.138329,1.728681,0.413733,-12.668998,0.3718,1,0
2023-09-26,sh.601991,2.65,-167.871375,1.715732,0.410633,-12.574099,0.2804,1,0
2023-09-27,sh.601991,2.64,-167.237898,1.709257,0.409084,-12.526649,0.3386,1,0
2023-09-28,sh.601991,2.66,-168.504852,1.722206,0.412183,-12.621548,0.2498,1,0
2023-10-09,sh.601991,2.63,-166.604421,1.702783,0.407534,-12.4792,0.3057,1,0
2023-10-10,sh.601991,2.57,-162.80356,1.663936,0.398237,-12.194503,0.5516,1,0
2023-10-11,sh.601991,2.58,-163.437037,1.670411,0.399787,-12.241953,0.3781,1,0
2023-10-12,sh.601991,2.64,-167.237898,1.709257,0.409084,-12.526649,0.4592,1,0
2023-10-13,sh.601991,2.59,-164.070514,1.676885,0.401336,-12.289402,0.6409,1,0
2023-10-16,sh.601991,2.61,-165.337467,1.689834,0.404435,-12.384301,0.3774,1,0
2023-10-17,sh.601991,2.59,-164.070514,1.676885,0.401336,-12.289402,0.6598,1,0
2023-10-18,sh.601991,2.52,-159.636175,1.631564,0.390489,-11.957256,0.4854,1,0
2023-10-19,sh.601991,2.49,-157.735745,1.61214,0.38584,-11.814908,0.4087,1,0
2023-10-20,sh.601991,2.5,-158.369222,1.618615,0.38739,-11.862357,0.376,1,0
2023-10-23,sh.601991,2.42,-153.301407,1.566819,0.374994,-11.482762,0.4378,1,0
2023-10-24,sh.601991,2.47,-156.468791,1.599192,0.382741,-11.720009,0.4206,1,0
2023-10-25,sh.601991,2.5,-158.369222,1.618615,0.38739,-11.862357,0.416,1,0
2023-10-26,sh.601991,2.55,-161.536606,1.650987,0.395138,-12.099605,0.4521,1,0
2023-10-27,sh.601991,2.61,29.070493,1.635762,0.401858,165.633419,0.6255,1,0
2023-10-30,sh.601991,2.59,28.847731,1.623228,0.398778,164.364197,0.4092,1,0
2023-10-31,sh.601991,2.59,28.847731,1.623228,0.398778,164.364197,0.3669,1,0
2023-11-01,sh.601991,2.62,29.181875,1.64203,0.403397,166.268029,0.3064,1,0
2023-11-02,sh.601991,2.61,29.070493,1.635762,0.401858,165.633419,0.351,1,0
2023-11-03,sh.601991,2.61,29.070493,1.635762,0.401858,165.633419,0.3596,1,0
2023-11-06,sh.601991,2.58,28.73635,1.61696,0.397239,163.729586,0.6374,1,0
2023-11-07,sh.601991,2.56,28.513587,1.604426,0.394159,162.460365,0.4081,1,0
2023-11-08,sh.601991,2.53,28.179444,1.585624,0.38954,160.556532,0.3965,1,0
2023-11-09,sh.601991,2.54,28.290825,1.591891,0.39108,161.191143,0.4545,1,0
2023-11-10,sh.601991,2.56,28.513587,1.604426,0.394159,162.460365,0.5409,1,0
2023-11-13,sh.601991,2.54,28.290825,1.591891,0.39108,161.191143,0.9735,1,0
2023-11-14,sh.601991,2.53,28.179444,1.585624,0.38954,160.556532,1.0334,1,0
2023-11-15,sh.601991,2.52,28.068063,1.579357,0.388001,159.921921,0.8406,1,0
2023-11-16,sh.601991,2.52,28.068063,1.579357,0.388001,159.921921,0.5634,1,0
2023-11-17,sh.601991,2.53,28.179444,1.585624,0.38954,160.556532,0.4426,1,0
2023-11-20,sh.601991,2.56,28.513587,1.604426,0.394159,162.460365,0.9285,1,0
2023-11-21,sh.601991,2.55,28.402206,1.598159,0.39262,161.825754,0.5704,1,0
2023-11-22,sh.601991,2.51,27.956681,1.573089,0.386461,159.287311,0.5246,1,0
2023-11-23,sh.601991,2.53,28.179444,1.585624,0.38954,160.556532,0.3599,1,0
2023-11-24,sh.601991,2.49,27.733919,1.560555,0.383381,158.018089,0.4537,1,0
2023-11-27,sh.601991,2.51,27.956681,1.573089,0.386461,159.287311,0.4829,1,0
2023-11-28,sh.601991,2.51,27.956681,1.573089,0.386461,159.287311,0.2715,1,0
2023-11-29,sh.601991,2.47,27.511157,1.54802,0.380302,156.748867,0.409,1,0
2023-11-30,sh.601991,2.5,27.8453,1.566822,0.384921,158.6527,0.6303,1,0
2023-12-01,sh.601991,2.5,27.8453,1.566822,0.384921,158.6527,0.4913,1,0
2023-12-04,sh.601991,2.49,27.733919,1.560555,0.383381,158.018089,0.3713,1,0
2023-12-05,sh.601991,2.45,27.288394,1.535486,0.377223,155.479646,0.6021,1,0
2023-12-06,sh.601991,2.44,27.177013,1.529218,0.375683,154.845035,0.4341,1,0
2023-12-07,sh.601991,2.46,27.399775,1.541753,0.378762,156.114257,0.5243,1,0
2023-12-08,sh.601991,2.5,27.8453,1.566822,0.384921,158.6527,0.726,1,0
2023-12-11,sh.601991,2.5,27.8453,1.566822,0.384921,158.6527,0.6798,1,0
2023-12-12,sh.601991,2.5,27.8453,1.566822,0.384921,158.6527,0.4519,1,0
2023-12-13,sh.601991,2.48,27.622538,1.554288,0.381842,157.383478,0.606,1,0
2023-12-14,sh.601991,2.49,27.733919,1.560555,0.383381,158.018089,0.4893,1,0
2023-12-15,sh.601991,2.47,27.511157,1.54802,0.380302,156.748867,0.517,1,0
2023-12-18,sh.601991,2.44,27.177013,1.529218,0.375683,154.845035,0.5111,1,0
2023-12-19,sh.601991,2.41,26.842869,1.510417,0.371064,152.941203,0.5092,1,0
2023-12-20,sh.601991,2.41,26.842869,1.510417,0.371064,152.941203,0.5234,1,0
2023-12-21,sh.601991,2.41,26.842869,1.510417,0.371064,152.941203,0.4704,1,0
2023-12-22,sh.601991,2.4,26.731488,1.504149,0.369524,152.306592,0.4105,1,0
2023-12-25,sh.601991,2.39,26.620107,1.497882,0.367985,151.671981,0.3088,1,0
2023-12-26,sh.601991,2.38,26.508726,1.491615,0.366445,151.03737,0.3356,1,0
2023-12-27,sh.601991,2.39,26.620107,1.497882,0.367985,151.671981,0.5078,1,0
2023-12-28,sh.601991,2.41,26.842869,1.510417,0.371064,152.941203,0.4971,1,0
2023-12-29,sh.601991,2.42,26.954251,1.516684,0.372604,153.575813,0.3524,1,0
2024-01-02,sh.601991,2.5,27.8453,1.566822,0.384921,158.6527,0.9555,1,0
2024-01-03,sh.601991,2.58,28.73635,1.61696,0.397239,163.729586,1.0539,1,0
2024-01-04,sh.601991,2.58,28.73635,1.61696,0.397239,163.729586,0.7649,1,0
2024-01-05,sh.601991,2.57,28.624969,1.610693,0.395699,163.094975,0.7583,1,0
2024-01-08,sh.601991,2.52,28.068063,1.579357,0.388001,159.921921,0.4816,1,0
2024-01-09,sh.601991,2.55,28.402206,1.598159,0.39262,161.825754,0.506,1,0
2024-01-10,sh.601991,2.52,28.068063,1.579357,0.388001,159.921921,0.324,1,0
2024-01-11,sh.601991,2.48,27.622538,1.554288,0.381842,157.383478,0.5796,1,0
2024-01-12,sh.601991,2.56,28.513587,1.604426,0.394159,162.460365,0.9201,1,0
2024-01-15,sh.601991,2.56,28.513587,1.604426,0.394159,162.460365,0.5279,1,0
2024-01-16,sh.601991,2.52,28.068063,1.579357,0.388001,159.921921,0.7347,1,0
2024-01-17,sh.601991,2.47,27.511157,1.54802,0.380302,156.748867,0.5104,1,0
2024-01-18,sh.601991,2.39,26.620107,1.497882,0.367985,151.671981,1.0988,1,0
2024-01-19,sh.601991,2.32,25.840439,1.454011,0.357207,147.229705,1.042,1,0
2024-01-22,sh.601991,2.23,24.838008,1.397605,0.34335,141.518208,0.7879,1,0
2024-01-23,sh.601991,2.3,25.617676,1.441476,0.354127,145.960484,0.6524,1,0
2024-01-24,sh.601991,2.37,26.397345,1.485347,0.364905,150.402759,0.7046,1,0
2024-01-25,sh.601991,2.5,27.8453,1.566822,0.384921,158.6527,0.8201,1,0
2024-01-26,sh.601991,2.5,27.8453,1.566822,0.384921,158.6527,0.6484,1,0
2024-01-29,sh.601991,2.51,27.956681,1.573089,0.386461,159.287311,0.8006,1,0
2024-01-30,sh.601991,2.48,27.622538,1.554288,0.381842,157.383478,0.7854,1,0
2024-01-31,sh.601991,2.44,27.177013,1.529218,0.375683,154.845035,0.9983,1,0
2024-02-01,sh.601991,2.39,26.620107,1.497882,0.367985,151.671981,0.7411,1,0
2024-02-02,sh.601991,2.35,26.174582,1.472813,0.361826,149.133538,0.772,1,0
2024-02-05,sh.601991,2.28,25.394914,1.428942,0.351048,144.691262,1.0113,1,0
2024-02-06,sh.601991,2.38,26.508726,1.491615,0.366445,151.03737,0.9922,1,0
2024-02-07,sh.601991,2.51,27.956681,1.573089,0.386461,159.287311,1.1903,1,0
2024-02-08,sh.601991,2.51,27.956681,1.573089,0.386461,159.287311,1.0445,1,0
2024-02-19,sh.601991,2.54,28.290825,1.591891,0.39108,161.191143,0.8785,1,0
2024-02-20,sh.601991,2.55,28.402206,1.598159,0.39262,161.825754,0.5816,1,0
2024-02-21,sh.601991,2.54,28.290825,1.591891,0.39108,161.191143,0.8083,1,0
2024-02-22,sh.601991,2.55,28.402206,1.598159,0.39262,161.825754,0.604,1,0
2024-02-23,sh.601991,2.6,28.959112,1.629495,0.400318,164.998808,0.9497,1,0
2024-02-26,sh.601991,2.53,28.179444,1.585624,0.38954,160.556532,0.9765,1,0
2024-02-27,sh.601991,2.55,28.402206,1.598159,0.39262,161.825754,0.6333,1,0
2024-02-28,sh.601991,2.54,28.290825,1.591891,0.39108,161.191143,1.0887,1,0
2024-02-29,sh.601991,2.57,28.624969,1.610693,0.395699,163.094975,0.6863,1,0
2024-03-01,sh.601991,2.57,28.624969,1.610693,0.395699,163.094975,0.851,1,0
2024-03-04,sh.601991,2.65,29.516018,1.660831,0.408016,168.171862,1.0648,1,0
2024-03-05,sh.601991,2.65,29.516018,1.660831,0.408016,168.171862,1.2653,1,0
2024-03-06,sh.601991,2.7,30.072924,1.692168,0.415715,171.344916,1.0292,1,0
2024-03-07,sh.601991,2.71,30.184305,1.698435,0.417255,171.979527,1.0778,1,0
2024-03-08,sh.601991,2.8,31.186736,1.754841,0.431112,177.691024,1.4921,1,0
2024-03-11,sh.601991,2.78,30.963974,1.742306,0.428032,176.421802,1.3649,1,0
2024-03-12,sh.601991,2.69,29.961543,1.685901,0.414175,170.710305,1.1706,1,0
2024-03-13,sh.601991,2.72,30.295687,1.704703,0.418794,172.614137,0.7891,1,0
2024-03-14,sh.601991,2.73,30.407068,1.71097,0.420334,173.248748,0.695,1,0
2024-03-15,sh.601991,2.79,31.075355,1.748574,0.429572,177.056413,1.0858,1,0
2024-03-18,sh.601991,2.86,31.855023,1.792445,0.44035,181.498689,1.3361,1,0
2024-03-19,sh.601991,2.81,31.298117,1.761108,0.432651,178.325635,0.8202,1,0
2024-03-20,sh.601991,2.84,31.632261,1.77991,0.43727,180.229467,0.7369,1,0
2024-03-21,sh.601991,2.88,32.077786,1.804979,0.443429,182.76791,0.9376,1,0
2024-03-22,sh.601991,2.83,31.52088,1.773643,0.435731,179.594856,0.9507,1,0
2024-03-25,sh.601991,2.78,37.687871,1.878846,0.420317,-48.207203,0.889,1,0
2024-03-26,sh.601991,2.86,38.772414,1.932914,0.432412,-49.594461,0.9851,1,0
2024-03-27,sh.601991,2.84,38.501279,1.919397,0.429388,-49.247646,0.8608,1,0
2024-03-28,sh.601991,2.85,38.636846,1.926156,0.4309,-49.421053,0.8137,1,0
2024-03-29,sh.601991,2.93,39.721389,1.980223,0.442996,-50.808311,0.9919,1,0
2024-04-01,sh.601991,2.92,39.585822,1.973465,0.441484,-50.634904,0.8603,1,0
2024-04-02,sh.601991,3.0,40.670365,2.027532,0.453579,-52.022161,1.178,1,0
2024-04-03,sh.601991,3.03,41.077068,2.047807,0.458115,-52.542383,0.9835,1,0
2024-04-08,sh.601991,3.07,41.61934,2.074841,0.464163,-53.236012,1.1221,1,0
2024-04-09,sh.601991,3.08,41.754908,2.0816,0.465675,-53.409419,1.0512,1,0
2024-04-10,sh.601991,3.08,41.754908,2.0816,0.465675,-53.409419,0.9257,1,0
2024-04-11,sh.601991,3.15,42.703883,2.128909,0.476258,-54.623269,1.3055,1,0
2024-04-12,sh.601991,3.11,42.161611,2.101875,0.470211,-53.929641,1.003,1,0
2024-04-15,sh.601991,3.12,42.297179,2.108633,0.471722,-54.103048,1.2354,1,0
2024-04-16,sh.601991,3.04,41.212636,2.054566,0.459627,-52.71579,1.1439,1,0
2024-04-17,sh.601991,3.13,42.432747,2.115392,0.473234,-54.276455,0.9144,1,0
2024-04-18,sh.601991,3.04,41.212636,2.054566,0.459627,-52.71579,1.1832,1,0
2024-04-19,sh.601991,3.0,40.670365,2.027532,0.453579,-52.022161,0.918,1,0
2024-04-22,sh.601991,2.97,40.263661,2.007257,0.449043,-51.50194,0.8395,1,0
2024-04-23,sh.601991,2.94,39.856957,1.986981,0.444508,-50.981718,0.8287,1,0
2024-04-24,sh.601991,3.02,40.9415,2.041049,0.456603,-52.368976,0.9765,1,0
2024-04-25,sh.601991,2.99,40.534797,2.020774,0.452067,-51.848754,0.481,1,0
2024-04-26,sh.601991,3.06,41.483772,2.068083,0.462651,-53.062605,0.7907,1,0
2024-04-29,sh.601991,3.02,21.835206,1.962848,0.446793,32.949484,1.3274,1,0
2024-04-30,sh.601991,3.02,21.835206,1.962848,0.446793,32.949484,0.8344,1,0
2024-05-06,sh.601991,3.14,22.70283,2.040842,0.464546,34.258735,1.4171,1,0
2024-05-07,sh.601991,3.1,22.413622,2.014844,0.458629,33.822318,1.0307,1,0
2024-05-08,sh.601991,3.07,22.196716,1.995345,0.45419,33.495005,0.7309,1,0
2024-05-09,sh.601991,3.07,22.196716,1.995345,0.45419,33.495005,0.5747,1,0
2024-05-10,sh.601991,3.13,22.630528,2.034342,0.463067,34.149631,0.9241,1,0
2024-05-13,sh.601991,3.17,22.919736,2.06034,0.468985,34.586048,1.0662,1,0
2024-05-14,sh.601991,3.23,23.353548,2.099337,0.477861,35.240673,1.2168,1,0
2024-05-15,sh.601991,3.13,22.630528,2.034342,0.463067,34.149631,1.0321,1,0
2024-05-16,sh.601991,3.04,21.97981,1.975847,0.449752,33.167693,1.2853,1,0
2024-05-17,sh.601991,3.04,21.97981,1.975847,0.449752,33.167693,0.8453,1,0
2024-05-20,sh.601991,3.12,22.558226,2.027843,0.461588,34.040527,0.937,1,0
2024-05-21,sh.601991,3.08,22.269018,2.001845,0.45567,33.60411,0.678,1,0
2024-05-22,sh.601991,3.05,22.052112,1.982346,0.451231,33.276797,0.6876,1,0
2024-05-23,sh.601991,2.98,21.545998,1.93685,0.440875,32.513067,0.829,1,0
2024-05-24,sh.601991,3.05,22.052112,1.982346,0.451231,33.276797,1.0353,1,0
2024-05-27,sh.601991,3.1,22.413622,2.014844,0.458629,33.822318,0.9936,1,0
2024-05-28,sh.601991,3.11,22.485924,2.021343,0.460108,33.931422,1.1262,1,0
2024-05-29,sh.601991,3.12,22.558226,2.027843,0.461588,34.040527,0.9085,1,0
2024-05-30,sh.601991,3.04,21.97981,1.975847,0.449752,33.167693,0.8385,1,0
2024-05-31,sh.601991,3.03,21.907508,1.969347,0.448273,33.058588,0.6444,1,0
2024-06-03,sh.601991,3.04,21.97981,1.975847,0.449752,33.167693,0.7318,1,0
2024-06-04,sh.601991,3.09,22.34132,2.008344,0.457149,33.713214,0.8203,1,0
2024-06-05,sh.601991,3.04,21.97981,1.975847,0.449752,33.167693,0.7666,1,0
2024-06-06,sh.601991,3.07,22.196716,1.995345,0.45419,33.495005,1.0981,1,0
2024-06-07,sh.601991,3.17,22.919736,2.06034,0.468985,34.586048,1.5259,1,0
2024-06-11,sh.601991,3.08,22.269018,2.001845,0.45567,33.60411,1.6048,1,0
2024-06-12,sh.601991,3.11,22.485924,2.021343,0.460108,33.931422,0.8528,1,0
2024-06-13,sh.601991,3.13,22.630528,2.034342,0.463067,34.149631,0.9988,1,0
2024-06-14,sh.601991,3.09,22.34132,2.008344,0.457149,33.713214,1.1167,1,0
2024-06-17,sh.601991,3.03,21.907508,1.969347,0.448273,33.058588,1.1942,1,0
2024-06-18,sh.601991,2.99,21.6183,1.943349,0.442355,32.622171,0.9152,1,0
2024-06-19,sh.601991,2.98,21.545998,1.93685,0.440875,32.513067,0.6084,1,0
2024-06-20,sh.601991,2.95,21.329092,1.917351,0.436437,32.185754,0.715,1,0
2024-06-21,sh.601991,2.97,21.473696,1.93035,0.439396,32.403963,0.6669,1,0
2024-06-24,sh.601991,2.95,21.329092,1.917351,0.436437,32.185754,0.7117,1,0
2024-06-25,sh.601991,2.94,21.25679,1.910852,0.434958,32.07665,0.5433,1,0
2024-06-26,sh.601991,2.95,21.329092,1.917351,0.436437,32.185754,0.8251,1,0
2024-06-27,sh.601991,2.91,21.039884,1.891353,0.430519,31.749337,0.6374,1,0
2024-06-28,sh.601991,3.01,21.762904,1.956348,0.445314,32.84038,1.1259,1,0
2024-07-01,sh.601991,3.12,22.558226,2.027843,0.461588,34.040527,1.1324,1,0
2024-07-02,sh.601991,3.15,22.775132,2.047341,0.466026,34.367839,0.8796,1,0
2024-07-03,sh.601991,3.12,22.558226,2.027843,0.461588,34.040527,0.7371,1,0
2024-07-04,sh.601991,3.09,22.34132,2.008344,0.457149,33.713214,0.7047,1,0
2024-07-05,sh.601991,3.06,22.124414,1.988846,0.452711,33.385901,0.8129,1,0
2024-07-08,sh.601991,3.08,22.269018,2.001845,0.45567,33.60411,0.8491,1,0
2024-07-09,sh.601991,3.19,23.06434,2.073339,0.471944,34.804256,1.13,1,0
2024-07-10,sh.601991,3.17,22.919736,2.06034,0.468985,34.586048,1.6602,1,0
2024-07-11,sh.601991,3.14,22.70283,2.040842,0.464546,34.258735,1.5947,1,0
2024-07-12,sh.601991,3.1,22.413622,2.014844,0.458629,33.822318,0.9811,1,0
2024-07-15,sh.601991,3.08,22.269018,2.001845,0.45567,33.60411,0.7886,1,0
2024-07-16,sh.601991,3.07,22.196716,1.995345,0.45419,33.495005,0.5493,1,0
2024-07-17,sh.601991,2.96,21.401394,1.923851,0.437916,32.294859,0.9884,1,0
2024-07-18,sh.601991,2.99,21.6183,1.943349,0.442355,32.622171,0.7239,1,0
2024-07-19,sh.601991,3.0,21.690602,1.949849,0.443834,32.731276,0.5969,1,0
2024-07-22,sh.601991,2.96,21.401394,1.923851,0.437916,32.294859,0.5202,1,0
2024-07-23,sh.601991,2.9,20.967582,1.884854,0.42904,31.640233,0.6166,1,0
2024-07-24,sh.601991,2.99,21.6183,1.943349,0.442355,32.622171,1.0917,1,0
2024-07-25,sh.601991,3.0,21.690602,1.949849,0.443834,32.731276,0.6434,1,0
2024-07-26,sh.601991,2.99,21.6183,1.943349,0.442355,32.622171,0.5196,1,0
2024-07-29,sh.601991,3.04,21.97981,1.975847,0.449752,33.167693,0.5574,1,0
2024-07-30,sh.601991,2.99,21.6183,1.943349,0.442355,32.622171,0.5949,1,0
2024-07-31,sh.601991,2.99,21.6183,1.943349,0.442355,32.622171,0.8131,1,0
2024-08-01,sh.601991,2.96,21.401394,1.923851,0.437916,32.294859,0.6652,1,0
2024-08-02,sh.601991,2.93,21.184488,1.904352,0.433478,31.967546,0.5224,1,0
2024-08-05,sh.601991,2.84,20.53377,1.845857,0.420163,30.985607,0.82,1,0
2024-08-06,sh.601991,2.85,20.606072,1.852356,0.421642,31.094712,0.5683,1,0
2024-08-07,sh.601991,2.88,20.822978,1.871855,0.426081,31.422024,0.6189,1,0
2024-08-08,sh.601991,2.88,20.822978,1.871855,0.426081,31.422024,0.4037,1,0
2024-08-09,sh.601991,2.84,20.53377,1.845857,0.420163,30.985607,0.4344,1,0
2024-08-12,sh.601991,2.84,20.53377,1.845857,0.420163,30.985607,0.3035,1,0
2024-08-13,sh.601991,2.85,20.606072,1.852356,0.421642,31.094712,0.3692,1,0
2024-08-14,sh.601991,2.88,20.822978,1.871855,0.426081,31.422024,0.4553,1,0
2024-08-15,sh.601991,2.92,21.112186,1.897853,0.431999,31.858442,0.4398,1,0
2024-08-16,sh.601991,2.91,21.039884,1.891353,0.430519,31.749337,0.4084,1,0
2024-08-19,sh.601991,2.9,20.967582,1.884854,0.42904,31.640233,0.3263,1,0
2024-08-20,sh.601991,2.83,20.461468,1.839357,0.418684,30.876503,0.5413,1,0
2024-08-21,sh.601991,2.74,19.810749,1.780862,0.405369,29.894565,0.7149,1,0
2024-08-22,sh.601991,2.73,19.738447,1.774362,0.403889,29.785461,0.4953,1,0
2024-08-23,sh.601991,2.71,16.966658,1.687289,0.409372,28.254997,0.3843,1,0
2024-08-26,sh.601991,2.73,17.091873,1.699742,0.412393,28.463521,0.3933,1,0
2024-08-27,sh.601991,2.69,16.841442,1.674837,0.406351,28.046473,0.4549,1,0
2024-08-28,sh.601991,2.72,17.029265,1.693516,0.410883,28.359259,0.4943,1,0
2024-08-29,sh.601991,2.69,16.841442,1.674837,0.406351,28.046473,0.4392,1,0
2024-08-30,sh.601991,2.72,17.029265,1.693516,0.410883,28.359259,0.5711,1,0
2024-09-02,sh.601991,2.71,16.966658,1.687289,0.409372,28.254997,0.5362,1,0
2024-09-03,sh.601991,2.63,16.465797,1.63748,0.397287,27.420902,0.7864,1,0
2024-09-04,sh.601991,2.6,16.277974,1.618802,0.392755,27.108116,0.5821,1,0
2024-09-05,sh.601991,2.6,16.277974,1.618802,0.392755,27.108116,0.5021,1,0
2024-09-06,sh.601991,2.57,16.090151,1.600123,0.388224,26.79533,0.4346,1,0
2024-09-09,sh.601991,2.54,15.902329,1.581445,0.383692,26.482544,0.5756,1,0
2024-09-10,sh.601991,2.5,15.651898,1.55654,0.37765,26.065496,0.6012,1,0
2024-09-11,sh.601991,2.41,15.08843,1.500505,0.364054,25.127138,0.6525,1,0
2024-09-12,sh.601991,2.42,15.151037,1.506731,0.365565,25.2314,0.6242,1,0
2024-09-13,sh.601991,2.43,15.213645,1.512957,0.367075,25.335662,0.5054,1,0
2024-09-18,sh.601991,2.47,15.464075,1.537862,0.373118,25.75271,0.4948,1,0
2024-09-19,sh.601991,2.48,15.526683,1.544088,0.374628,25.856972,0.705,1,0
2024-09-20,sh.601991,2.46,15.401468,1.531635,0.371607,25.648448,0.4928,1,0
2024-09-23,sh.601991,2.53,15.839721,1.575219,0.382181,26.378282,0.7492,1,0
2024-09-24,sh.601991,2.61,16.340582,1.625028,0.394266,27.212378,0.7592,1,0
2024-09-25,sh.601991,2.62,16.403189,1.631254,0.395777,27.31664,0.9014,1,0
2024-09-26,sh.601991,2.68,16.778835,1.668611,0.40484,27.942211,1.0752,1,0
2024-09-27,sh.601991,2.76,17.279696,1.71842,0.416925,28.776307,0.9836,1,0
2024-09-30,sh.601991,2.97,18.594455,1.84917,0.448648,30.965809,1.9758,1,0
2024-10-08,sh.601991,3.01,18.844885,1.874074,0.45469,31.382857,2.5065,1,0
2024-10-09,sh.601991,2.82,17.655341,1.755777,0.425989,29.401879,1.6938,1,0
2024-10-10,sh.601991,2.9,18.156202,1.805586,0.438073,30.235975,1.4489,1,0
2024-10-11,sh.601991,2.83,17.717949,1.762003,0.427499,29.506141,0.7701,1,0
2024-10-14,sh.601991,2.85,17.843164,1.774456,0.43052,29.714665,0.9045,1,0
2024-10-15,sh.601991,2.77,17.342303,1.724646,0.418436,28.880569,0.8596,1,0
2024-10-16,sh.601991,2.79,17.467518,1.737099,0.421457,29.089093,0.6841,1,0
2024-10-17,sh.601991,2.74,17.15448,1.705968,0.413904,28.567783,0.6461,1,0
2024-10-18,sh.601991,2.79,17.467518,1.737099,0.421457,29.089093,1.0744,1,0
2024-10-21,sh.601991,2.79,17.467518,1.737099,0.421457,29.089093,0.8651,1,0
2024-10-22,sh.601991,2.94,18.406632,1.830491,0.444116,30.653023,1.5543,1,0
2024-10-23,sh.601991,2.91,18.218809,1.811813,0.439584,30.340237,0.8958,1,0
2024-10-24,sh.601991,2.91,18.218809,1.811813,0.439584,30.340237,0.5134,1,0
2024-10-25,sh.601991,2.88,18.030987,1.793134,0.435052,30.027451,0.782,1,0
2024-10-28,sh.601991,2.98,18.657063,1.855396,0.450158,31.070071,1.156,1,0
2024-10-29,sh.601991,2.89,18.093594,1.79936,0.436563,30.131713,0.9767,1,0
2024-10-30,sh.601991,2.91,18.199551,1.749281,0.438659,252.82154,0.9189,1,0
2024-10-31,sh.601991,2.95,18.449717,1.773326,0.444689,256.29675,1.1535,1,0
2024-11-01,sh.601991,2.96,18.512258,1.779337,0.446196,257.165553,1.2073,1,0
2024-11-04,sh.601991,2.95,18.449717,1.773326,0.444689,256.29675,0.7746,1,0
2024-11-05,sh.601991,2.99,18.699882,1.797371,0.450718,259.771961,1.1395,1,0
2024-11-06,sh.601991,2.94,18.387175,1.767314,0.443181,255.427948,1.3369,1,0
2024-11-07,sh.601991,3.04,19.012589,1.827427,0.458256,264.115973,1.7862,1,0
2024-11-08,sh.601991,3.02,18.887506,1.815405,0.455241,262.378368,1.4215,1,0
2024-11-11,sh.601991,2.98,18.637341,1.79136,0.449211,258.903158,1.086,1,0
2024-11-12,sh.601991,2.95,18.449717,1.773326,0.444689,256.29675,1.0832,1,0
2024-11-13,sh.601991,2.95,18.449717,1.773326,0.444689,256.29675,0.7885,1,0
2024-11-14,sh.601991,2.88,18.011927,1.731247,0.434137,250.215133,0.9445,1,0
2024-11-15,sh.601991,2.84,17.761761,1.707202,0.428107,246.739922,0.7995,1,0
2024-11-18,sh.601991,2.9,18.137009,1.743269,0.437152,251.952738,1.2048,1,0
2024-11-19,sh.601991,2.88,18.011927,1.731247,0.434137,250.215133,0.8214,1,0
2024-11-20,sh.601991,2.91,18.199551,1.749281,0.438659,252.82154,0.8759,1,0
2024-11-21,sh.601991,2.91,18.199551,1.749281,0.438659,252.82154,0.5674,1,0
2024-11-22,sh.601991,2.81,17.574137,1.689168,0.423585,244.133515,0.7929,1,0
2024-11-25,sh.601991,2.8,17.511595,1.683157,0.422077,243.264712,0.7468,1,0
2024-11-26,sh.601991,2.78,17.386513,1.671134,0.419063,241.527107,0.4898,1,0
2024-11-27,sh.601991,2.81,17.574137,1.689168,0.423585,244.133515,0.6865,1,0
2024-11-28,sh.601991,2.8,17.511595,1.683157,0.422077,243.264712,0.5029,1,0
2024-11-29,sh.601991,2.82,17.636678,1.695179,0.425092,245.002317,0.6055,1,0
2024-12-02,sh.601991,2.86,17.886844,1.719224,0.431122,248.477527,0.781,1,0
2024-12-03,sh.601991,2.87,17.949385,1.725236,0.432629,249.34633,0.7378,1,0
2024-12-04,sh.601991,2.84,17.761761,1.707202,0.428107,246.739922,0.5454,1,0
2024-12-05,sh.601991,2.83,17.69922,1.70119,0.4266,245.87112,0.5502,1,0
2024-12-06,sh.601991,2.91,18.199551,1.749281,0.438659,252.82154,1.175,1,0
2024-12-09,sh.601991,2.96,18.512258,1.779337,0.446196,257.165553,1.1443,1,0
2024-12-10,sh.601991,2.93,18.324634,1.761303,0.441674,254.559145,1.003,1,0
2024-12-11,sh.601991,2.96,18.512258,1.779337,0.446196,257.165553,0.6883,1,0
2024-12-12,sh.601991,2.96,18.512258,1.779337,0.446196,257.165553,0.7942,1,0
2024-12-13,sh.601991,2.88,18.011927,1.731247,0.434137,250.215133,0.7971,1,0
2024-12-16,sh.601991,2.94,18.387175,1.767314,0.443181,255.427948,0.923,1,0
2024-12-17,sh.601991,2.9,18.137009,1.743269,0.437152,251.952738,0.7229,1,0
2024-12-18,sh.601991,2.95,18.449717,1.773326,0.444689,256.29675,1.2245,1,0
2024-12-19,sh.601991,2.89,18.074468,1.737258,0.435644,251.083935,0.9704,1,0
2024-12-20,sh.601991,2.85,17.824302,1.713213,0.429615,247.608725,0.8167,1,0
2024-12-23,sh.601991,2.87,17.949385,1.725236,0.432629,249.34633,0.8411,1,0
2024-12-24,sh.601991,2.94,18.387175,1.767314,0.443181,255.427948,1.021,1,0
2024-12-25,sh.601991,2.92,18.262092,1.755292,0.440167,253.690343,0.5274,1,0
2024-12-26,sh.601991,2.88,18.011927,1.731247,0.434137,250.215133,0.742,1,0
2024-12-27,sh.601991,2.93,18.324634,1.761303,0.441674,254.559145,0.8105,1,0
2024-12-30,sh.601991,2.89,18.074468,1.737258,0.435644,251.083935,0.7784,1,0
2024-12-31,sh.601991,2.85,17.824302,1.713213,0.429615,247.608725,0.9508,1,0
2025-01-02,sh.601991,2.76,17.26143,1.659112,0.416048,239.789502,1.1577,1,0
2025-01-03,sh.601991,2.73,17.073805,1.641078,0.411526,237.183094,0.7551,1,0
2025-01-06,sh.601991,2.72,17.011264,1.635066,0.410018,236.314292,0.6205,1,0
2025-01-07,sh.601991,2.72,17.011264,1.635066,0.410018,236.314292,0.5892,1,0
2025-01-08,sh.601991,2.73,17.073805,1.641078,0.411526,237.183094,0.8491,1,0
2025-01-09,sh.601991,2.69,16.82364,1.617033,0.405496,233.707884,0.5597,1,0
2025-01-10,sh.601991,2.64,16.510933,1.586976,0.397959,229.363872,0.4505,1,0
2025-01-13,sh.601991,2.61,16.323309,1.568942,0.393436,226.757464,0.7256,1,0
2025-01-14,sh.601991,2.67,16.698557,1.60501,0.402481,231.970279,0.6251,1,0
2025-01-15,sh.601991,2.64,16.510933,1.586976,0.397959,229.363872,0.5009,1,0
2025-01-16,sh.601991,2.64,16.510933,1.586976,0.397959,229.363872,0.5624,1,0
2025-01-17,sh.601991,2.64,16.510933,1.586976,0.397959,229.363872,0.4471,1,0
2025-01-20,sh.601991,2.62,16.38585,1.574954,0.394944,227.626266,0.5613,1,0
2025-01-21,sh.601991,2.63,16.448391,1.580965,0.396451,228.495069,0.5265,1,0
2025-01-22,sh.601991,2.63,16.448391,1.580965,0.396451,228.495069,0.4498,1,0
2025-01-23,sh.601991,2.66,16.636016,1.598999,0.400974,231.101477,0.7079,1,0
2025-01-24,sh.601991,2.67,16.698557,1.60501,0.402481,231.970279,0.6237,1,0
2025-01-27,sh.601991,2.74,17.136347,1.647089,0.413033,238.051897,0.9774,1,0
2025-02-05,sh.601991,2.71,16.948723,1.629055,0.408511,235.445489,0.7112,1,0
2025-02-06,sh.601991,2.77,17.323971,1.665123,0.417555,240.658305,0.7528,1,0
2025-02-07,sh.601991,2.77,17.323971,1.665123,0.417555,240.658305,0.7223,1,0
2025-02-10,sh.601991,2.76,17.26143,1.659112,0.416048,239.789502,0.6332,1,0
2025-02-11,sh.601991,2.77,17.323971,1.665123,0.417555,240.658305,0.5305,1,0
2025-02-12,sh.601991,2.78,17.386513,1.671134,0.419063,241.527107,0.4822,1,0
2025-02-13,sh.601991,2.75,17.198888,1.6531,0.41454,238.9207,0.5284,1,0
2025-02-14,sh.601991,2.75,17.198888,1.6531,0.41454,238.9207,0.3913,1,0
2025-02-17,sh.601991,2.79,17.449054,1.677145,0.42057,242.39591,0.8134,1,0
2025-02-18,sh.601991,2.77,17.323971,1.665123,0.417555,240.658305,0.7017,1,0
2025-02-19,sh.601991,2.75,17.198888,1.6531,0.41454,238.9207,0.5397,1,0
2025-02-20,sh.601991,2.77,17.323971,1.665123,0.417555,240.658305,0.6195,1,0
2025-02-21,sh.601991,2.75,17.198888,1.6531,0.41454,238.9207,0.6153,1,0
2025-02-24,sh.601991,2.77,17.323971,1.665123,0.417555,240.658305,0.6421,1,0
2025-02-25,sh.601991,2.75,17.198888,1.6531,0.41454,238.9207,0.5584,1,0
2025-02-26,sh.601991,2.8,17.511595,1.683157,0.422077,243.264712,0.8439,1,0
2025-02-27,sh.601991,2.8,17.511595,1.683157,0.422077,243.264712,0.4908,1,0
2025-02-28,sh.601991,2.78,17.386513,1.671134,0.419063,241.527107,0.6497,1,0
2025-03-03,sh.601991,2.75,17.198888,1.6531,0.41454,238.9207,0.7427,1,0
2025-03-04,sh.601991,2.77,17.323971,1.665123,0.417555,240.658305,0.4755,1,0
2025-03-05,sh.601991,2.76,17.26143,1.659112,0.416048,239.789502,0.3987,1,0
2025-03-06,sh.601991,2.79,17.449054,1.677145,0.42057,242.39591,0.5836,1,0
2025-03-07,sh.601991,2.76,17.26143,1.659112,0.416048,239.789502,0.4378,1,0
2025-03-10,sh.601991,2.75,17.198888,1.6531,0.41454,238.9207,0.4311,1,0
2025-03-11,sh.601991,2.75,17.198888,1.6531,0.41454,238.9207,0.5267,1,0
2025-03-12,sh.601991,2.8,17.511595,1.683157,0.422077,243.264712,0.741,1,0
2025-03-13,sh.601991,2.84,17.761761,1.707202,0.428107,246.739922,1.0165,1,0
2025-03-14,sh.601991,2.85,17.824302,1.713213,0.429615,247.608725,0.7464,1,0
2025-03-17,sh.601991,2.89,18.074468,1.737258,0.435644,251.083935,0.8152,1,0
2025-03-18,sh.601991,2.88,18.011927,1.731247,0.434137,250.215133,0.4639,1,0
2025-03-19,sh.601991,2.94,18.387175,1.767314,0.443181,255.427948,1.0383,1,0
2025-03-20,sh.601991,2.97,18.574799,1.785348,0.447704,258.034355,0.8071,1,0
2025-03-21,sh.601991,2.98,18.637341,1.79136,0.449211,258.903158,1.0412,1,0
2025-03-24,sh.601991,3.01,18.824965,1.809393,0.453733,261.509566,0.8756,1,0
2025-03-25,sh.601991,3.03,18.950048,1.821416,0.456748,263.247171,0.9222,1,0
2025-03-26,sh.601991,2.92,11.992321,1.784149,0.437661,-42.054388,1.4856,1,0
2025-03-27,sh.601991,2.89,11.869113,1.765819,0.433165,-41.622323,0.6982,1,0
2025-03-28,sh.601991,2.85,11.704834,1.741378,0.427169,-41.046235,0.6822,1,0
2025-03-31,sh.601991,2.95,12.11553,1.802479,0.442158,-42.486454,1.5091,1,0
2025-04-01,sh.601991,2.99,12.279809,1.82692,0.448153,-43.062542,1.0966,1,0
2025-04-02,sh.601991,2.95,12.11553,1.802479,0.442158,-42.486454,0.6347,1,0
2025-04-03,sh.601991,2.98,12.238739,1.82081,0.446654,-42.91852,0.67,1,0
2025-04-07,sh.601991,2.75,11.294138,1.680277,0.412181,-39.606016,1.5735,1,0
2025-04-08,sh.601991,2.85,11.704834,1.741378,0.427169,-41.046235,1.1656,1,0
2025-04-09,sh.601991,2.83,11.622695,1.729158,0.424171,-40.758191,1.2058,1,0
2025-04-10,sh.601991,2.84,11.663765,1.735268,0.42567,-40.902213,0.9146,1,0
2025-04-11,sh.601991,2.81,11.540556,1.716938,0.421174,-40.470148,0.7477,1,0
2025-04-14,sh.601991,2.86,11.745904,1.747489,0.428668,-41.190257,0.8114,1,0
2025-04-15,sh.601991,2.9,11.910182,1.771929,0.434663,-41.766345,0.8792,1,0
2025-04-16,sh.601991,2.93,12.033391,1.790259,0.43916,-42.19841,1.2256,1,0
2025-04-17,sh.601991,2.94,12.074461,1.796369,0.440659,-42.342432,0.7658,1,0
2025-04-18,sh.601991,2.93,12.033391,1.790259,0.43916,-42.19841,0.5577,1,0
2025-04-21,sh.601991,2.97,12.197669,1.8147,0.445155,-42.774498,0.7744,1,0
2025-04-22,sh.601991,2.95,12.11553,1.802479,0.442158,-42.486454,0.7717,1,0
2025-04-23,sh.601991,2.97,12.197669,1.8147,0.445155,-42.774498,0.9556,1,0
2025-04-24,sh.601991,3.03,12.444087,1.85136,0.454148,-43.638629,1.2537,1,0
2025-04-25,sh.601991,3.07,12.608365,1.875801,0.460144,-44.214717,1.2559,1,0
2025-04-28,sh.601991,3.12,12.813713,1.906351,0.467638,-44.934826,1.7663,1,0
2025-04-29,sh.601991,3.14,10.735211,1.798239,0.472684,-250.360049,2.6304,1,0
2025-04-30,sh.601991,3.1,10.598457,1.775331,0.466662,-247.170749,1.242,1,0
2025-05-06,sh.601991,3.19,10.906154,1.826873,0.48021,-254.346674,1.1952,1,0
2025-05-07,sh.601991,3.18,10.871965,1.821146,0.478705,-253.549349,0.9484,1,0
2025-05-08,sh.601991,3.2,10.940342,1.8326,0.481716,-255.143999,0.8708,1,0
2025-05-09,sh.601991,3.3,11.282228,1.889869,0.496769,-263.117249,1.4743,1,0
2025-05-12,sh.601991,3.24,11.077097,1.855508,0.487737,-258.333299,1.2869,1,0
2025-05-13,sh.601991,3.26,11.145474,1.866961,0.490748,-259.927949,0.9687,1,0
2025-05-14,sh.601991,3.25,11.111285,1.861234,0.489243,-259.130624,0.6915,1,0
2025-05-15,sh.601991,3.23,11.042908,1.849781,0.486232,-257.535974,0.7255,1,0
2025-05-16,sh.601991,3.22,11.00872,1.844054,0.484727,-256.738649,0.6053,1,0
2025-05-19,sh.601991,3.27,11.179662,1.872688,0.492253,-260.725274,0.8524,1,0
2025-05-20,sh.601991,3.34,11.418982,1.912776,0.502791,-266.306549,0.9502,1,0
2025-05-21,sh.601991,3.34,11.418982,1.912776,0.502791,-266.306549,0.8116,1,0
2025-05-22,sh.601991,3.29,11.24804,1.884142,0.495264,-262.319924,0.6383,1,0
2025-05-23,sh.601991,3.23,11.042908,1.849781,0.486232,-257.535974,0.7977,1,0
2025-05-26,sh.601991,3.28,11.213851,1.878415,0.493759,-261.522599,0.6804,1,0
2025-05-27,sh.601991,3.27,11.179662,1.872688,0.492253,-260.725274,0.5909,1,0
2025-05-28,sh.601991,3.22,11.00872,1.844054,0.484727,-256.738649,0.7632,1,0
2025-05-29,sh.601991,3.2,10.940342,1.8326,0.481716,-255.143999,0.5763,1,0
2025-05-30,sh.601991,3.19,10.906154,1.826873,0.48021,-254.346674,0.5747,1,0
2025-06-03,sh.601991,3.22,11.00872,1.844054,0.484727,-256.738649,0.7065,1,0
2025-06-04,sh.601991,3.2,10.940342,1.8326,0.481716,-255.143999,0.5843,1,0
2025-06-05,sh.601991,3.18,10.871965,1.821146,0.478705,-253.549349,0.502,1,0
2025-06-06,sh.601991,3.21,10.974531,1.838327,0.483221,-255.941324,0.5488,1,0
2025-06-09,sh.601991,3.22,11.00872,1.844054,0.484727,-256.738649,0.6885,1,0
2025-06-10,sh.601991,3.25,11.111285,1.861234,0.489243,-259.130624,1.0265,1,0
2025-06-11,sh.601991,3.3,11.282228,1.889869,0.496769,-263.117249,0.8078,1,0
2025-06-12,sh.601991,3.28,11.213851,1.878415,0.493759,-261.522599,0.5169,1,0
2025-06-13,sh.601991,3.3,11.282228,1.889869,0.496769,-263.117249,0.8535,1,0
2025-06-16,sh.601991,3.29,11.24804,1.884142,0.495264,-262.319924,0.8255,1,0
2025-06-17,sh.601991,3.32,11.350605,1.901323,0.49978,-264.711899,0.6312,1,0
2025-06-18,sh.601991,3.3,11.282228,1.889869,0.496769,-263.117249,0.469,1,0
2025-06-19,sh.601991,3.21,10.974531,1.838327,0.483221,-255.941324,0.8378,1,0
2025-06-20,sh.601991,3.22,11.00872,1.844054,0.484727,-256.738649,0.5872,1,0
2025-06-23,sh.601991,3.21,10.974531,1.838327,0.483221,-255.941324,0.6527,1,0
2025-06-24,sh.601991,3.22,11.00872,1.844054,0.484727,-256.738649,0.6595,1,0
2025-06-25,sh.601991,3.26,11.145474,1.866961,0.490748,-259.927949,0.5907,1,0
2025-06-26,sh.601991,3.25,11.111285,1.861234,0.489243,-259.130624,0.4971,1,0
2025-06-27,sh.601991,3.15,10.7694,1.803966,0.474189,-251.157374,1.24,1,0
2025-06-30,sh.601991,3.17,10.837777,1.815419,0.4772,-252.752024,0.6907,1,0
2025-07-01,sh.601991,3.29,11.24804,1.884142,0.495264,-262.319924,1.4337,1,0
2025-07-02,sh.601991,3.34,11.418982,1.912776,0.502791,-266.306549,1.0594,1,0
2025-07-03,sh.601991,3.32,11.350605,1.901323,0.49978,-264.711899,0.6023,1,0
2025-07-04,sh.601991,3.35,11.453171,1.918503,0.504296,-267.103874,0.7688,1,0
2025-07-07,sh.601991,3.49,11.931811,1.99868,0.525371,-278.266424,1.9664,1,0
2025-07-08,sh.601991,3.49,11.931811,1.99868,0.525371,-278.266424,1.4357,1,0
2025-07-09,sh.601991,3.5,11.965999,2.004406,0.526877,-279.063749,1.2606,1,0
2025-07-10,sh.601991,3.47,11.863434,1.987226,0.522361,-276.671774,1.0032,1,0
2025-07-11,sh.601991,3.42,11.692491,1.958591,0.514834,-272.685149,1.0089,1,0
2025-07-14,sh.601991,3.5,11.965999,2.004406,0.526877,-279.063749,1.3306,1,0
2025-07-15,sh.601991,3.37,11.521548,1.929957,0.507307,-268.698524,1.2272,1,0
2025-07-16,sh.601991,3.32,11.350605,1.901323,0.49978,-264.711899,0.8469,1,0
2025-07-17,sh.601991,3.29,11.24804,1.884142,0.495264,-262.319924,0.9797,1,0
2025-07-18,sh.601991,3.32,11.350605,1.901323,0.49978,-264.711899,0.7665,1,0
2025-07-21,sh.601991,3.54,12.102754,2.027314,0.532898,-282.253049,5.1815,1,0
2025-07-22,sh.601991,3.89,13.299354,2.227755,0.585586,-310.159424,5.3437,1,0
2025-07-23,sh.601991,3.74,12.786525,2.141851,0.563005,-298.199549,7.3875,1,0
2025-07-24,sh.601991,3.64,12.444639,2.084583,0.547952,-290.226299,3.927,1,0
2025-07-25,sh.601991,3.47,11.863434,1.987226,0.522361,-276.671774,3.1617,1,0
2025-07-28,sh.601991,3.44,11.760868,1.970045,0.517844,-274.279799,1.5428,1,0
2025-07-29,sh.601991,3.41,11.658302,1.952865,0.513328,-271.887824,1.7241,1,0
2025-07-30,sh.601991,3.47,11.863434,1.987226,0.522361,-276.671774,2.392,1,0
2025-07-31,sh.601991,3.4,11.624114,1.947138,0.511823,-271.090499,1.3137,1,0
2025-08-01,sh.601991,3.38,11.555737,1.935684,0.508812,-269.495849,0.7785,1,0
2025-08-04,sh.601991,3.38,11.555737,1.935684,0.508812,-269.495849,1.0909,1,0
2025-08-05,sh.601991,3.42,11.692491,1.958591,0.514834,-272.685149,0.8947,1,0
2025-08-06,sh.601991,3.38,11.555737,1.935684,0.508812,-269.495849,0.9137,1,0
2025-08-07,sh.601991,3.37,11.521548,1.929957,0.507307,-268.698524,0.767,1,0
2025-08-08,sh.601991,3.41,11.658302,1.952865,0.513328,-271.887824,1.0605,1,0
2025-08-11,sh.601991,3.4,11.624114,1.947138,0.511823,-271.090499,0.9504,1,0
2025-08-12,sh.601991,3.37,11.521548,1.929957,0.507307,-268.698524,0.767,1,0
2025-08-13,sh.601991,3.37,11.521548,1.929957,0.507307,-268.698524,0.6854,1,0
2025-08-14,sh.601991,3.31,11.316417,1.895596,0.498275,-263.914574,1.0116,1,0
2025-08-15,sh.601991,3.33,11.384794,1.90705,0.501285,-265.509224,0.6951,1,0
2025-08-18,sh.601991,3.36,11.487359,1.92423,0.505802,-267.901199,0.9026,1,0
2025-08-19,sh.601991,3.36,11.487359,1.92423,0.505802,-267.901199,0.8224,1,0
2025-08-20,sh.601991,3.39,11.589925,1.941411,0.510318,-270.293174,0.8409,1,0
2025-08-21,sh.601991,3.46,11.829245,1.981499,0.520855,-275.874449,1.4329,1,0
2025-08-22,sh.601991,3.38,11.555737,1.935684,0.508812,-269.495849,1.0815,1,0
2025-08-25,sh.601991,3.42,11.692491,1.958591,0.514834,-272.685149,1.2063,1,0
2025-08-26,sh.601991,3.41,11.658302,1.952865,0.513328,-271.887824,0.782,1,0
2025-08-27,sh.601991,3.36,11.487359,1.92423,0.505802,-267.901199,1.242,1,0
2025-08-28,sh.601991,3.41,11.658302,1.952865,0.513328,-271.887824,1.1396,1,0
2025-08-29,sh.601991,3.49,10.805012,1.937954,0.527904,-50.662074,2.6038,1,0
2025-09-01,sh.601991,3.59,11.114612,1.993483,0.54303,-52.113709,2.0778,1,0
2025-09-02,sh.601991,3.66,11.331331,2.032353,0.553619,-53.129854,2.1506,1,0
2025-09-03,sh.601991,3.6,11.145571,1.999035,0.544543,-52.258873,1.4428,1,0
2025-09-04,sh.601991,3.56,11.021732,1.976824,0.538492,-51.678219,1.395,1,0
2025-09-05,sh.601991,3.65,11.300371,2.0268,0.552106,-52.984691,1.3433,1,0
2025-09-08,sh.601991,3.72,11.51709,2.06567,0.562694,-54.000835,1.3899,1,0
2025-09-09,sh.601991,3.71,11.486131,2.060117,0.561182,-53.855672,1.0533,1,0
2025-09-10,sh.601991,3.68,11.393251,2.043458,0.556644,-53.420181,0.9237,1,0
2025-09-11,sh.601991,3.69,11.424211,2.049011,0.558156,-53.565345,1.1204,1,0
2025-09-12,sh.601991,3.66,11.331331,2.032353,0.553619,-53.129854,0.9989,1,0
2025-09-15,sh.601991,3.67,11.362291,2.037906,0.555131,-53.275018,1.0121,1,0
2025-09-16,sh.601991,3.58,11.083652,1.98793,0.541518,-51.968546,1.2297,1,0
2025-09-17,sh.601991,3.55,10.990772,1.971271,0.53698,-51.533055,0.7442,1,0
2025-09-18,sh.601991,3.47,10.743092,1.926848,0.524879,-50.371747,0.9672,1,0
2025-09-19,sh.601991,3.44,10.650213,1.910189,0.520341,-49.936256,0.5643,1,0
2025-09-22,sh.601991,3.39,10.495413,1.882425,0.512778,-49.210439,0.7801,1,0
2025-09-23,sh.601991,3.44,10.650213,1.910189,0.520341,-49.936256,1.1769,1,0
2025-09-24,sh.601991,3.39,10.495413,1.882425,0.512778,-49.210439,0.8948,1,0
2025-09-25,sh.601991,3.37,10.433493,1.871319,0.509753,-48.920112,0.6792,1,0
2025-09-26,sh.601991,3.37,10.433493,1.871319,0.509753,-48.920112,0.6389,1,0
2025-09-29,sh.601991,3.41,10.557333,1.893531,0.515803,-49.500766,0.8763,1,0
2025-09-30,sh.601991,3.39,10.495413,1.882425,0.512778,-49.210439,0.6864,1,0
2025-10-09,sh.601991,3.56,11.021732,1.976824,0.538492,-51.678219,1.3339,1,0
2025-10-10,sh.601991,3.61,11.176531,2.004588,0.546055,-52.404037,1.1969,1,0
2025-10-13,sh.601991,3.59,11.114612,1.993483,0.54303,-52.113709,1.2002,1,0
2025-10-14,sh.601991,3.6,11.145571,1.999035,0.544543,-52.258873,1.1943,1,0
2025-10-15,sh.601991,3.64,11.269411,2.021247,0.550593,-52.839527,1.1853,1,0
2025-10-16,sh.601991,3.63,11.238451,2.015694,0.549081,-52.694364,0.7633,1,0
2025-10-17,sh.601991,3.6,11.145571,1.999035,0.544543,-52.258873,0.874,1,0
2025-10-20,sh.601991,3.62,11.207491,2.010141,0.547568,-52.5492,1.0744,1,0
2025-10-21,sh.601991,3.67,11.362291,2.037906,0.555131,-53.275018,1.1929,1,0
2025-10-22,sh.601991,3.67,11.362291,2.037906,0.555131,-53.275018,0.8388,1,0
2025-10-23,sh.601991,3.72,11.51709,2.06567,0.562694,-54.000835,0.8815,1,0
2025-10-24,sh.601991,3.66,11.331331,2.032353,0.553619,-53.129854,0.9183,1,0
2025-10-27,sh.601991,3.73,11.54805,2.071223,0.564207,-54.145999,1.2865,1,0
2025-10-28,sh.601991,3.82,11.82669,2.121199,0.57782,-55.452471,1.5856,1,0
2025-10-29,sh.601991,3.78,10.306856,1.992786,0.574259,-94.037025,1.6843,1,0
2025-10-30,sh.601991,3.76,10.252323,1.982242,0.571221,-93.539475,1.4314,1,0
2025-10-31,sh.601991,3.64,9.925121,1.918979,0.55299,-90.554173,1.3945,1,0
2025-11-03,sh.601991,3.64,9.925121,1.918979,0.55299,-90.554173,0.9087,1,0
2025-11-04,sh.601991,3.63,9.897854,1.913707,0.551471,-90.305397,0.917,1,0
2025-11-05,sh.601991,3.69,10.061455,1.945339,0.560586,-91.798049,0.9843,1,0
2025-11-06,sh.601991,3.84,10.470457,2.024417,0.583374,-95.529677,1.8188,1,0
2025-11-07,sh.601991,3.82,10.415924,2.013873,0.580336,-95.032126,1.117,1,0
2025-11-10,sh.601991,3.84,10.470457,2.024417,0.583374,-95.529677,1.0772,1,0
2025-11-11,sh.601991,3.79,10.334123,1.998058,0.575778,-94.285801,0.9136,1,0
2025-11-12,sh.601991,3.74,10.197789,1.971698,0.568182,-93.041925,0.7488,1,0
2025-11-13,sh.601991,3.74,10.197789,1.971698,0.568182,-93.041925,0.7789,1,0
2025-11-14,sh.601991,3.68,10.034188,1.940067,0.559067,-91.549273,0.9437,1,0
2025-11-17,sh.601991,3.64,9.925121,1.918979,0.55299,-90.554173,0.9661,1,0
2025-11-18,sh.601991,3.56,9.706986,1.876804,0.540837,-88.563971,1.0307,1,0
2025-11-19,sh.601991,3.58,9.76152,1.887347,0.543875,-89.061521,0.6099,1,0
2025-11-20,sh.601991,3.57,9.734253,1.882075,0.542356,-88.812746,0.5423,1,0
2025-11-21,sh.601991,3.47,9.461585,1.829356,0.527164,-86.324994,0.9094,1,0
2025-11-24,sh.601991,3.43,9.352518,1.808269,0.521087,-85.329893,0.7689,1,0
2025-11-25,sh.601991,3.44,9.379785,1.81354,0.522606,-85.578669,0.6192,1,0
2025-11-26,sh.601991,3.5,9.543386,1.845172,0.531721,-87.07132,0.8553,1,0
2025-11-27,sh.601991,3.55,9.67972,1.871532,0.539317,-88.315196,0.7743,1,0
2025-11-28,sh.601991,3.53,9.625186,1.860988,0.536279,-87.817645,0.5236,1,0
2025-12-01,sh.601991,3.55,9.67972,1.871532,0.539317,-88.315196,0.6441,1,0
2025-12-02,sh.601991,3.54,9.652453,1.86626,0.537798,-88.066421,0.4658,1,0
2025-12-03,sh.601991,3.58,9.76152,1.887347,0.543875,-89.061521,0.6897,1,0
2025-12-04,sh.601991,3.58,9.76152,1.887347,0.543875,-89.061521,0.4626,1,0
2025-12-05,sh.601991,3.54,9.652453,1.86626,0.537798,-88.066421,0.7747,1,0
2025-12-08,sh.601991,3.5,9.543386,1.845172,0.531721,-87.07132,0.8993,1,0
2025-12-09,sh.601991,3.53,9.625186,1.860988,0.536279,-87.817645,0.7279,1,0
2025-12-10,sh.601991,3.55,9.67972,1.871532,0.539317,-88.315196,0.6426,1,0
2025-12-11,sh.601991,3.53,9.625186,1.860988,0.536279,-87.817645,0.7045,1,0
2025-12-12,sh.601991,3.55,9.67972,1.871532,0.539317,-88.315196,0.6936,1,0
2025-12-15,sh.601991,3.57,9.734253,1.882075,0.542356,-88.812746,0.6395,1,0
2025-12-16,sh.601991,3.48,9.488852,1.834628,0.528683,-86.573769,0.8619,1,0
2025-12-17,sh.601991,3.51,9.570652,1.850444,0.533241,-87.320095,0.5518,1,0
2025-12-18,sh.601991,3.52,9.597919,1.855716,0.53476,-87.56887,0.5624,1,0
2025-12-19,sh.601991,3.52,9.597919,1.855716,0.53476,-87.56887,0.5936,1,0
2025-12-22,sh.601991,3.57,9.734253,1.882075,0.542356,-88.812746,0.8767,1,0
2025-12-23,sh.601991,3.61,9.843321,1.903163,0.548433,-89.807847,0.8165,1,0
2025-12-24,sh.601991,3.65,9.952388,1.924251,0.554509,-90.802948,0.6877,1,0
2025-12-25,sh.601991,3.66,9.979655,1.929523,0.556029,-91.051723,0.7534,1,0
2025-12-26,sh.601991,3.74,10.197789,1.971698,0.568182,-93.041925,1.1351,1,0
2025-12-29,sh.601991,3.59,9.788787,1.892619,0.545394,-89.310297,1.637,1,0
2025-12-30,sh.601991,3.55,9.67972,1.871532,0.539317,-88.315196,0.8844,1,0
2025-12-31,sh.601991,3.49,9.516119,1.8399,0.530202,-86.822545,0.8567,1,0
2026-01-05,sh.601991,3.55,9.67972,1.871532,0.539317,-88.315196,0.7285,1,0
2026-01-06,sh.601991,3.63,9.897854,1.913707,0.551471,-90.305397,1.0178,1,0
2026-01-07,sh.601991,3.66,9.979655,1.929523,0.556029,-91.051723,0.8708,1,0
2026-01-08,sh.601991,3.63,9.897854,1.913707,0.551471,-90.305397,0.6361,1,0
2026-01-09,sh.601991,3.63,9.897854,1.913707,0.551471,-90.305397,0.697,1,0
2026-01-12,sh.601991,3.65,9.952388,1.924251,0.554509,-90.802948,0.7935,1,0
2026-01-13,sh.601991,3.69,10.061455,1.945339,0.560586,-91.798049,1.2074,1,0
2026-01-14,sh.601991,3.67,10.006921,1.934795,0.557548,-91.300498,0.9496,1,0
2026-01-15,sh.601991,3.67,10.006921,1.934795,0.557548,-91.300498,0.6366,1,0
2026-01-16,sh.601991,3.71,10.115989,1.955882,0.563625,-92.295599,1.1692,1,0
2026-01-19,sh.601991,3.82,10.415924,2.013873,0.580336,-95.032126,1.4516,1,0
2026-01-20,sh.601991,3.98,10.852193,2.098224,0.604643,-99.012529,2.0739,1,0
2026-01-21,sh.601991,4.01,10.933993,2.11404,0.609201,-99.758855,1.7053,1,0
2026-01-22,sh.601991,3.92,10.688592,2.066593,0.595528,-97.519878,1.2051,1,0
2026-01-23,sh.601991,3.92,10.688592,2.066593,0.595528,-97.519878,0.8984,1,0
2026-01-26,sh.601991,3.95,10.770392,2.082408,0.600086,-98.266204,1.1601,1,0
2026-01-27,sh.601991,3.86,10.524991,2.034961,0.586413,-96.027227,1.0421,1,0
2026-01-28,sh.601991,3.9,10.634058,2.056049,0.59249,-97.022328,0.8947,1,0
2026-01-29,sh.601991,3.84,10.470457,2.024417,0.583374,-95.529677,0.8816,1,0
2026-01-30,sh.601991,3.78,10.306856,1.992786,0.574259,-94.037025,0.9699,1,0
2026-02-02,sh.601991,3.73,10.170522,1.966426,0.566663,-92.793149,1.4136,1,0
2026-02-03,sh.601991,3.72,10.143256,1.961154,0.565144,-92.544374,1.1207,1,0
2026-02-04,sh.601991,3.75,10.225056,1.97697,0.569701,-93.2907,0.998,1,0
2026-02-05,sh.601991,3.69,10.061455,1.945339,0.560586,-91.798049,0.9168,1,0
2026-02-06,sh.601991,3.72,10.143256,1.961154,0.565144,-92.544374,0.9223,1,0
2026-02-09,sh.601991,3.74,10.197789,1.971698,0.568182,-93.041925,0.8817,1,0
2026-02-10,sh.601991,3.7,10.088722,1.95061,0.562105,-92.046824,0.6693,1,0
2026-02-11,sh.601991,3.72,10.143256,1.961154,0.565144,-92.544374,0.6318,1,0
2026-02-12,sh.601991,3.78,10.306856,1.992786,0.574259,-94.037025,0.9429,1,0
2026-02-13,sh.601991,3.63,9.897854,1.913707,0.551471,-90.305397,1.4269,1,0
2026-02-24,sh.601991,3.75,10.225056,1.97697,0.569701,-93.2907,1.199,1,0
2026-02-25,sh.601991,3.8,10.36139,2.00333,0.577298,-94.534576,1.2048,1,0
2026-02-26,sh.601991,3.89,10.606791,2.050777,0.59097,-96.773553,1.0667,1,0
2026-02-27,sh.601991,3.99,10.87946,2.103496,0.606162,-99.261305,1.4722,1,0
2026-03-02,sh.601991,4.12,11.233928,2.172031,0.625912,-102.495382,1.9813,1,0
2026-03-03,sh.601991,4.0,10.906726,2.108768,0.607682,-99.51008,1.7462,1,0
2026-03-04,sh.601991,4.0,10.906726,2.108768,0.607682,-99.51008,1.2047,1,0
2026-03-05,sh.601991,4.06,11.070327,2.1404,0.616797,-101.002731,1.3278,1,0
2026-03-06,sh.601991,4.11,11.206661,2.166759,0.624393,-102.246607,1.0155,1,0
2026-03-09,sh.601991,4.06,11.070327,2.1404,0.616797,-101.002731,1.2571,1,0
2026-03-10,sh.601991,4.06,11.070327,2.1404,0.616797,-101.002731,1.2537,1,0
2026-03-11,sh.601991,4.16,11.342995,2.193119,0.631989,-103.490483,1.5317,1,0
2026-03-12,sh.601991,4.58,12.488202,2.414539,0.695795,-113.939041,1.3774,1,0
2026-03-13,sh.601991,4.74,12.924471,2.49889,0.720103,-117.919445,8.0066,1,0
2026-03-16,sh.601991,4.33,11.806531,2.282741,0.657815,-107.719661,5.2819,1,0
2026-03-17,sh.601991,4.25,11.588397,2.240566,0.645662,-105.72946,3.5443,1,0
2026-03-18,sh.601991,4.31,11.751998,2.272198,0.654777,-107.222111,2.7811,1,0
2026-03-19,sh.601991,4.18,11.397529,2.203663,0.635027,-103.988033,2.6191,1,0
2026-03-20,sh.601991,4.2,11.452063,2.214206,0.638066,-104.485584,2.6584,1,0
2026-03-23,sh.601991,4.03,10.988527,2.124584,0.612239,-100.256405,2.2918,1,0
2026-03-24,sh.601991,4.24,11.56113,2.235294,0.644142,-105.480685,2.7035,1,0
2026-03-25,sh.601991,4.46,12.161,2.351276,0.677565,-110.953739,3.9619,1,0
2026-03-26,sh.601991,4.39,11.970132,2.314373,0.666931,-109.212313,2.8473,1,0
2026-03-27,sh.601991,4.48,12.215534,2.36182,0.680603,-111.451289,2.9449,1,0
2026-03-30,sh.601991,4.13,10.347964,2.244913,0.630345,45.698942,2.8001,1,0
2026-03-31,sh.601991,3.94,9.871908,2.141636,0.601346,43.596569,2.158,1,0
2026-04-01,sh.601991,3.94,9.871908,2.141636,0.601346,43.596569,1.5745,1,0
2026-04-02,sh.601991,3.84,9.621352,2.08728,0.586083,42.490057,1.4954,1,0
2026-04-03,sh.601991,3.71,9.295629,2.016617,0.566242,41.051592,1.3903,1,0
2026-04-07,sh.601991,3.73,9.34574,2.027488,0.569294,41.272894,0.8936,1,0
2026-04-08,sh.601991,3.84,9.621352,2.08728,0.586083,42.490057,1.3444,1,0
2026-04-09,sh.601991,3.84,9.621352,2.08728,0.586083,42.490057,1.1548,1,0
2026-04-10,sh.601991,3.81,9.546185,2.070973,0.581504,42.158104,1.046,1,0
2026-04-13,sh.601991,3.83,9.596296,2.081844,0.584557,42.379406,0.8299,1,0
2026-04-14,sh.601991,3.87,9.696519,2.103587,0.590662,42.822011,1.0083,1,0
2026-04-15,sh.601991,3.89,9.74663,2.114458,0.593715,43.043313,1.0256,1,0
2026-04-16,sh.601991,3.87,9.696519,2.103587,0.590662,42.822011,0.7334,1,0
2026-04-17,sh.601991,3.89,9.74663,2.114458,0.593715,43.043313,0.9335,1,0
2026-04-20,sh.601991,3.96,9.922019,2.152508,0.604398,43.817872,1.2572,1,0
2026-04-21,sh.601991,4.11,10.297853,2.234042,0.627292,45.47764,2.0422,1,0
2026-04-22,sh.601991,4.15,10.398076,2.255785,0.633397,45.920244,1.4951,1,0
2026-04-23,sh.601991,4.21,10.548409,2.288398,0.642555,46.584152,2.0112,1,0
2026-04-24,sh.601991,4.07,10.197631,2.2123,0.621187,45.035035,1.6825,1,0
2026-04-27,sh.601991,4.05,10.14752,2.201428,0.618135,44.813732,1.179,1,0
2026-04-28,sh.601991,4.04,10.122464,2.195993,0.616608,44.703081,1.307,1,0
2026-04-29,sh.601991,4.29,9.873226,2.155935,0.654412,-65.659849,2.9196,1,0
2026-04-30,sh.601991,4.16,9.574037,2.090603,0.634582,-63.670156,1.6459,1,0
2026-05-06,sh.601991,4.58,10.540647,2.301674,0.69865,-70.098393,2.6606,1,0
2026-05-07,sh.601991,5.04,11.599314,2.532847,0.76882,-77.138843,2.6948,1,0
2026-05-08,sh.601991,5.54,12.75004,2.784121,0.845092,-84.791506,9.8102,1,0
2026-05-11,sh.601991,6.09,14.015838,3.060523,0.928991,-93.209436,2.2452,1,0
2026-05-12,sh.601991,6.7,15.419723,3.367078,1.022042,-102.545685,5.511,1,0
2026-05-13,sh.601991,7.37,16.961696,3.703785,1.124247,-112.800253,1.965,1,0
2026-05-14,sh.601991,7.2,16.570449,3.618352,1.098314,-110.198348,14.9763,1,0
2026-05-15,sh.601991,7.92,18.227494,3.980187,1.208146,-121.218182,12.3037,1,0
2026-05-18,sh.601991,7.93,18.250508,3.985213,1.209671,-121.371236,9.4892,1,0
2026-05-19,sh.601991,8.38,19.286161,4.21136,1.278316,-128.258632,10.415,1,0
2026-05-20,sh.601991,7.54,17.352942,3.789219,1.150179,-115.402159,4.5464,1,0
2026-05-21,sh.601991,7.05,16.225231,3.54297,1.075433,-107.902549,7.781,1,0
2026-05-22,sh.601991,6.89,15.856999,3.462562,1.051026,-105.453697,6.4093,1,0
2026-05-25,sh.601991,7.4,17.030739,3.718862,1.128823,-113.259413,7.099,1,0
2026-05-26,sh.601991,7.16,16.478391,3.59825,1.092213,-109.586135,6.5747,1,0
2026-05-27,sh.601991,7.71,17.744189,3.874652,1.176112,-118.004064,7.7427,1,0
2026-05-28,sh.601991,8.0,18.41161,4.020391,1.220349,-122.442609,8.6595,1,0
2026-05-29,sh.601991,8.63,19.861524,4.336997,1.316452,-132.084964,9.0192,1,0
2026-06-01,sh.601991,8.37,19.263147,4.206334,1.27679,-128.105579,7.6559,1,0
2026-06-02,sh.601991,9.18,21.127322,4.613399,1.400351,-140.502893,8.1395,1,0
2026-06-03,sh.601991,9.1,20.943206,4.573195,1.388147,-139.278467,9.84,1,0
2026-06-04,sh.601991,8.81,20.275785,4.427456,1.34391,-134.839923,6.1532,1,0
2026-06-05,sh.601991,7.93,18.250508,3.985213,1.209671,-121.371236,6.4583,1,0
2026-06-08,sh.601991,7.27,16.731551,3.653531,1.108992,-111.26972,5.065,1,0
2026-06-09,sh.601991,7.71,17.744189,3.874652,1.176112,-118.004064,6.012,1,0
2026-06-10,sh.601991,7.76,17.859262,3.89978,1.183739,-118.76933,5.9855,1,0
2026-06-11,sh.601991,7.99,18.388595,4.015366,1.218824,-122.289555,5.1048,1,0
2026-06-12,sh.601991,8.09,18.618741,4.065621,1.234078,-123.820088,4.2293,1,0
2026-06-15,sh.601991,8.73,20.091669,4.387252,1.331706,-133.615497,5.2541,1,0
2026-06-16,sh.601991,8.7,20.022626,4.372176,1.32713,-133.156337,5.4573,1,0
2026-06-17,sh.601991,9.13,21.01225,4.588272,1.392724,-139.737627,7.8322,1,0
2026-06-18,sh.601991,8.22,18.917929,4.130952,1.253909,-125.80978,8.1219,1,0
2026-06-22,sh.601991,8.37,19.263147,4.206334,1.27679,-128.105579,7.9541,1,0
2026-06-23,sh.601991,8.34,19.194103,4.191258,1.272214,-127.646419,6.9603,1,0
2026-06-24,sh.601991,7.82,17.997349,3.929933,1.192891,-119.68765,5.4511,1,0
2026-06-25,sh.601991,7.47,17.191841,3.75404,1.139501,-114.330786,6.0184,1,0
2026-06-26,sh.601991,7.32,16.846623,3.678658,1.11662,-112.034987,5.6293,1,0
2026-06-29,sh.601991,7.04,16.202217,3.537944,1.073907,-107.749495,4.1883,1,0
2026-06-30,sh.601991,7.08,16.294275,3.558046,1.080009,-108.361709,5.5843,1,0
2026-07-01,sh.601991,7.79,17.928305,3.914856,1.188315,-119.22849,5.6861,1,0
2026-07-02,sh.601991,7.33,16.869638,3.683684,1.118145,-112.18804,6.9463,1,0
2026-07-03,sh.601991,7.67,17.652131,3.85455,1.17001,-117.391851,5.2261,1,0
2026-07-06,sh.601991,7.39,17.007725,3.713836,1.127298,-113.10636,4.8508,1,0
2026-07-07,sh.601991,7.0,16.110159,3.517842,1.067806,-107.137282,4.7943,1,0
2026-07-08,sh.601991,6.95,15.995086,3.492715,1.060178,-106.372016,3.4487,1,0
2026-07-09,sh.601991,6.57,15.120535,3.301746,1.002212,-100.555992,4.9725,1,0
2026-07-10,sh.601991,6.64,15.281636,3.336925,1.01289,-101.627365,5.2725,1,0
2026-07-13,sh.601991,5.98,13.762678,3.005243,0.912211,-91.52585,4.6566,1,0
2026-07-14,sh.601991,5.88,13.532533,2.954988,0.896957,-89.995317,4.0044,1,0
2026-07-15,sh.601991,5.78,13.302388,2.904733,0.881702,-88.464785,3.2163,1,0
2026-07-16,sh.601991,5.69,13.095258,2.859503,0.867973,-87.087305,3.4766,1,0
2026-07-17,sh.601991,5.8,13.348417,2.914784,0.884753,-88.770891,5.2802,1,0
2026-07-20,sh.601991,6.38,14.683259,3.206262,0.973228,-97.64798,6.9044,1,0
2026-07-21,sh.601991,6.62,15.235607,3.326874,1.009839,-101.321259,8.166,1,0
2026-07-22,sh.601991,6.95,15.995086,3.492715,1.060178,-106.372016,7.1158,1,0
2026-07-23,sh.601991,6.99,16.087144,3.512817,1.06628,-106.984229,7.931,1,0
2026-07-24,sh.601991,6.29,14.476128,3.161033,0.9595,-96.270501,5.0333,1,0
2026-07-27,sh.601991,6.22,14.315027,3.125854,0.948821,-95.199128,4.462,1,0
2026-07-28,sh.601991,5.94,13.67062,2.985141,0.906109,-90.913637,3.4966,1,0
2026-07-29,sh.601991,6.17,14.199954,3.100727,0.941194,-94.433862,4.2692,1,0
2026-07-30,sh.601991,5.82,13.394446,2.924835,0.887804,-89.076998,3.644,1,0
2026-07-31,sh.601991,5.91,13.601577,2.970064,0.901533,-90.454477,2.7688,1,0
2026-08-03,sh.601991,6.18,14.222969,3.105752,0.94272,-94.586915,3.66,1,0
2026-08-04,sh.601991,6.33,14.568186,3.181135,0.965601,-96.882714,3.9614,1,0
2026-08-05,sh.601991,6.43,14.798331,3.23139,0.980856,-98.413247,4.2264,1,0
2026-08-06,sh.601991,6.25,14.38407,3.140931,0.953398,-95.658288,2.9984,1,0
2026-08-07,sh.601991,6.39,14.706273,3.211288,0.974754,-97.801034,3.2597,1,0
2026-08-10,sh.601991,6.34,14.591201,3.18616,0.967127,-97.035767,3.0156,1,0
2026-08-11,sh.601991,6.27,14.430099,3.150982,0.956449,-95.964394,2.6064,1,0
2026-08-12,sh.601991,6.29,14.476128,3.161033,0.9595,-96.270501,3.255,1,0
2026-08-13,sh.601991,6.92,15.926043,3.477638,1.055602,-105.912856,7.2434,1,0
2026-08-14,sh.601991,6.48,14.913404,3.256517,0.988483,-99.178513,7.0826,1,0
2026-08-17,sh.601991,6.43,14.798331,3.23139,0.980856,-98.413247,3.6437,1,0
2026-08-18,sh.601991,6.16,14.17694,3.095701,0.939669,-94.280809,3.8024,1,0
2026-08-19,sh.601991,6.03,13.877751,3.03037,0.919838,-92.291116,2.7332,1,0
2026-08-20,sh.601991,6.05,13.92378,3.040421,0.922889,-92.597223,2.0543,1,0
2026-08-21,sh.601991,5.91,13.601577,2.970064,0.901533,-90.454477,1.7193,1,0
2026-08-24,sh.601991,5.89,13.555548,2.960013,0.898482,-90.148371,1.3981,1,0
2026-08-25,sh.601991,5.9,13.578562,2.965039,0.900008,-90.301424,1.2549,1,0
2026-08-26,sh.601991,5.94,13.67062,2.985141,0.906109,-90.913637,1.8224,1,0
2026-08-27,sh.601991,5.95,13.693635,2.990166,0.907635,-91.06669,1.9833,1,0
2026-08-28,sh.601991,5.89,13.555548,2.960013,0.898482,-90.148371,1.2291,1,0
2026-08-31,sh.601991,5.85,13.018009,2.872202,0.883928,77.139479,1.4463,1,0
2026-09-01,sh.601991,5.86,13.040262,2.877112,0.885439,77.271342,1.4625,1,0
2026-09-02,sh.601991,5.67,12.617455,2.783826,0.85673,74.765957,1.7252,1,0
2026-09-03,sh.601991,5.6,12.461684,2.749458,0.846153,73.84292,1.2193,1,0
2026-09-04,sh.601991,5.58,12.417178,2.739639,0.843131,73.579196,1.3669,1,0
2026-09-07,sh.601991,5.6,12.461684,2.749458,0.846153,73.84292,1.0431,1,0
2026-09-08,sh.601991,5.63,12.528443,2.764187,0.850686,74.238507,1.2546,1,0
2026-09-09,sh.601991,5.83,12.973503,2.862382,0.880906,76.875755,2.7741,1,0
