date,code,close,peTTM,pbMRQ,psTTM,pcfNcfTTM,turn,tradestatus,isST
2018-06-11,sz.300750,36.2,18.27618,3.128442,3.533828,21.728055,0.036286,1,0
2018-06-12,sz.300750,39.82,20.103798,3.441286,3.887211,23.90086,0.012235,1,0
2018-06-13,sz.300750,43.8,22.113168,3.785242,4.275737,26.289746,0.020728,1,0
2018-06-14,sz.300750,48.18,24.324485,4.163766,4.70331,28.91872,0.034186,1,0
2018-06-15,sz.300750,53.0,26.757943,4.580316,5.173837,31.811793,0.118075,1,0
2018-06-19,sz.300750,58.3,29.433738,5.038347,5.69122,34.992972,0.514366,1,0
2018-06-20,sz.300750,64.13,32.377111,5.542182,6.260342,38.492269,0.603185,1,0
2018-06-21,sz.300750,70.54,35.613308,6.096141,6.886084,42.339696,0.566948,1,0
2018-06-22,sz.300750,66.55,33.598889,5.751321,6.496582,39.944808,58.998525,1,0
2018-06-25,sz.300750,69.19,34.931738,5.979473,6.754297,41.529395,32.213587,1,0
2018-06-26,sz.300750,74.18,37.451023,6.410714,7.241419,44.524505,28.794178,1,0
2018-06-27,sz.300750,74.09,37.405585,6.402936,7.232633,44.470485,20.317669,1,0
2018-06-28,sz.300750,68.21,34.436968,5.89478,6.65863,40.941177,24.433838,1,0
2018-06-29,sz.300750,71.96,36.330219,6.218859,7.024703,43.192011,21.035624,1,0
2018-07-02,sz.300750,70.0,35.34068,6.049474,6.833369,42.015575,14.94643,1,0
2018-07-03,sz.300750,69.29,34.982224,5.988115,6.764059,41.589417,15.609225,1,0
2018-07-04,sz.300750,65.92,33.280823,5.696876,6.435081,39.566668,12.098023,1,0
2018-07-05,sz.300750,68.81,34.739888,5.946633,6.717202,41.301311,15.80611,1,0
2018-07-06,sz.300750,70.88,35.784963,6.125524,6.919274,42.543771,22.653554,1,0
2018-07-09,sz.300750,71.55,36.123223,6.183426,6.984679,42.94592,14.301439,1,0
2018-07-10,sz.300750,72.4,36.55236,6.256884,7.067656,43.456109,16.794225,1,0
2018-07-11,sz.300750,77.06,38.90504,6.659606,7.522563,46.253146,22.610919,1,0
2018-07-12,sz.300750,84.77,42.797563,7.325913,8.27521,50.880862,19.83266,1,0
2018-07-13,sz.300750,82.7,41.752489,7.147021,8.073137,49.638401,22.188007,1,0
2018-07-16,sz.300750,83.9,42.358329,7.250726,8.190281,50.358668,13.586213,1,0
2018-07-17,sz.300750,82.28,41.540445,7.110724,8.032137,49.386308,13.172002,1,0
2018-07-18,sz.300750,82.28,41.540445,7.110724,8.032137,49.386308,12.480838,1,0
2018-07-19,sz.300750,82.89,41.848414,7.163441,8.091685,49.752443,11.542097,1,0
2018-07-20,sz.300750,90.93,45.907543,7.858266,8.876546,54.578232,19.653333,1,0
2018-07-23,sz.300750,88.62,44.741301,7.658634,8.651045,53.191718,11.514418,1,0
2018-07-24,sz.300750,91.77,46.331631,7.93086,8.958547,55.082419,12.198752,1,0
2018-07-25,sz.300750,82.59,41.696954,7.137515,8.062399,49.572377,21.045186,1,0
2018-07-26,sz.300750,78.2,39.480588,6.758126,7.633849,46.9374,18.084296,1,0
2018-07-27,sz.300750,76.05,38.395124,6.572321,7.423967,45.646922,10.499536,1,0
2018-07-30,sz.300750,76.85,38.799018,6.641458,7.502063,46.1271,8.304887,1,0
2018-07-31,sz.300750,72.22,36.461484,6.241329,7.050084,43.348069,12.947811,1,0
2018-08-01,sz.300750,71.42,36.057591,6.172192,6.971989,42.867891,8.255082,1,0
2018-08-02,sz.300750,72.56,36.633139,6.270712,7.083275,43.552145,9.138827,1,0
2018-08-03,sz.300750,69.6,35.138733,6.014905,6.794321,41.775486,7.958281,1,0
2018-08-06,sz.300750,69.65,35.163976,6.019226,6.799202,41.805497,7.230103,1,0
2018-08-07,sz.300750,73.79,37.254125,6.37701,7.203347,44.290419,9.190114,1,0
2018-08-08,sz.300750,71.52,36.108077,6.180834,6.981751,42.927914,6.799191,1,0
2018-08-09,sz.300750,74.06,37.390439,6.400343,7.229704,44.452479,8.50421,1,0
2018-08-10,sz.300750,74.44,37.582289,6.433183,7.2668,44.680563,5.373623,1,0
2018-08-13,sz.300750,74.01,37.365196,6.396022,7.224823,44.422468,5.040218,1,0
2018-08-14,sz.300750,71.57,36.133321,6.185155,6.986632,42.957925,5.402051,1,0
2018-08-15,sz.300750,69.11,34.891348,5.972559,6.746488,41.481377,5.94572,1,0
2018-08-16,sz.300750,68.99,34.830764,5.962189,6.734773,41.409351,4.932383,1,0
2018-08-17,sz.300750,68.16,34.411725,5.890459,6.653749,40.911166,3.785995,1,0
2018-08-20,sz.300750,68.95,34.81057,5.958732,6.730869,41.385342,5.02796,1,0
2018-08-21,sz.300750,69.57,35.123587,6.012313,6.791393,41.75748,4.699256,1,0
2018-08-22,sz.300750,67.47,34.063367,5.830829,6.586392,40.497012,4.142774,1,0
2018-08-23,sz.300750,69.1,34.8863,5.971695,6.745511,41.475375,5.612653,1,0
2018-08-24,sz.300750,68.8,50.192699,4.849747,6.481021,53.441085,6.150204,1,0
2018-08-27,sz.300750,70.46,51.403743,4.966762,6.637395,54.730507,5.944978,1,0
2018-08-28,sz.300750,73.01,53.264083,5.146512,6.877607,56.711245,8.660301,1,0
2018-08-29,sz.300750,73.02,53.271379,5.147217,6.878549,56.719012,4.756794,1,0
2018-08-30,sz.300750,69.99,51.060857,4.933631,6.59312,54.36543,6.297907,1,0
2018-08-31,sz.300750,65.5,47.7852,4.617129,6.170158,50.877777,7.319527,1,0
2018-09-03,sz.300750,63.26,46.151019,4.45923,5.959148,49.137835,7.323942,1,0
2018-09-04,sz.300750,63.85,46.581451,4.500819,6.014727,49.596123,3.713598,1,0
2018-09-05,sz.300750,61.39,44.78677,4.327413,5.782993,47.685294,4.460097,1,0
2018-09-06,sz.300750,61.84,45.115065,4.359133,5.825383,48.034836,4.07564,1,0
2018-09-07,sz.300750,63.32,46.194792,4.463459,5.9648,49.184441,5.868333,1,0
2018-09-10,sz.300750,61.35,44.757588,4.324593,5.779225,47.654224,3.012791,1,0
2018-09-11,sz.300750,62.57,45.647633,4.410591,5.89415,48.601871,3.051562,1,0
2018-09-12,sz.300750,64.5,47.055655,4.546638,6.075957,50.101017,5.577139,1,0
2018-09-13,sz.300750,64.8,47.274519,4.567785,6.104218,50.334045,4.535015,1,0
2018-09-14,sz.300750,65.9,48.077018,4.645325,6.207839,51.188481,7.287588,1,0
2018-09-17,sz.300750,63.71,46.479314,4.490951,6.001539,49.487377,3.28268,1,0
2018-09-18,sz.300750,66.36,48.412609,4.67775,6.251171,51.545791,3.585481,1,0
2018-09-19,sz.300750,67.33,49.630826,4.795458,6.408471,52.842849,4.374163,1,0
2018-09-20,sz.300750,67.99,50.11733,4.842465,6.471289,53.360839,4.695517,1,0
2018-09-21,sz.300750,69.19,51.001884,4.927933,6.585505,54.302639,3.566596,1,0
2018-09-25,sz.300750,68.33,50.367954,4.866681,6.503651,53.627682,1.935242,1,0
2018-09-26,sz.300750,72.89,53.729257,5.191459,6.937671,57.206524,7.393343,1,0
2018-09-27,sz.300750,72.55,53.478634,5.167243,6.90531,56.93968,6.303826,1,0
2018-09-28,sz.300750,73.0,53.810341,5.199293,6.948141,57.292855,5.48743,1,0
2018-10-08,sz.300750,68.45,50.456409,4.875228,6.515072,53.721862,6.037792,1,0
2018-10-09,sz.300750,64.9,47.839605,4.622385,6.177183,50.935703,6.163297,1,0
2018-10-10,sz.300750,64.9,47.839605,4.622385,6.177183,50.935703,3.297316,1,0
2018-10-11,sz.300750,60.45,44.559385,4.305442,5.753632,47.443193,5.896357,1,0
2018-10-12,sz.300750,62.86,46.335864,4.47709,5.983016,49.334642,3.958832,1,0
2018-10-15,sz.300750,69.15,50.972398,4.925084,6.581698,54.271246,9.114871,1,0
2018-10-16,sz.300750,68.85,50.75126,4.903717,6.553144,54.035796,4.811277,1,0
2018-10-17,sz.300750,70.0,51.598957,4.985624,6.662601,54.938355,6.551243,1,0
2018-10-18,sz.300750,68.03,50.146815,4.845314,6.475097,53.392232,4.976393,1,0
2018-10-19,sz.300750,73.77,54.37793,5.254135,7.02143,57.897177,6.501965,1,0
2018-10-22,sz.300750,79.1,58.306822,5.633755,7.528739,62.080341,8.334584,1,0
2018-10-23,sz.300750,78.0,57.495981,5.555409,7.424041,61.217024,5.862828,1,0
2018-10-24,sz.300750,77.0,56.758853,5.484186,7.328861,60.43219,4.622827,1,0
2018-10-25,sz.300750,80.91,59.641023,5.762669,7.701015,63.500889,6.155394,1,0
2018-10-26,sz.300750,74.6,44.425056,5.069402,6.028606,297.826232,8.143711,1,0
2018-10-29,sz.300750,70.76,42.138297,4.808457,5.718286,282.495767,5.855069,1,0
2018-10-30,sz.300750,75.0,44.66326,5.096584,6.060931,299.423156,5.932302,1,0
2018-10-31,sz.300750,74.5,44.365505,5.062607,6.020525,297.427001,4.508462,1,0
2018-11-01,sz.300750,73.61,43.835501,5.002127,5.948602,293.873847,4.47606,1,0
2018-11-02,sz.300750,78.48,46.735635,5.333065,6.342158,313.31639,6.308994,1,0
2018-11-05,sz.300750,79.39,47.277549,5.394904,6.415697,316.949391,6.0133,1,0
2018-11-06,sz.300750,81.57,48.575761,5.543045,6.591868,325.652624,5.600085,1,0
2018-11-07,sz.300750,79.04,47.069121,5.37112,6.387413,315.552083,5.826972,1,0
2018-11-08,sz.300750,77.31,46.038888,5.253559,6.247608,308.645389,3.703152,1,0
2018-11-09,sz.300750,77.75,46.300913,5.283459,6.283165,310.402005,2.791306,1,0
2018-11-12,sz.300750,83.25,49.576218,5.657208,6.727633,332.359703,6.854015,1,0
2018-11-13,sz.300750,81.63,48.611492,5.547122,6.596717,325.892163,6.576488,1,0
2018-11-14,sz.300750,81.0,48.236321,5.504311,6.545805,323.377008,4.967101,1,0
2018-11-15,sz.300750,81.35,48.444749,5.528095,6.57409,324.774316,3.487722,1,0
2018-11-16,sz.300750,80.11,47.706317,5.443831,6.473882,319.823853,4.515393,1,0
2018-11-19,sz.300750,79.35,47.253729,5.392186,6.412465,316.789699,3.341409,1,0
2018-11-20,sz.300750,77.77,46.312823,5.284818,6.284781,310.481851,3.554577,1,0
2018-11-21,sz.300750,78.65,46.836872,5.344618,6.355896,313.995083,3.367107,1,0
2018-11-22,sz.300750,77.91,46.396194,5.294331,6.296095,311.040774,1.874286,1,0
2018-11-23,sz.300750,73.98,44.05584,5.02727,5.978502,295.351001,4.788973,1,0
2018-11-26,sz.300750,74.62,44.436966,5.070761,6.030222,297.906078,3.502984,1,0
2018-11-27,sz.300750,75.6,45.020566,5.137357,6.109418,301.818541,3.661018,1,0
2018-11-28,sz.300750,78.68,46.854737,5.346656,6.358321,314.114852,4.565766,1,0
2018-11-29,sz.300750,78.03,46.467656,5.302486,6.305792,311.519851,4.481718,1,0
2018-11-30,sz.300750,80.03,47.658676,5.438395,6.467417,319.504469,4.173919,1,0
2018-12-03,sz.300750,80.85,48.146994,5.494118,6.533683,322.778162,5.820755,1,0
2018-12-04,sz.300750,82.3,49.010484,5.592652,6.650861,328.56701,4.409639,1,0
2018-12-05,sz.300750,81.37,48.456659,5.529454,6.575706,324.854162,3.402425,1,0
2018-12-06,sz.300750,79.01,47.051256,5.369081,6.384989,315.432314,5.240841,1,0
2018-12-07,sz.300750,79.7,47.462158,5.41597,6.440749,318.187007,2.597144,1,0
2018-12-10,sz.300750,78.29,45.46352,5.320154,6.326804,312.557852,3.501519,1,0
2018-12-11,sz.300750,78.56,45.620311,5.338502,6.348623,313.635775,1.588107,1,0
2018-12-12,sz.300750,81.5,47.327589,5.538288,6.586212,325.373163,4.360302,1,0
2018-12-13,sz.300750,82.11,47.68182,5.57974,6.635507,327.808471,3.334701,1,0
2018-12-14,sz.300750,79.34,46.073262,5.391506,6.411657,316.749776,3.263852,1,0
2018-12-17,sz.300750,80.16,46.549442,5.447229,6.477923,320.023469,3.159806,1,0
2018-12-18,sz.300750,79.55,46.195211,5.405777,6.428627,317.588161,2.248898,1,0
2018-12-19,sz.300750,79.5,46.166175,5.402379,6.424587,317.388545,3.264837,1,0
2018-12-20,sz.300750,77.34,44.911849,5.255597,6.250032,308.765158,4.498974,1,0
2018-12-21,sz.300750,78.5,45.585469,5.334425,6.343774,313.396236,4.084695,1,0
2018-12-24,sz.300750,78.03,45.312537,5.302486,6.305792,311.519851,2.733705,1,0
2018-12-25,sz.300750,77.2,44.83055,5.246084,6.238718,308.206235,3.032679,1,0
2018-12-26,sz.300750,75.9,44.075631,5.157743,6.133662,303.016234,2.267169,1,0
2018-12-27,sz.300750,75.78,44.005947,5.149588,6.123965,302.537157,2.247002,1,0
2018-12-28,sz.300750,73.8,42.856148,5.015039,5.963956,294.632385,2.591209,1,0
2019-01-02,sz.300750,73.66,42.774849,5.005525,5.952642,294.073462,2.022657,1,0
2019-01-03,sz.300750,73.83,42.873569,5.017077,5.96638,294.752155,2.06906,1,0
2019-01-04,sz.300750,76.96,44.691181,5.229775,6.219323,307.248081,3.638922,1,0
2019-01-07,sz.300750,77.42,44.958306,5.261034,6.256497,309.084543,2.747862,1,0
2019-01-08,sz.300750,79.33,46.067455,5.390827,6.410849,316.709853,3.947175,1,0
2019-01-09,sz.300750,77.98,45.283501,5.299088,6.301752,311.320236,5.698613,1,0
2019-01-10,sz.300750,76.28,44.2963,5.183566,6.164371,304.533311,3.863989,1,0
2019-01-11,sz.300750,75.29,43.7214,5.116291,6.084366,300.580925,2.824801,1,0
2019-01-14,sz.300750,76.08,44.180159,5.169975,6.148208,303.734849,2.231961,1,0
2019-01-15,sz.300750,77.37,44.92927,5.257636,6.252456,308.884927,2.703707,1,0
2019-01-16,sz.300750,76.67,44.522776,5.210068,6.195888,306.090311,1.184781,1,0
2019-01-17,sz.300750,76.66,44.516969,5.209388,6.195079,306.050388,1.711814,1,0
2019-01-18,sz.300750,75.4,43.785278,5.123766,6.093256,301.020079,2.993839,1,0
2019-01-21,sz.300750,75.24,43.692365,5.112893,6.080326,300.38131,2.412571,1,0
2019-01-22,sz.300750,74.27,43.12908,5.046977,6.001938,296.50877,1.960405,1,0
2019-01-23,sz.300750,75.44,43.808506,5.126484,6.096488,301.179772,2.248533,1,0
2019-01-24,sz.300750,75.17,43.651716,5.108136,6.074669,300.101848,1.748459,1,0
2019-01-25,sz.300750,77.44,44.96992,5.262393,6.258113,309.164389,4.197569,1,0
2019-01-28,sz.300750,76.07,44.174352,5.169295,6.1474,303.694926,2.130737,1,0
2019-01-29,sz.300750,76.68,44.528583,5.210747,6.196696,306.130234,2.41034,1,0
2019-01-30,sz.300750,76.2,44.249843,5.178129,6.157906,304.213926,3.547988,1,0
2019-01-31,sz.300750,76.12,44.203387,5.172693,6.151441,303.894542,2.031246,1,0
2019-02-01,sz.300750,78.4,45.527398,5.327629,6.335693,312.997005,2.860571,1,0
2019-02-11,sz.300750,81.0,47.037235,5.504311,6.545805,323.377008,3.840537,1,0
2019-02-12,sz.300750,81.0,47.037235,5.504311,6.545805,323.377008,2.296555,1,0
2019-02-13,sz.300750,81.7,47.44373,5.551879,6.602374,326.171624,3.625963,1,0
2019-02-14,sz.300750,84.72,49.197464,5.757101,6.846427,338.228397,5.8567,1,0
2019-02-15,sz.300750,82.42,47.861839,5.600806,6.660559,329.046087,4.84033,1,0
2019-02-18,sz.300750,84.46,49.04648,5.739433,6.825416,337.190396,4.040954,1,0
2019-02-19,sz.300750,82.29,47.786347,5.591972,6.650053,328.527086,4.338807,1,0
2019-02-20,sz.300750,83.17,48.297369,5.651772,6.721168,332.040318,2.792919,1,0
2019-02-21,sz.300750,83.33,48.390282,5.662645,6.734098,332.679088,3.787806,1,0
2019-02-22,sz.300750,84.37,48.994216,5.733317,6.818143,336.831089,4.124416,1,0
2019-02-25,sz.300750,91.32,53.030127,6.205601,7.379789,364.577634,7.094015,1,0
2019-02-26,sz.300750,88.5,51.392535,6.013969,7.151898,353.319324,5.212676,1,0
2019-02-27,sz.300750,86.05,49.969804,5.847481,6.953908,343.538167,4.190588,1,0
2019-02-28,sz.300750,87.7,53.789573,5.959606,6.501006,350.125477,3.332625,1,0
2019-03-01,sz.300750,90.03,55.218646,6.117939,6.673724,359.427556,4.427876,1,0
2019-03-04,sz.300750,92.39,56.666119,6.278312,6.848666,368.849405,6.461382,1,0
2019-03-05,sz.300750,92.6,56.794919,6.292582,6.864233,369.68779,3.96591,1,0
2019-03-06,sz.300750,91.2,55.936249,6.197446,6.760454,364.098557,4.802404,1,0
2019-03-07,sz.300750,87.89,53.906106,5.972517,6.515091,350.884015,6.309571,1,0
2019-03-08,sz.300750,84.97,52.115165,5.77409,6.298638,339.226474,5.095504,1,0
2019-03-11,sz.300750,87.92,53.924507,5.974556,6.517315,351.003785,4.306066,1,0
2019-03-12,sz.300750,91.07,55.856515,6.188612,6.750817,363.579557,6.795793,1,0
2019-03-13,sz.300750,88.08,54.02264,5.985428,6.529175,351.642554,3.488119,1,0
2019-03-14,sz.300750,88.95,54.556243,6.044549,6.593666,355.115863,3.674479,1,0
2019-03-15,sz.300750,89.83,55.095978,6.104349,6.658899,358.629094,3.600354,1,0
2019-03-18,sz.300750,89.28,54.758644,6.066974,6.618128,356.433325,3.349124,1,0
2019-03-19,sz.300750,88.6,54.341575,6.020765,6.567721,353.718555,3.137963,1,0
2019-03-20,sz.300750,87.17,53.464504,5.92359,6.461719,348.009553,4.057248,1,0
2019-03-21,sz.300750,87.12,53.433838,5.920192,6.458012,347.809938,3.745084,1,0
2019-03-22,sz.300750,86.58,53.102636,5.883497,6.417983,345.654091,2.770617,1,0
2019-03-25,sz.300750,89.0,54.586909,6.047946,6.597373,355.315478,5.979756,1,0
2019-03-26,sz.300750,85.3,52.317566,5.796515,6.3231,340.543936,4.474137,1,0
2019-03-27,sz.300750,83.41,51.158361,5.668081,6.182998,332.998472,4.369342,1,0
2019-03-28,sz.300750,83.2,51.02956,5.653811,6.167431,332.160087,2.696139,1,0
2019-03-29,sz.300750,85.0,52.133565,5.776129,6.300861,339.346243,3.279324,1,0
2019-04-01,sz.300750,86.35,52.961569,5.867867,6.400934,344.73586,4.252868,1,0
2019-04-02,sz.300750,84.98,52.121298,5.774769,6.299379,339.266397,4.714211,1,0
2019-04-03,sz.300750,84.48,51.81463,5.740792,6.262315,337.270243,3.306902,1,0
2019-04-04,sz.300750,84.17,51.624496,5.719726,6.239335,336.032627,3.074707,1,0
2019-04-08,sz.300750,82.29,50.471424,5.591972,6.099975,328.527086,5.236965,1,0
2019-04-09,sz.300750,83.91,51.465029,5.702058,6.220062,334.994627,5.497174,1,0
2019-04-10,sz.300750,82.24,50.440758,5.588574,6.096269,328.327471,4.990172,1,0
2019-04-11,sz.300750,80.72,49.508487,5.485283,5.983594,322.259162,4.12153,1,0
2019-04-12,sz.300750,81.98,50.28129,5.570906,6.076995,327.289471,2.732264,1,0
2019-04-15,sz.300750,80.97,49.661821,5.502272,6.002126,323.257239,2.759601,1,0
2019-04-16,sz.300750,82.27,50.459158,5.590613,6.098493,328.44724,2.632399,1,0
2019-04-17,sz.300750,86.11,52.814368,5.851558,6.383143,343.777706,9.436626,1,0
2019-04-18,sz.300750,84.65,51.918898,5.752344,6.274917,337.948935,3.250626,1,0
2019-04-19,sz.300750,83.2,51.02956,5.653811,6.167431,332.160087,2.898484,1,0
2019-04-22,sz.300750,81.23,49.821288,5.51994,6.0214,324.295239,3.060723,1,0
2019-04-23,sz.300750,78.17,47.94448,5.312,5.794569,312.078774,5.305532,1,0
2019-04-24,sz.300750,79.78,48.931951,5.421406,5.913914,318.506392,2.363416,1,0
2019-04-25,sz.300750,79.1,51.261905,5.271249,5.863507,-157.662435,2.43842,1,0
2019-04-26,sz.300750,79.35,51.423921,5.287909,5.882039,-158.160736,1.60732,1,0
2019-04-29,sz.300750,79.78,43.551832,5.116475,4.88047,69.999255,2.204104,1,0
2019-04-30,sz.300750,79.76,43.540914,5.115192,4.879247,69.981707,1.431147,1,0
2019-05-06,sz.300750,75.7,41.324564,4.854815,4.63088,66.419448,3.011873,1,0
2019-05-07,sz.300750,75.85,41.406449,4.864435,4.640056,66.551059,1.708652,1,0
2019-05-08,sz.300750,74.61,40.729534,4.784911,4.5642,65.463079,1.610901,1,0
2019-05-09,sz.300750,72.7,39.686866,4.662418,4.447357,63.787238,2.215679,1,0
2019-05-10,sz.300750,74.1,40.451125,4.752204,4.533001,65.015603,2.489105,1,0
2019-05-13,sz.300750,71.59,39.080918,4.591232,4.379454,62.81332,2.132499,1,0
2019-05-14,sz.300750,72.16,39.392081,4.627787,4.414323,63.31344,1.994531,1,0
2019-05-15,sz.300750,74.98,40.931516,4.80864,4.586834,65.787718,3.047054,1,0
2019-05-16,sz.300750,74.33,40.576682,4.766954,4.547071,65.217406,1.72026,1,0
2019-05-17,sz.300750,72.25,39.441212,4.633559,4.419829,63.392406,1.657266,1,0
2019-05-20,sz.300750,69.69,38.04371,4.46938,4.263223,61.146253,2.082337,1,0
2019-05-21,sz.300750,70.15,38.294824,4.498881,4.291363,61.549859,1.47067,1,0
2019-05-22,sz.300750,69.37,37.869022,4.448858,4.243648,60.865484,1.280767,1,0
2019-05-23,sz.300750,67.48,36.837273,4.327648,4.128029,59.207191,2.026151,1,0
2019-05-24,sz.300750,67.85,37.039256,4.351377,4.150663,59.531831,1.349227,1,0
2019-05-27,sz.300750,69.2,37.776219,4.437955,4.233248,60.716325,2.011115,1,0
2019-05-28,sz.300750,71.88,39.239229,4.60983,4.397195,63.067767,2.448001,1,0
2019-05-29,sz.300750,70.57,38.524101,4.525817,4.317057,61.918368,1.516782,1,0
2019-05-30,sz.300750,69.81,38.109218,4.477076,4.270564,61.251542,1.322314,1,0
2019-05-31,sz.300750,69.44,37.907235,4.453347,4.24793,60.926902,1.158459,1,0
2019-06-03,sz.300750,68.16,37.208484,4.371258,4.169627,59.803826,1.497321,1,0
2019-06-04,sz.300750,66.87,36.504274,4.288527,4.090712,58.671975,1.457661,1,0
2019-06-05,sz.300750,69.07,37.705252,4.429618,4.225295,60.602263,2.30585,1,0
2019-06-06,sz.300750,66.94,36.542487,4.293016,4.094995,58.733393,1.725475,1,0
2019-06-10,sz.300750,67.6,36.902781,4.335344,4.135369,59.31248,4.071576,1,0
2019-06-11,sz.300750,68.19,37.224861,4.373182,4.171462,59.830148,2.013866,1,0
2019-06-12,sz.300750,68.65,37.475975,4.402683,4.199602,60.233753,1.28238,1,0
2019-06-13,sz.300750,71.01,38.764297,4.554035,4.343973,62.304426,1.800145,1,0
2019-06-14,sz.300750,72.18,39.402999,4.62907,4.415547,63.330988,1.706962,1,0
2019-06-17,sz.300750,71.96,39.282901,4.61496,4.402089,63.137959,1.008348,1,0
2019-06-18,sz.300750,71.05,38.786133,4.5566,4.34642,62.339522,0.683352,1,0
2019-06-19,sz.300750,69.68,38.038251,4.468739,4.262612,61.137479,1.193052,1,0
2019-06-20,sz.300750,69.06,37.699793,4.428977,4.224684,60.593489,1.070636,1,0
2019-06-21,sz.300750,69.09,37.71617,4.430901,4.226519,60.619811,0.987304,1,0
2019-06-24,sz.300750,68.86,37.590614,4.41615,4.212449,60.418008,0.551841,1,0
2019-06-25,sz.300750,68.83,37.574237,4.414226,4.210614,60.391686,0.638131,1,0
2019-06-26,sz.300750,69.98,38.202021,4.487979,4.280964,61.4007,0.7893,1,0
2019-06-27,sz.300750,69.93,38.174726,4.484772,4.277905,61.35683,0.914652,1,0
2019-06-28,sz.300750,68.88,37.601532,4.417433,4.213672,60.435556,0.47794,1,0
2019-07-01,sz.300750,70.32,38.387626,4.509783,4.301763,61.699017,1.092449,1,0
2019-07-02,sz.300750,71.04,38.780674,4.555959,4.345808,62.330748,1.357664,1,0
2019-07-03,sz.300750,71.8,39.195557,4.604699,4.392301,62.997575,1.84621,1,0
2019-07-04,sz.300750,71.05,38.786133,4.5566,4.34642,62.339522,0.675358,1,0
2019-07-05,sz.300750,71.08,38.80251,4.558524,4.348255,62.365844,0.742968,1,0
2019-07-08,sz.300750,68.86,37.590614,4.41615,4.212449,60.418008,0.693729,1,0
2019-07-09,sz.300750,70.86,38.682412,4.544415,4.334797,62.172815,0.802195,1,0
2019-07-10,sz.300750,72.25,39.441212,4.633559,4.419829,63.392406,1.330891,1,0
2019-07-11,sz.300750,72.42,39.534015,4.644461,4.430229,63.541565,0.590388,1,0
2019-07-12,sz.300750,73.88,40.32051,4.736859,4.518364,64.80567,0.786697,1,0
2019-07-15,sz.300750,73.66,40.200444,4.722753,4.504909,64.612692,0.941601,1,0
2019-07-16,sz.300750,72.82,39.742008,4.668896,4.453537,63.875865,0.802556,1,0
2019-07-17,sz.300750,72.99,39.834787,4.679796,4.463934,64.024985,0.360655,1,0
2019-07-18,sz.300750,71.5,39.021609,4.584264,4.372808,62.717994,0.377346,1,0
2019-07-19,sz.300750,72.5,39.567366,4.648379,4.433966,63.595169,0.479163,1,0
2019-07-22,sz.300750,73.08,39.883905,4.685566,4.469438,64.10393,0.732272,1,0
2019-07-23,sz.300750,75.87,41.406566,4.864449,4.640069,66.551248,1.375934,1,0
2019-07-24,sz.300750,75.68,41.302872,4.852267,4.628449,66.384585,0.999832,1,0
2019-07-25,sz.300750,75.81,41.373821,4.860602,4.6364,66.498617,0.989102,1,0
2019-07-26,sz.300750,76.66,41.837714,4.9151,4.688384,67.244216,0.9629,1,0
2019-07-29,sz.300750,76.68,41.848629,4.916383,4.689607,67.261759,0.587909,1,0
2019-07-30,sz.300750,77.76,42.438046,4.985627,4.755658,68.209108,0.8058,1,0
2019-07-31,sz.300750,76.0,41.477514,4.872784,4.64802,66.665281,0.5532,1,0
2019-08-01,sz.300750,75.8,41.368363,4.859961,4.635788,66.489846,0.5639,1,0
2019-08-02,sz.300750,75.28,41.08457,4.826621,4.603986,66.033715,0.5986,1,0
2019-08-05,sz.300750,73.0,39.840244,4.680437,4.464545,64.033756,0.7511,1,0
2019-08-06,sz.300750,72.15,39.376351,4.625939,4.412561,63.288158,0.7096,1,0
2019-08-07,sz.300750,73.33,40.020344,4.701595,4.484727,64.323224,0.7188,1,0
2019-08-08,sz.300750,73.08,39.883905,4.685566,4.469438,64.10393,0.3237,1,0
2019-08-09,sz.300750,71.93,39.256284,4.611834,4.399106,63.095179,0.3954,1,0
2019-08-12,sz.300750,73.37,40.042174,4.70416,4.487174,64.358311,0.3553,1,0
2019-08-13,sz.300750,73.47,40.09675,4.710572,4.493289,64.446028,0.4435,1,0
2019-08-14,sz.300750,73.5,40.113122,4.712495,4.495124,64.472344,0.5284,1,0
2019-08-15,sz.300750,74.17,40.478779,4.755452,4.5361,65.060051,0.3861,1,0
2019-08-16,sz.300750,73.22,39.960311,4.694543,4.478,64.226735,0.5809,1,0
2019-08-19,sz.300750,76.2,41.586666,4.885607,4.660251,66.840715,0.8782,1,0
2019-08-20,sz.300750,75.43,41.166433,4.836238,4.613159,66.165291,0.5697,1,0
2019-08-21,sz.300750,75.8,41.368363,4.859961,4.635788,66.489846,0.5458,1,0
2019-08-22,sz.300750,75.6,41.259212,4.847138,4.623556,66.314411,0.4108,1,0
2019-08-23,sz.300750,73.9,40.331425,4.738141,4.519587,64.823214,1.3838,1,0
2019-08-26,sz.300750,72.77,34.878061,4.618316,3.941446,25.655738,0.7625,1,0
2019-08-27,sz.300750,73.3,35.132086,4.651952,3.970152,25.842594,0.8024,1,0
2019-08-28,sz.300750,72.52,34.758238,4.60245,3.927905,25.567598,0.7218,1,0
2019-08-29,sz.300750,71.08,34.068058,4.511061,3.84991,25.059913,0.8417,1,0
2019-08-30,sz.300750,72.27,34.638415,4.586583,3.914364,25.479458,0.9938,1,0
2019-09-02,sz.300750,72.96,34.969126,4.630374,3.951737,25.722724,0.8192,1,0
2019-09-03,sz.300750,71.2,34.125573,4.518676,3.85641,25.10222,1.0876,1,0
2019-09-04,sz.300750,71.18,34.115987,4.517407,3.855327,25.095169,0.9783,1,0
2019-09-05,sz.300750,71.3,34.173502,4.525023,3.861826,25.137476,1.0277,1,0
2019-09-06,sz.300750,71.86,34.441906,4.560563,3.892157,25.334909,0.6927,1,0
2019-09-09,sz.300750,77.0,36.905465,4.886771,4.170556,27.147064,2.1555,1,0
2019-09-10,sz.300750,77.22,37.010909,4.900733,4.182471,27.224627,1.5728,1,0
2019-09-11,sz.300750,77.77,37.27452,4.935639,4.212261,27.418534,1.7736,1,0
2019-09-12,sz.300750,78.0,37.384757,4.950235,4.224719,27.499623,1.2869,1,0
2019-09-16,sz.300750,76.7,36.761678,4.867731,4.154307,27.041296,1.1301,1,0
2019-09-17,sz.300750,74.52,35.716822,4.729379,4.036231,26.272717,1.1961,1,0
2019-09-18,sz.300750,74.59,35.750372,4.733821,4.040023,26.297396,0.8425,1,0
2019-09-19,sz.300750,75.38,36.129013,4.783958,4.082811,26.575918,1.1752,1,0
2019-09-20,sz.300750,74.86,35.879781,4.750957,4.054647,26.392587,1.0646,1,0
2019-09-23,sz.300750,72.99,34.983505,4.632278,3.953362,25.733301,1.0236,1,0
2019-09-24,sz.300750,72.73,35.080561,4.645129,3.96433,25.804693,1.0679,1,0
2019-09-25,sz.300750,72.96,35.191499,4.659819,3.976866,25.886298,1.1139,1,0
2019-09-26,sz.300750,71.45,34.463166,4.563378,3.89456,25.350548,1.0887,1,0
2019-09-27,sz.300750,71.46,34.467989,4.564017,3.895105,25.354096,0.594,1,0
2019-09-30,sz.300750,71.5,34.487283,4.566572,3.897285,25.368288,0.5622,1,0
2019-10-08,sz.300750,70.26,33.889182,4.487375,3.829696,24.928334,0.7264,1,0
2019-10-09,sz.300750,69.1,33.329668,4.413288,3.766467,24.516765,1.0994,1,0
2019-10-10,sz.300750,70.9,34.197879,4.528251,3.864581,25.155407,1.0216,1,0
2019-10-11,sz.300750,71.46,34.467989,4.564017,3.895105,25.354096,0.7893,1,0
2019-10-14,sz.300750,70.85,34.173762,4.525057,3.861856,25.137667,1.0148,1,0
2019-10-15,sz.300750,70.97,34.231643,4.532721,3.868396,25.180243,0.743,1,0
2019-10-16,sz.300750,69.69,33.614248,4.45097,3.798627,24.726098,0.6755,1,0
2019-10-17,sz.300750,69.3,33.426136,4.426062,3.777369,24.587725,0.6025,1,0
2019-10-18,sz.300750,70.09,33.807184,4.476518,3.82043,24.868018,0.6343,1,0
2019-10-21,sz.300750,69.64,33.590131,4.447777,3.795901,24.708357,0.4194,1,0
2019-10-22,sz.300750,70.72,34.111058,4.516754,3.85477,25.091543,0.576,1,0
2019-10-23,sz.300750,70.76,34.130352,4.519309,3.85695,25.105735,0.5253,1,0
2019-10-24,sz.300750,71.63,34.549987,4.574874,3.904371,25.414412,0.752,1,0
2019-10-25,sz.300750,71.02,34.25576,4.535915,3.871122,25.197983,0.4482,1,0
2019-10-28,sz.300750,70.81,34.961404,4.232816,3.608885,7.738233,0.8287,1,0
2019-10-29,sz.300750,69.28,34.205989,4.141357,3.530908,7.571032,0.8204,1,0
2019-10-30,sz.300750,69.52,34.324485,4.155703,3.543139,7.59726,0.6288,1,0
2019-10-31,sz.300750,68.71,33.92456,4.107284,3.501857,7.508742,0.4679,1,0
2019-11-01,sz.300750,69.33,34.230676,4.144346,3.533456,7.576496,0.4668,1,0
2019-11-04,sz.300750,69.93,34.526917,4.180212,3.564035,7.642065,0.6891,1,0
2019-11-05,sz.300750,73.48,36.279678,4.392421,3.744964,8.030015,1.9776,1,0
2019-11-06,sz.300750,75.9,37.474517,4.537081,3.868301,8.294477,3.6711,1,0
2019-11-07,sz.300750,75.3,37.178276,4.501215,3.837722,8.228908,1.8014,1,0
2019-11-08,sz.300750,75.62,37.336271,4.520344,3.854031,8.263878,1.5829,1,0
2019-11-11,sz.300750,73.7,36.388299,4.405572,3.756176,8.054057,0.8308,1,0
2019-11-12,sz.300750,74.45,36.758601,4.450404,3.794401,8.136018,0.7554,1,0
2019-11-13,sz.300750,73.94,36.506796,4.419918,3.768408,8.080285,0.5601,1,0
2019-11-14,sz.300750,74.1,36.585794,4.429482,3.776563,8.09777,0.5593,1,0
2019-11-15,sz.300750,72.6,35.84519,4.339817,3.700114,7.933847,0.8916,1,0
2019-11-18,sz.300750,72.87,35.978499,4.355957,3.713875,7.963353,0.3738,1,0
2019-11-19,sz.300750,76.94,37.988002,4.599249,3.921305,8.408129,1.5493,1,0
2019-11-20,sz.300750,76.3,37.672011,4.560992,3.888687,8.338189,0.9352,1,0
2019-11-21,sz.300750,77.15,38.091687,4.611803,3.932008,8.431079,1.0346,1,0
2019-11-22,sz.300750,80.5,39.7457,4.812056,4.102743,8.797172,3.5213,1,0
2019-11-25,sz.300750,83.58,41.266405,4.996169,4.259718,9.13376,2.3353,1,0
2019-11-26,sz.300750,88.0,43.448716,5.260384,4.484987,9.616784,3.2553,1,0
2019-11-27,sz.300750,87.25,43.078414,5.215551,4.446762,9.534823,1.6169,1,0
2019-11-28,sz.300750,87.41,43.157412,5.225116,4.454917,9.552308,1.2076,1,0
2019-11-29,sz.300750,87.41,43.157412,5.225116,4.454917,9.552308,1.0745,1,0
2019-12-02,sz.300750,87.1,43.004354,5.206585,4.439117,9.518431,0.9897,1,0
2019-12-03,sz.300750,86.4,42.658739,5.164741,4.403441,9.441934,1.3046,1,0
2019-12-04,sz.300750,86.7,42.80686,5.182674,4.418731,9.474718,1.4035,1,0
2019-12-05,sz.300750,92.0,45.423657,5.499492,4.68885,10.053911,2.1922,1,0
2019-12-06,sz.300750,93.0,45.917393,5.55927,4.739815,10.163193,1.1174,1,0
2019-12-09,sz.300750,92.89,45.863082,5.552694,4.734209,10.151172,1.2265,1,0
2019-12-10,sz.300750,93.35,46.0902,5.580191,4.757653,10.201441,1.0556,1,0
2019-12-11,sz.300750,91.49,45.171852,5.469006,4.662857,9.998177,1.1081,1,0
2019-12-12,sz.300750,89.7,44.288066,5.362005,4.571628,9.802563,1.2372,1,0
2019-12-13,sz.300750,93.0,45.917393,5.55927,4.739815,10.163193,1.5209,1,0
2019-12-16,sz.300750,92.3,45.571778,5.517426,4.704139,10.086695,1.5149,1,0
2019-12-17,sz.300750,95.39,47.09742,5.702137,4.861624,10.424376,2.3066,1,0
2019-12-18,sz.300750,93.19,46.011202,5.570627,4.749499,10.183956,1.55,1,0
2019-12-19,sz.300750,93.25,46.040827,5.574214,4.752557,10.190513,0.9017,1,0
2019-12-20,sz.300750,92.78,45.808771,5.546119,4.728603,10.139151,0.8613,1,0
2019-12-23,sz.300750,92.9,45.868019,5.553292,4.734719,10.152264,1.176,1,0
2019-12-24,sz.300750,99.5,49.126673,5.947821,5.071093,10.873523,2.47,1,0
2019-12-25,sz.300750,105.3,51.990338,6.294528,5.366694,11.507357,1.9381,1,0
2019-12-26,sz.300750,105.12,51.901466,6.283768,5.35752,11.487686,1.2341,1,0
2019-12-27,sz.300750,104.2,51.447229,6.228773,5.310632,11.387147,2.0003,1,0
2019-12-30,sz.300750,110.0,54.310895,6.57548,5.606233,12.020981,1.9606,1,0
2019-12-31,sz.300750,106.4,52.533447,6.360283,5.422757,11.627567,1.7879,1,0
2020-01-02,sz.300750,107.52,53.086431,6.427233,5.479838,11.749962,1.7139,1,0
2020-01-03,sz.300750,109.55,54.088714,6.54858,5.583299,11.971804,1.5038,1,0
2020-01-06,sz.300750,109.09,53.861595,6.521083,5.559854,11.921534,2.2036,1,0
2020-01-07,sz.300750,108.5,53.570291,6.485814,5.529785,11.857058,1.1232,1,0
2020-01-08,sz.300750,109.6,54.1134,6.551569,5.585847,11.977268,1.5986,1,0
2020-01-09,sz.300750,115.0,56.779572,6.874366,5.861062,12.567389,1.6767,1,0
2020-01-10,sz.300750,113.31,55.945159,6.773342,5.77493,12.382703,1.1997,1,0
2020-01-13,sz.300750,116.9,57.717669,6.987942,5.957897,12.775024,1.7959,1,0
2020-01-14,sz.300750,115.7,57.125186,6.916209,5.896738,12.643886,1.8101,1,0
2020-01-15,sz.300750,115.3,56.927692,6.892299,5.876352,12.600173,1.4767,1,0
2020-01-16,sz.300750,116.4,57.470801,6.958053,5.932414,12.720383,1.0755,1,0
2020-01-17,sz.300750,115.08,56.81907,6.879148,5.865139,12.576131,1.2192,1,0
2020-01-20,sz.300750,123.2,60.828202,7.364538,6.278981,13.463498,2.0699,1,0
2020-01-21,sz.300750,121.65,60.062912,7.271883,6.199984,13.294112,1.1864,1,0
2020-01-22,sz.300750,133.82,66.071672,7.99937,6.820238,14.624069,2.9097,1,0
2020-01-23,sz.300750,130.57,64.467032,7.805095,6.654599,14.268904,2.9924,1,0
2020-02-03,sz.300750,135.36,66.832024,8.091427,6.898725,14.792363,4.3768,1,0
2020-02-04,sz.300750,148.9,73.517202,8.900809,7.588801,16.272036,2.9864,1,0
2020-02-05,sz.300750,163.79,80.868922,9.79089,8.347681,17.89924,4.414,1,0
2020-02-06,sz.300750,169.89,83.880708,10.15553,8.658573,18.565858,4.8162,1,0
2020-02-07,sz.300750,160.2,79.096412,9.57629,8.164714,17.506919,3.7835,1,0
2020-02-10,sz.300750,165.26,81.594713,9.878762,8.422601,18.059884,3.1217,1,0
2020-02-11,sz.300750,158.4,78.207688,9.468691,8.072976,17.310212,2.8268,1,0
2020-02-12,sz.300750,159.65,78.824857,9.543413,8.136683,17.446814,2.7097,1,0
2020-02-13,sz.300750,156.34,77.190593,9.34555,7.967987,17.085092,2.6078,1,0
2020-02-14,sz.300750,149.9,74.010937,8.960586,7.639767,16.381318,3.6556,1,0
2020-02-17,sz.300750,154.1,76.084626,9.21165,7.853823,16.840301,2.8644,1,0
2020-02-18,sz.300750,156.62,77.328839,9.362288,7.982257,17.115691,2.3475,1,0
2020-02-19,sz.300750,153.2,77.328839,9.362288,7.982257,17.115691,3.4772,1,0
2020-02-20,sz.300750,160.0,78.997665,9.564335,8.154521,17.485063,4.311,1,0
2020-02-21,sz.300750,159.9,78.948291,9.558357,8.149425,17.474134,2.811,1,0
2020-02-24,sz.300750,154.41,76.237684,9.230181,7.869623,16.874178,3.037,1,0
2020-02-25,sz.300750,161.85,79.911075,9.674922,8.248808,17.687234,4.291,1,0
2020-02-26,sz.300750,152.86,75.472394,9.137526,7.790626,16.704792,2.8129,1,0
2020-02-27,sz.300750,149.48,73.803568,8.93548,7.618361,16.33542,2.7607,1,0
2020-02-28,sz.300750,135.67,68.778725,8.109958,6.578301,14.82624,4.2279,1,0
2020-03-02,sz.300750,139.99,70.968775,8.368195,6.787768,15.298337,2.6455,1,0
2020-03-03,sz.300750,145.78,73.904051,8.714304,7.06851,15.931078,2.4689,1,0
2020-03-04,sz.300750,143.7,72.849582,8.589968,6.967656,15.703772,1.7125,1,0
2020-03-05,sz.300750,145.22,73.620155,8.680829,7.041357,15.86988,1.8679,1,0
2020-03-06,sz.300750,143.52,72.75833,8.579208,6.958928,15.684101,1.3289,1,0
2020-03-09,sz.300750,133.45,67.653283,7.977253,6.470659,14.583635,2.4468,1,0
2020-03-10,sz.300750,140.53,71.242532,8.400475,6.813951,15.357349,2.4343,1,0
2020-03-11,sz.300750,140.78,71.369271,8.415419,6.826073,15.384669,2.8208,1,0
2020-03-12,sz.300750,134.2,68.0335,8.022086,6.507025,14.665596,2.7762,1,0
2020-03-13,sz.300750,132.1,66.968892,7.896554,6.405201,14.436105,2.283,1,0
2020-03-16,sz.300750,119.06,60.358186,7.117061,5.772924,13.011072,4.0786,1,0
2020-03-17,sz.300750,117.95,59.795464,7.050708,5.719103,12.88977,3.2613,1,0
2020-03-18,sz.300750,117.35,59.491291,7.014842,5.69001,12.824201,2.6059,1,0
2020-03-19,sz.300750,115.04,58.320222,6.876757,5.578004,12.57176,2.7571,1,0
2020-03-20,sz.300750,115.86,58.735926,6.925774,5.617764,12.661371,1.8721,1,0
2020-03-23,sz.300750,107.48,54.487635,6.424842,5.211438,11.745591,2.558,1,0
2020-03-24,sz.300750,111.57,56.561085,6.66933,5.409752,12.192553,2.4212,1,0
2020-03-25,sz.300750,121.0,61.34168,7.233028,5.86699,13.223079,3.2091,1,0
2020-03-26,sz.300750,119.63,60.64715,7.151133,5.800562,13.073363,1.6163,1,0
2020-03-27,sz.300750,118.71,60.180751,7.096139,5.755953,12.972824,1.4551,1,0
2020-03-30,sz.300750,119.31,60.484925,7.132005,5.785046,13.038393,2.1758,1,0
2020-03-31,sz.300750,120.39,61.032437,7.196564,5.837412,13.156417,1.6203,1,0
2020-04-01,sz.300750,120.4,61.037507,7.197162,5.837897,13.15751,2.4859,1,0
2020-04-02,sz.300750,123.6,62.659766,7.388449,5.993057,13.507211,1.7428,1,0
2020-04-03,sz.300750,121.0,61.34168,7.233028,5.86699,13.223079,1.5151,1,0
2020-04-07,sz.300750,124.7,63.217418,7.454203,6.046393,13.627421,1.5278,1,0
2020-04-08,sz.300750,123.0,62.355592,7.352582,5.963965,13.441642,0.9934,1,0
2020-04-09,sz.300750,120.21,60.941185,7.185804,5.828684,13.136746,1.3349,1,0
2020-04-10,sz.300750,118.46,60.054012,7.081194,5.743831,12.945503,1.2115,1,0
2020-04-13,sz.300750,114.69,58.142788,6.855835,5.561033,12.533511,1.0359,1,0
2020-04-14,sz.300750,126.16,63.957573,7.541478,6.117185,13.786972,3.2342,1,0
2020-04-15,sz.300750,128.0,64.890372,7.651468,6.206402,13.98805,2.7079,1,0
2020-04-16,sz.300750,132.95,67.399805,7.947364,6.446415,14.528994,1.7993,1,0
2020-04-17,sz.300750,136.95,69.427629,8.186473,6.640365,14.966121,2.4324,1,0
2020-04-20,sz.300750,134.51,68.190656,8.040617,6.522056,14.699474,1.555,1,0
2020-04-21,sz.300750,130.52,66.167902,7.802106,6.328591,14.26344,1.6125,1,0
2020-04-22,sz.300750,130.85,66.335197,7.821832,6.344592,14.299503,1.2213,1,0
2020-04-23,sz.300750,129.9,65.853589,7.765044,6.298528,14.195685,1.0426,1,0
2020-04-24,sz.300750,131.69,66.76104,7.872045,6.385321,14.391299,1.4129,1,0
2020-04-27,sz.300750,133.91,64.847997,7.754738,6.458606,15.156616,1.1945,1,0
2020-04-28,sz.300750,138.3,71.777498,7.87682,6.811829,13.492162,1.8869,1,0
2020-04-29,sz.300750,138.72,71.995477,7.900741,6.832515,13.533136,0.9941,1,0
2020-04-30,sz.300750,144.38,74.933009,8.223104,7.111293,14.08531,1.9407,1,0
2020-05-06,sz.300750,145.79,75.664797,8.30341,7.180741,14.222866,1.5921,1,0
2020-05-07,sz.300750,143.2,74.320591,8.155898,7.053173,13.970193,1.337,1,0
2020-05-08,sz.300750,144.08,74.777309,8.206018,7.096517,14.056043,1.1753,1,0
2020-05-11,sz.300750,137.62,71.424579,7.838091,6.778336,13.425823,2.3729,1,0
2020-05-12,sz.300750,139.0,72.140797,7.916689,6.846306,13.560452,1.3328,1,0
2020-05-13,sz.300750,138.26,71.756738,7.874542,6.809858,13.48826,1.0107,1,0
2020-05-14,sz.300750,135.6,70.376202,7.723043,6.678843,13.228758,0.9507,1,0
2020-05-15,sz.300750,145.48,75.503907,8.285754,7.165472,14.192623,2.6786,1,0
2020-05-18,sz.300750,141.81,73.599183,8.076731,6.98471,13.834588,1.3379,1,0
2020-05-19,sz.300750,143.26,74.35173,8.159315,7.056128,13.976046,0.8669,1,0
2020-05-20,sz.300750,149.3,77.486482,8.503321,7.353623,14.565292,2.7415,1,0
2020-05-21,sz.300750,147.46,76.531524,8.398524,7.262995,14.385786,1.2879,1,0
2020-05-22,sz.300750,142.81,74.118181,8.133686,7.033964,13.932145,1.2321,1,0
2020-05-25,sz.300750,144.3,74.891489,8.218548,7.107353,14.077505,0.863,1,0
2020-05-26,sz.300750,150.03,77.820011,8.539922,7.385275,14.627986,1.4541,1,0
2020-05-27,sz.300750,151.5,78.582494,8.623597,7.457636,14.771311,1.5055,1,0
2020-05-28,sz.300750,147.84,76.684066,8.415264,7.277472,14.41446,1.4489,1,0
2020-05-29,sz.300750,145.53,75.485877,8.283776,7.163761,14.189234,1.176,1,0
2020-06-01,sz.300750,150.95,78.297211,8.59229,7.430562,14.717686,1.262,1,0
2020-06-02,sz.300750,149.46,77.524354,8.507477,7.357217,14.57241,1.1395,1,0
2020-06-03,sz.300750,148.5,77.026405,8.452832,7.30996,14.47881,0.9449,1,0
2020-06-04,sz.300750,150.0,77.80445,8.538214,7.383798,14.625061,1.144,1,0
2020-06-05,sz.300750,151.2,78.426885,8.60652,7.442869,14.742061,0.8201,1,0
2020-06-08,sz.300750,151.4,78.530625,8.617904,7.452714,14.761561,0.8781,1,0
2020-06-09,sz.300750,153.96,79.858487,8.763623,7.578731,15.011162,1.2531,1,0
2020-06-10,sz.300750,156.68,81.269341,8.91845,7.712624,15.276363,1.6482,1,0
2020-06-11,sz.300750,163.98,85.055824,9.333976,8.071968,15.988116,3.0615,1,0
2020-06-12,sz.300750,159.3,82.628326,9.067584,7.841594,15.531814,2.0992,1,0
2020-06-15,sz.300750,157.7,81.798411,8.976509,7.762833,15.375814,1.3259,1,0
2020-06-16,sz.300750,160.0,82.991413,9.107429,7.876052,15.600065,1.0918,1,0
2020-06-17,sz.300750,157.8,81.850281,8.982202,7.767756,15.385564,1.0418,1,0
2020-06-18,sz.300750,158.95,82.446782,9.047661,7.824365,15.497689,0.803,1,0
2020-06-19,sz.300750,165.9,86.051721,9.443265,8.166481,16.175317,2.0805,1,0
2020-06-22,sz.300750,165.0,85.584895,9.392036,8.122178,16.087567,1.5834,1,0
2020-06-23,sz.300750,168.89,87.602623,9.61346,8.313665,16.466843,1.3261,1,0
2020-06-24,sz.300750,171.5,88.956421,9.762025,8.442143,16.721319,1.2191,1,0
2020-06-29,sz.300750,171.04,88.717821,9.735841,8.419499,16.676469,0.9468,1,0
2020-06-30,sz.300750,174.36,90.439892,9.924821,8.582927,17.00017,1.326,1,0
2020-07-01,sz.300750,169.4,87.867159,9.64249,8.33877,16.516568,2.3383,1,0
2020-07-02,sz.300750,167.2,86.726027,9.517263,8.230474,16.302068,2.2069,1,0
2020-07-03,sz.300750,167.6,86.933505,9.540032,8.250164,16.341068,1.9604,1,0
2020-07-06,sz.300750,177.8,92.224208,10.12063,8.752262,17.335572,2.5062,1,0
2020-07-07,sz.300750,195.58,101.446629,11.132693,9.627489,19.069129,2.0692,1,0
2020-07-08,sz.300750,197.57,102.478834,11.245967,9.725447,19.263155,2.3572,1,0
2020-07-09,sz.300750,205.02,106.343122,11.670032,10.092176,19.989533,2.2767,1,0
2020-07-10,sz.300750,203.9,105.762182,11.60628,10.037043,19.880332,1.3732,1,0
2020-07-13,sz.300750,224.11,116.245035,12.756662,11.031887,21.850816,2.4745,1,0
2020-07-14,sz.300750,215.95,112.012473,12.292183,10.630208,21.055212,2.7195,1,0
2020-07-15,sz.300750,207.03,107.385702,11.784444,10.191119,20.185509,2.2385,1,0
2020-07-16,sz.300750,196.77,102.063877,11.20043,9.686067,19.185155,2.2238,1,0
2020-07-17,sz.300750,195.7,101.508872,11.139524,9.633396,19.080829,2.4787,1,0
2020-07-20,sz.300750,205.3,106.488357,11.68597,10.105959,20.016833,2.3662,1,0
2020-07-21,sz.300750,207.0,107.370141,11.782736,10.189642,20.182584,1.5223,1,0
2020-07-22,sz.300750,207.89,107.83178,11.833396,10.233452,20.269359,1.5638,1,0
2020-07-23,sz.300750,213.5,110.741667,12.152725,10.509606,20.816336,2.088,1,0
2020-07-24,sz.300750,198.68,103.054587,11.30915,9.780087,19.37138,2.8067,1,0
2020-07-27,sz.300750,191.3,99.226608,10.88907,9.416804,18.651827,2.0525,1,0
2020-07-28,sz.300750,197.52,102.452899,11.243121,9.722986,19.25828,1.644,1,0
2020-07-29,sz.300750,204.18,105.907417,11.622218,10.050826,19.907633,1.5502,1,0
2020-07-30,sz.300750,205.35,106.514292,11.688816,10.10842,20.021708,1.1711,1,0
2020-07-31,sz.300750,212.17,110.051801,12.07702,10.444137,20.686661,1.6894,1,0
2020-08-03,sz.300750,215.6,111.830929,12.27226,10.61298,21.021087,1.2326,1,0
2020-08-04,sz.300750,210.69,115.342736,12.657644,10.946257,21.681209,1.6284,1,0
2020-08-05,sz.300750,210.35,115.156603,12.637218,10.928593,21.646221,1.0387,1,0
2020-08-06,sz.300750,211.5,115.786173,12.706306,10.98834,21.764562,1.1885,1,0
2020-08-07,sz.300750,204.29,111.839041,12.27315,10.613749,21.022612,1.4732,1,0
2020-08-10,sz.300750,200.68,109.862738,12.056272,10.426194,20.651122,1.0671,1,0
2020-08-11,sz.300750,198.42,108.625496,11.920498,10.308778,20.418555,0.9981,1,0
2020-08-12,sz.300750,195.73,107.152849,11.758891,10.16902,20.141739,2.0621,1,0
2020-08-13,sz.300750,195.99,107.295187,11.774511,10.182529,20.168494,1.0657,1,0
2020-08-14,sz.300750,200.37,109.693028,12.037648,10.410088,20.619222,0.9767,1,0
2020-08-17,sz.300750,196.62,107.640082,11.812359,10.21526,20.233325,1.608,1,0
2020-08-18,sz.300750,199.28,109.096305,11.972164,10.353458,20.507054,1.805,1,0
2020-08-19,sz.300750,190.19,104.119963,11.426063,9.881193,19.571641,1.527,1,0
2020-08-20,sz.300750,188.42,103.150972,11.319727,9.789234,19.389498,1.0624,1,0
2020-08-21,sz.300750,192.23,105.236766,11.548621,9.98718,19.781569,1.1958,1,0
2020-08-24,sz.300750,202.01,110.59085,12.136175,10.495294,20.787987,2.1057,1,0
2020-08-25,sz.300750,199.92,109.446674,12.010614,10.386709,20.572914,1.1871,1,0
2020-08-26,sz.300750,194.4,106.424737,11.678988,10.099921,20.004874,1.2435,1,0
2020-08-27,sz.300750,204.95,108.625493,12.033973,10.764073,21.22185,2.3171,1,0
2020-08-28,sz.300750,208.3,110.401025,12.230673,10.940017,21.56873,1.3844,1,0
2020-08-31,sz.300750,206.35,109.367506,12.116176,10.837602,21.366815,1.1027,1,0
2020-09-01,sz.300750,214.25,113.554583,12.580037,11.252513,22.184832,1.6087,1,0
2020-09-02,sz.300750,211.31,111.996355,12.40741,11.098103,21.880405,1.192,1,0
2020-09-03,sz.300750,209.9,111.249041,12.32462,11.024049,21.734405,1.0161,1,0
2020-09-04,sz.300750,204.26,108.259786,11.993458,10.727834,21.150402,1.2054,1,0
2020-09-07,sz.300750,186.4,98.793812,10.944779,9.789818,19.301062,3.6545,1,0
2020-09-08,sz.300750,186.9,99.058817,10.974137,9.816078,19.352836,1.801,1,0
2020-09-09,sz.300750,184.32,97.691392,10.822649,9.680575,19.085686,1.5449,1,0
2020-09-10,sz.300750,184.96,98.030598,10.860227,9.714188,19.151956,1.2097,1,0
2020-09-11,sz.300750,187.3,99.270821,10.997624,9.837086,19.394254,0.9599,1,0
2020-09-14,sz.300750,192.78,102.175275,11.319391,10.124899,19.961689,1.1659,1,0
2020-09-15,sz.300750,194.7,103.192893,11.432127,10.225738,20.160498,0.9549,1,0
2020-09-16,sz.300750,192.26,101.899669,11.288859,10.097588,19.907845,0.9659,1,0
2020-09-17,sz.300750,198.4,105.153929,11.649379,10.420064,20.54362,1.4794,1,0
2020-09-18,sz.300750,198.03,104.957826,11.627654,10.400631,20.505308,0.8607,1,0
2020-09-21,sz.300750,197.93,104.904825,11.621782,10.395379,20.494953,1.3055,1,0
2020-09-22,sz.300750,200.5,106.26695,11.772684,10.530357,20.761068,1.0025,1,0
2020-09-23,sz.300750,197.0,104.411916,11.567175,10.346535,20.398655,1.2771,1,0
2020-09-24,sz.300750,190.82,101.136455,11.204307,10.021958,19.758738,0.8641,1,0
2020-09-25,sz.300750,191.5,101.496862,11.244234,10.057672,19.829149,0.5509,1,0
2020-09-28,sz.300750,192.91,102.244176,11.327024,10.131726,19.97515,0.6669,1,0
2020-09-29,sz.300750,204.99,108.646693,12.036321,10.766174,21.225991,1.6396,1,0
2020-09-30,sz.300750,209.2,110.878034,12.283518,10.987285,21.661922,1.2952,1,0
2020-10-09,sz.300750,224.87,119.183287,13.203608,11.810281,23.284495,1.9406,1,0
2020-10-12,sz.300750,234.78,124.435683,13.78549,12.330759,24.310641,1.5339,1,0
2020-10-13,sz.300750,235.67,124.907392,13.837747,12.377502,24.402797,0.8704,1,0
2020-10-14,sz.300750,237.3,125.771307,13.933455,12.463111,24.571578,1.1153,1,0
2020-10-15,sz.300750,238.6,126.46032,14.009787,12.531387,24.706188,0.8062,1,0
2020-10-16,sz.300750,228.1,120.895218,13.393262,11.979922,23.61895,1.6445,1,0
2020-10-19,sz.300750,229.41,121.589531,13.470181,12.048724,23.754596,1.0531,1,0
2020-10-20,sz.300750,241.6,128.050349,14.185937,12.688949,25.016828,1.1013,1,0
2020-10-21,sz.300750,232.33,123.137159,13.641634,12.202084,24.056952,1.3095,1,0
2020-10-22,sz.300750,231.88,122.898655,13.615211,12.178449,24.010356,0.7334,1,0
2020-10-23,sz.300750,225.0,119.252188,13.211241,11.817109,23.297956,0.939,1,0
2020-10-26,sz.300750,233.15,123.571767,13.689781,12.24515,24.14186,0.875,1,0
2020-10-27,sz.300750,237.21,125.723607,13.928171,12.458384,24.562259,0.7372,1,0
2020-10-28,sz.300750,240.26,125.689392,9.121797,12.589855,14.916243,1.8156,1,0
2020-10-29,sz.300750,240.0,125.553376,9.111926,12.576231,14.900101,1.4122,1,0
2020-10-30,sz.300750,247.17,129.304283,9.384144,12.951946,15.345242,1.8596,1,0
2020-11-02,sz.300750,260.14,136.089397,9.876568,13.631586,16.150468,1.5345,1,0
2020-11-03,sz.300750,256.02,133.934064,9.720147,13.415694,15.894683,1.4949,1,0
2020-11-04,sz.300750,255.55,133.688189,9.702302,13.391066,15.865504,0.8959,1,0
2020-11-05,sz.300750,268.5,140.462839,10.193967,14.069658,16.669488,1.2794,1,0
2020-11-06,sz.300750,263.5,137.847144,10.004135,13.807654,16.359069,1.2683,1,0
2020-11-09,sz.300750,266.43,139.379942,10.115376,13.961188,16.540975,1.0715,1,0
2020-11-10,sz.300750,265.92,139.113141,10.096014,13.934464,16.509312,1.1678,1,0
2020-11-11,sz.300750,250.84,131.224204,9.523481,13.144257,15.573089,1.2764,1,0
2020-11-12,sz.300750,254.25,133.008108,9.652946,13.322945,15.784795,0.787,1,0
2020-11-13,sz.300750,253.21,132.464043,9.613461,13.268448,15.720228,0.9215,1,0
2020-11-16,sz.300750,254.9,133.348148,9.677624,13.357005,15.825149,0.9972,1,0
2020-11-17,sz.300750,250.68,131.140501,9.517406,13.135873,15.563156,1.1076,1,0
2020-11-18,sz.300750,240.5,125.814946,9.130909,12.602431,14.931143,1.5619,1,0
2020-11-19,sz.300750,242.1,126.651968,9.191655,12.686273,15.030477,0.7904,1,0
2020-11-20,sz.300750,252.08,131.872896,9.570559,13.209235,15.650073,0.9965,1,0
2020-11-23,sz.300750,253.0,132.354184,9.605488,13.257443,15.70719,0.9793,1,0
2020-11-24,sz.300750,254.7,133.24352,9.670031,13.346525,15.812732,0.7931,1,0
2020-11-25,sz.300750,246.22,128.807301,9.348076,12.902165,15.286262,0.9484,1,0
2020-11-26,sz.300750,245.34,128.346939,9.314666,12.856052,15.231628,0.6989,1,0
2020-11-27,sz.300750,242.0,126.599654,9.187858,12.681033,15.024269,0.6831,1,0
2020-11-30,sz.300750,242.8,127.018165,9.218231,12.722954,15.073936,1.0259,1,0
2020-12-01,sz.300750,246.17,128.781144,9.346178,12.899545,15.283158,0.7688,1,0
2020-12-02,sz.300750,243.69,127.483759,9.252021,12.76959,15.12919,0.9691,1,0
2020-12-03,sz.300750,245.99,128.686979,9.339344,12.890113,15.271983,0.8657,1,0
2020-12-04,sz.300750,249.72,130.638288,9.480959,13.085568,15.503555,0.7479,1,0
2020-12-07,sz.300750,261.46,136.77994,9.926684,13.700756,16.232419,1.3861,1,0
2020-12-08,sz.300750,266.03,139.170686,10.10019,13.940228,16.516141,0.9425,1,0
2020-12-09,sz.300750,266.0,139.154992,10.099051,13.938656,16.514279,1.2444,1,0
2020-12-10,sz.300750,264.82,138.537688,10.054251,13.876823,16.44102,0.8088,1,0
2020-12-11,sz.300750,266.56,139.44795,10.120312,13.968,16.549046,1.0443,1,0
2020-12-14,sz.300750,266.0,139.154992,10.099051,13.938656,16.514279,0.8686,1,0
2020-12-15,sz.300750,278.5,145.69423,10.57363,14.593668,17.290326,1.4402,1,0
2020-12-16,sz.300750,286.06,149.649161,10.860656,14.989819,17.759679,1.1573,1,0
2020-12-17,sz.300750,284.81,148.995238,10.813198,14.924318,17.682074,0.7138,1,0
2020-12-18,sz.300750,289.99,151.705098,11.009864,15.195755,18.003668,0.7705,1,0
2020-12-21,sz.300750,325.0,170.020197,12.339066,17.030313,20.17722,1.6046,1,0
2020-12-22,sz.300750,313.64,164.077337,11.907768,16.435038,19.471949,1.3667,1,0
2020-12-23,sz.300750,318.0,166.358223,12.073301,16.663506,19.742634,1.4085,1,0
2020-12-24,sz.300750,311.0,162.69625,11.807537,16.296699,19.308048,0.7677,1,0
2020-12-25,sz.300750,312.79,163.632669,11.875497,16.390497,19.419178,0.7727,1,0
2020-12-28,sz.300750,316.78,165.719994,12.026983,16.599577,19.666892,0.9698,1,0
2020-12-29,sz.300750,308.0,161.126833,11.693638,16.139496,19.121797,0.9861,1,0
2020-12-30,sz.300750,340.0,177.867283,12.908561,17.816327,21.108477,1.8533,1,0
2020-12-31,sz.300750,351.11,183.679358,13.330368,18.398502,21.798227,1.2312,1,0
2021-01-04,sz.300750,404.1,211.400497,15.342205,21.175229,25.088045,1.8208,1,0
2021-01-05,sz.300750,402.0,210.301905,15.262475,21.065187,24.957669,1.8423,1,0
2021-01-06,sz.300750,406.77,212.797278,15.443575,21.315139,25.253809,1.512,1,0
2021-01-07,sz.300750,413.23,216.176757,15.688838,21.65365,25.65487,1.4085,1,0
2021-01-08,sz.300750,404.5,211.609753,15.357391,21.196189,25.112879,1.7014,1,0
2021-01-11,sz.300750,390.0,204.024236,14.806879,20.436375,24.212664,1.8633,1,0
2021-01-12,sz.300750,401.17,209.867699,15.230963,21.021694,24.90614,1.3413,1,0
2021-01-13,sz.300750,385.0,201.408541,14.617047,20.17437,23.902246,2.2081,1,0
2021-01-14,sz.300750,369.01,193.043547,14.009965,19.336479,22.909526,1.588,1,0
2021-01-15,sz.300750,380.55,199.080572,14.448097,19.941186,23.625973,1.6056,1,0
2021-01-18,sz.300750,383.9,200.833088,14.575284,20.116729,23.833954,1.1502,1,0
2021-01-19,sz.300750,366.11,191.526444,13.899863,19.184516,22.729484,1.3191,1,0
2021-01-20,sz.300750,391.4,204.756631,14.860032,20.509737,24.299582,1.7286,1,0
2021-01-21,sz.300750,391.3,204.704317,14.856235,20.504496,24.293373,1.4157,1,0
2021-01-22,sz.300750,408.0,213.440739,15.490274,21.379593,25.330172,1.5425,1,0
2021-01-25,sz.300750,396.95,207.660053,15.070745,20.800562,24.644147,1.761,1,0
2021-01-26,sz.300750,385.5,201.67011,14.636031,20.200571,23.933288,1.2234,1,0
2021-01-27,sz.300750,390.52,204.296268,14.826622,20.463624,24.244948,1.2019,1,0
2021-01-28,sz.300750,369.9,193.509141,14.043755,19.383116,22.964781,1.4727,1,0
2021-01-29,sz.300750,354.11,185.248775,13.444267,18.555705,21.984478,2.2356,1,0
2021-02-01,sz.300750,350.33,183.271309,13.300754,18.357629,21.749802,1.4195,1,0
2021-02-02,sz.300750,367.8,192.410549,13.964026,19.273074,22.834405,2.0319,1,0
2021-02-03,sz.300750,380.98,199.305522,14.464423,19.963719,23.652669,1.7096,1,0
2021-02-04,sz.300750,388.5,203.239527,14.74993,20.357774,24.119539,1.594,1,0
2021-02-05,sz.300750,373.45,195.366285,14.178536,19.569139,23.185178,1.3568,1,0
2021-02-08,sz.300750,404.0,211.348183,15.338408,21.169989,25.081837,1.7983,1,0
2021-02-09,sz.300750,410.2,214.591645,15.5738,21.494875,25.466756,1.1941,1,0
2021-02-10,sz.300750,412.66,215.878567,15.667197,21.623781,25.619482,1.1999,1,0
2021-02-18,sz.300750,397.0,207.68621,15.072644,20.803182,24.647251,1.7557,1,0
2021-02-19,sz.300750,387.5,202.716388,14.711963,20.305373,24.057455,1.3773,1,0
2021-02-22,sz.300750,375.0,196.17715,14.237384,19.650361,23.281408,1.2322,1,0
2021-02-23,sz.300750,376.54,196.982784,14.295852,19.731058,23.377017,1.0026,1,0
2021-02-24,sz.300750,347.0,181.529256,13.174326,18.183134,21.543063,2.2308,1,0
2021-02-25,sz.300750,337.1,176.350179,12.798459,17.664364,20.928434,1.811,1,0
2021-02-26,sz.300750,322.23,168.571102,12.233899,16.885162,20.005248,1.6913,1,0
2021-03-01,sz.300750,344.6,180.273722,13.083207,18.057372,21.394062,1.5136,1,0
2021-03-02,sz.300750,349.6,182.889418,13.273038,18.319376,21.704481,1.1261,1,0
2021-03-03,sz.300750,349.63,182.905112,13.274177,18.320948,21.706343,0.7711,1,0
2021-03-04,sz.300750,325.57,170.318386,12.360707,17.060181,20.212608,1.3341,1,0
2021-03-05,sz.300750,320.0,167.404501,12.149234,16.768308,19.866802,1.2754,1,0
2021-03-08,sz.300750,305.0,159.557415,11.579739,15.982293,18.935545,1.5693,1,0
2021-03-09,sz.300750,300.0,156.94172,11.389907,15.720289,18.625126,2.016,1,0
2021-03-10,sz.300750,314.5,164.527237,11.940419,16.480103,19.525341,1.7512,1,0
2021-03-11,sz.300750,331.28,173.30551,12.577495,17.359391,20.567106,1.5449,1,0
2021-03-12,sz.300750,341.46,178.631066,12.963992,17.892833,21.199119,1.3966,1,0
2021-03-15,sz.300750,312.3,163.376331,11.856893,16.36482,19.388757,1.6979,1,0
2021-03-16,sz.300750,323.0,168.973919,12.263133,16.925511,20.053053,1.0105,1,0
2021-03-17,sz.300750,333.0,174.205309,12.642797,17.44952,20.67389,1.0813,1,0
2021-03-18,sz.300750,335.8,175.670099,12.749103,17.596243,20.847725,0.8377,1,0
2021-03-19,sz.300750,316.5,165.573515,12.016352,16.584904,19.649508,1.3981,1,0
2021-03-22,sz.300750,307.8,161.022205,11.686045,16.129016,19.10938,1.7076,1,0
2021-03-23,sz.300750,303.91,158.987194,11.538355,15.925176,18.867874,1.114,1,0
2021-03-24,sz.300750,288.79,151.077331,10.964304,15.132874,17.929168,1.8576,1,0
2021-03-25,sz.300750,291.55,152.521195,11.069091,15.2775,18.100519,1.3589,1,0
2021-03-26,sz.300750,313.62,164.066874,11.907009,16.43399,19.470707,1.7473,1,0
2021-03-29,sz.300750,311.6,163.010133,11.830317,16.32814,19.345298,1.1469,1,0
2021-03-30,sz.300750,318.98,166.8709,12.110508,16.714859,19.803476,0.9315,1,0
2021-03-31,sz.300750,322.17,168.539713,12.231621,16.882018,20.001523,1.1831,1,0
2021-04-01,sz.300750,329.99,172.630661,12.528518,17.291793,20.487018,0.8352,1,0
2021-04-02,sz.300750,332.4,173.891426,12.620017,17.41808,20.63664,0.6826,1,0
2021-04-06,sz.300750,325.8,170.438708,12.369439,17.072233,20.226887,0.7711,1,0
2021-04-07,sz.300750,320.0,167.404501,12.149234,16.768308,19.866802,0.987,1,0
2021-04-08,sz.300750,319.85,167.326031,12.143539,16.760448,19.857489,0.58,1,0
2021-04-09,sz.300750,312.0,163.219389,11.845503,16.3491,19.370132,0.6871,1,0
2021-04-12,sz.300750,315.01,164.794037,11.959782,16.506827,19.557004,1.0361,1,0
2021-04-13,sz.300750,324.76,169.894643,12.329954,17.017736,20.16232,1.0332,1,0
2021-04-14,sz.300750,346.0,181.006117,13.136359,18.130733,21.480979,1.3636,1,0
2021-04-15,sz.300750,337.0,176.297866,12.794662,17.659124,20.922225,0.9192,1,0
2021-04-16,sz.300750,333.84,174.644746,12.674689,17.493537,20.726041,0.8501,1,0
2021-04-19,sz.300750,364.0,190.42262,13.819754,19.07395,22.598487,1.5142,1,0
2021-04-20,sz.300750,359.0,187.806925,13.629922,18.811945,22.288068,1.0526,1,0
2021-04-21,sz.300750,355.69,186.075335,13.504253,18.638498,22.082571,0.9138,1,0
2021-04-22,sz.300750,362.36,189.564672,13.757489,18.988013,22.496669,0.7952,1,0
2021-04-23,sz.300750,371.5,194.346163,14.104502,19.466957,23.064115,0.8502,1,0
2021-04-26,sz.300750,349.0,182.575534,13.250259,18.287936,21.66723,1.8883,1,0
2021-04-27,sz.300750,348.6,182.366279,13.235072,18.266975,21.642397,1.1187,1,0
2021-04-28,sz.300750,367.03,153.131826,13.316038,16.991168,21.25145,1.7415,1,0
2021-04-29,sz.300750,379.99,158.538982,13.786234,17.591134,22.001848,1.3328,1,0
2021-04-30,sz.300750,388.17,133.059175,13.774735,14.957014,24.526436,1.9061,1,0
2021-05-06,sz.300750,384.0,131.629758,13.626757,14.796335,24.262956,1.3978,1,0
2021-05-07,sz.300750,367.28,125.898379,13.033425,14.152078,23.206506,1.1156,1,0
2021-05-10,sz.300750,368.21,126.21717,13.066427,14.187913,23.265268,0.9179,1,0
2021-05-11,sz.300750,366.6,125.665285,13.009294,14.125876,23.16354,0.841,1,0
2021-05-12,sz.300750,361.5,123.917077,12.828314,13.929362,22.841298,0.9845,1,0
2021-05-13,sz.300750,351.1,120.352104,12.459256,13.528628,22.184176,0.8362,1,0
2021-05-14,sz.300750,359.0,123.060112,12.739598,13.833032,22.683336,1.3012,1,0
2021-05-17,sz.300750,373.18,127.920815,13.242794,14.379417,23.579296,1.4245,1,0
2021-05-18,sz.300750,369.1,126.522249,13.09801,14.222206,23.321502,0.6604,1,0
2021-05-19,sz.300750,375.05,128.561825,13.309154,14.451472,23.697452,0.8656,1,0
2021-05-20,sz.300750,377.74,129.483919,13.404612,14.555124,23.867419,0.9465,1,0
2021-05-21,sz.300750,375.57,128.740073,13.327607,14.471509,23.730308,1.0359,1,0
2021-05-24,sz.300750,387.96,132.98719,13.767283,14.948922,24.513167,1.2499,1,0
2021-05-25,sz.300750,395.53,135.582079,14.035914,15.24061,24.991476,1.1023,1,0
2021-05-26,sz.300750,385.42,132.116514,13.677147,14.85105,24.352678,0.9358,1,0
2021-05-27,sz.300750,384.0,131.629758,13.626757,14.796335,24.262956,0.5866,1,0
2021-05-28,sz.300750,409.6,140.405075,14.535207,15.782757,25.880486,2.0424,1,0
2021-05-31,sz.300750,434.1,148.803328,15.404623,16.726794,27.428513,1.4743,1,0
2021-06-01,sz.300750,425.34,145.800524,15.093762,16.389253,26.875014,1.1699,1,0
2021-06-02,sz.300750,424.5,145.512584,15.063954,16.356886,26.821939,0.8527,1,0
2021-06-03,sz.300750,414.78,142.180706,14.719026,15.982354,26.207783,0.912,1,0
2021-06-04,sz.300750,432.21,148.155463,15.337553,16.653968,27.309094,1.3272,1,0
2021-06-07,sz.300750,407.5,139.685225,14.460686,15.70184,25.747798,1.5865,1,0
2021-06-08,sz.300750,409.59,140.401647,14.534852,15.782372,25.879854,1.2256,1,0
2021-06-09,sz.300750,409.37,140.326234,14.527045,15.773895,25.865953,0.6896,1,0
2021-06-10,sz.300750,434.63,148.985005,15.42343,16.747216,27.462001,1.426,1,0
2021-06-11,sz.300750,451.98,154.932339,16.039118,17.415748,28.558257,0.8572,1,0
2021-06-15,sz.300750,445.0,152.539694,15.791424,17.146794,28.117227,0.4439,1,0
2021-06-16,sz.300750,420.18,144.031749,14.910653,16.190427,26.548981,0.6049,1,0
2021-06-17,sz.300750,434.51,148.94387,15.419172,16.742592,27.454419,0.4448,1,0
2021-06-18,sz.300750,450.0,154.253623,15.968855,17.339455,28.433151,0.6755,1,0
2021-06-21,sz.300750,452.8,155.213423,16.068217,17.447345,28.610068,0.5232,1,0
2021-06-22,sz.300750,450.23,154.332463,15.977017,17.348317,28.447684,0.3831,1,0
2021-06-23,sz.300750,468.45,160.545883,16.620251,18.04676,29.592986,0.6132,1,0
2021-06-24,sz.300750,467.3,160.151758,16.57945,18.002457,29.520338,0.4539,1,0
2021-06-25,sz.300750,476.23,163.212223,16.89628,18.34648,30.084465,0.4905,1,0
2021-06-28,sz.300750,493.9,169.268036,17.523198,19.027206,31.200717,0.7215,1,0
2021-06-29,sz.300750,508.51,174.275135,18.04155,19.590048,32.123662,0.7558,1,0
2021-06-30,sz.300750,534.8,183.28517,18.974299,20.602854,33.784457,0.7122,1,0
2021-07-01,sz.300750,529.5,181.468769,18.786259,20.398675,33.449645,0.5579,1,0
2021-07-02,sz.300750,519.59,178.072442,18.43466,20.016898,32.823609,0.6834,1,0
2021-07-05,sz.300750,519.27,177.962772,18.423307,20.00457,32.803394,0.7071,1,0
2021-07-06,sz.300750,515.23,176.578194,18.27997,19.848932,32.548179,0.8895,1,0
2021-07-07,sz.300750,542.5,185.924093,19.247489,20.899492,34.270883,0.894,1,0
2021-07-08,sz.300750,559.16,191.633762,19.838574,21.541309,35.32333,0.7823,1,0
2021-07-09,sz.300750,545.88,187.082477,19.367409,21.029705,34.484405,0.7716,1,0
2021-07-12,sz.300750,565.79,193.905977,20.073801,21.796726,35.742162,0.7625,1,0
2021-07-13,sz.300750,563.01,192.953223,19.975169,21.689628,35.566543,0.6719,1,0
2021-07-14,sz.300750,551.37,188.963995,19.56219,21.241204,34.83122,0.6202,1,0
2021-07-15,sz.300750,568.0,194.663382,20.15221,21.881865,35.881772,0.6766,1,0
2021-07-16,sz.300750,531.0,181.982845,18.839478,20.456462,33.544403,0.8794,1,0
2021-07-19,sz.300750,523.5,179.412466,18.573384,20.167529,33.070612,0.8875,1,0
2021-07-20,sz.300750,528.04,180.968402,18.73446,20.342429,33.357414,0.6405,1,0
2021-07-21,sz.300750,555.78,190.475378,19.718654,21.411097,35.109809,0.8969,1,0
2021-07-22,sz.300750,557.08,190.92091,19.764777,21.461178,35.191932,0.5362,1,0
2021-07-23,sz.300750,547.01,187.469748,19.407501,21.073238,34.555789,0.4598,1,0
2021-07-26,sz.300750,539.78,184.991902,19.150986,20.794706,34.099055,0.6271,1,0
2021-07-27,sz.300750,495.0,169.645025,17.562225,19.069583,31.270206,0.8792,1,0
2021-07-28,sz.300750,525.05,179.943678,18.628377,20.227241,33.168529,1.0703,1,0
2021-07-29,sz.300750,556.8,190.824949,19.754843,21.450391,35.174244,0.9174,1,0
2021-07-30,sz.300750,550.4,188.631559,19.527775,21.203835,34.769943,0.9943,1,0
2021-08-02,sz.300750,552.0,189.179907,19.584542,21.265474,34.871018,0.9015,1,0
2021-08-03,sz.300750,531.0,181.982845,18.839478,20.456462,33.544403,0.6029,1,0
2021-08-04,sz.300750,569.0,195.006099,20.187689,21.920389,35.944944,0.8573,1,0
2021-08-05,sz.300750,557.0,190.893493,19.761938,21.458096,35.186879,0.6395,1,0
2021-08-06,sz.300750,543.88,186.397043,19.296451,20.952656,34.35806,0.708,1,0
2021-08-09,sz.300750,516.0,176.842087,18.307289,19.878596,32.596821,0.9155,1,0
2021-08-10,sz.300750,510.5,174.957142,18.112154,19.666711,32.249374,0.8876,1,0
2021-08-11,sz.300750,517.25,177.270483,18.351639,19.926751,32.675786,0.5536,1,0
2021-08-12,sz.300750,502.0,172.044046,17.81058,19.339254,31.712411,0.8433,1,0
2021-08-13,sz.300750,502.05,172.061181,17.812354,19.34118,31.71557,1.366,1,0
2021-08-16,sz.300750,477.0,163.476115,16.923599,18.376144,30.133108,1.086,1,0
2021-08-17,sz.300750,480.0,164.504267,17.030037,18.491717,30.322624,0.7691,1,0
2021-08-18,sz.300750,495.0,169.645025,17.562225,19.069583,31.270206,0.7862,1,0
2021-08-19,sz.300750,503.0,172.386763,17.846059,19.377778,31.775583,0.7121,1,0
2021-08-20,sz.300750,494.11,169.340007,17.530649,19.035296,31.213983,0.6172,1,0
2021-08-23,sz.300750,521.9,178.864118,18.516617,20.10589,32.969537,0.7993,1,0
2021-08-24,sz.300750,523.0,179.241107,18.555644,20.148266,33.039026,0.6559,1,0
2021-08-25,sz.300750,530.24,181.72238,18.812514,20.427183,33.496392,0.4695,1,0
2021-08-26,sz.300750,521.0,149.254142,17.647513,16.057958,34.229999,0.8276,1,0
2021-08-27,sz.300750,507.5,145.386712,17.190236,15.641868,33.343041,0.5891,1,0
2021-08-30,sz.300750,505.24,144.739275,17.113685,15.572212,33.194558,0.7742,1,0
2021-08-31,sz.300750,494.87,141.768516,16.762428,15.252594,32.513243,0.7273,1,0
2021-09-01,sz.300750,488.71,140.003823,16.553774,15.062734,32.108527,0.7125,1,0
2021-09-02,sz.300750,493.5,141.376044,16.716023,15.210369,32.423233,0.5648,1,0
2021-09-03,sz.300750,486.5,139.37071,16.478916,14.994619,31.963329,0.5558,1,0
2021-09-06,sz.300750,516.1,147.850408,17.481539,15.906933,33.908066,0.7288,1,0
2021-09-07,sz.300750,514.01,147.251672,17.410745,15.842516,33.770752,0.4642,1,0
2021-09-08,sz.300750,503.0,144.097569,17.03781,15.503172,33.047389,0.4798,1,0
2021-09-09,sz.300750,507.2,145.300769,17.180074,15.632622,33.323331,0.5427,1,0
2021-09-10,sz.300750,502.1,143.83974,17.007325,15.475433,32.988258,0.5566,1,0
2021-09-13,sz.300750,502.8,144.040273,17.031036,15.497008,33.034248,0.4419,1,0
2021-09-14,sz.300750,529.9,151.803781,17.948978,16.332268,34.814734,1.1521,1,0
2021-09-15,sz.300750,525.35,150.500313,17.794858,16.192031,34.515796,0.5174,1,0
2021-09-16,sz.300750,498.0,142.665187,16.868448,15.349065,32.718886,0.5548,1,0
2021-09-17,sz.300750,503.0,144.097569,17.03781,15.503172,33.047389,0.4037,1,0
2021-09-22,sz.300750,493.31,141.321613,16.709587,15.204513,32.41075,0.316,1,0
2021-09-23,sz.300750,492.99,141.229941,16.698748,15.19465,32.389726,0.3921,1,0
2021-09-24,sz.300750,499.98,143.23241,16.935516,15.410091,32.848973,0.5039,1,0
2021-09-27,sz.300750,513.5,147.10557,17.39347,15.826797,33.737245,0.7117,1,0
2021-09-28,sz.300750,500.43,143.361325,16.950758,15.423961,32.878538,0.4528,1,0
2021-09-29,sz.300750,502.51,143.957195,17.021213,15.48807,33.015195,0.4613,1,0
2021-09-30,sz.300750,525.73,150.609174,17.80773,16.203743,34.540763,0.8206,1,0
2021-10-08,sz.300750,534.0,152.978333,18.087854,16.458636,35.084106,0.6145,1,0
2021-10-11,sz.300750,521.0,149.254142,17.647513,16.057958,34.229999,0.3845,1,0
2021-10-12,sz.300750,505.0,144.670521,17.105555,15.564815,33.17879,0.4709,1,0
2021-10-13,sz.300750,522.26,149.615102,17.690193,16.096793,34.312782,0.3757,1,0
2021-10-14,sz.300750,532.3,152.491324,18.030271,16.40624,34.972415,0.385,1,0
2021-10-15,sz.300750,569.0,163.005003,19.273388,17.537386,37.383626,1.1268,1,0
2021-10-18,sz.300750,595.02,170.459116,20.154747,18.339359,39.093155,0.9166,1,0
2021-10-19,sz.300750,590.6,169.192891,20.005031,18.203128,38.802759,0.7408,1,0
2021-10-20,sz.300750,589.5,168.877767,19.967772,18.169225,38.730488,0.6121,1,0
2021-10-21,sz.300750,596.0,170.739863,20.187942,18.369564,39.157542,0.4979,1,0
2021-10-22,sz.300750,601.4,172.286835,20.370853,18.535999,39.512325,0.5411,1,0
2021-10-25,sz.300750,610.77,174.971117,20.688237,18.824796,40.127939,0.6899,1,0
2021-10-26,sz.300750,597.99,171.30995,20.255348,18.430898,39.288286,0.728,1,0
2021-10-27,sz.300750,615.04,176.194371,20.832873,18.956404,40.408481,0.6652,1,0
2021-10-28,sz.300750,607.2,141.734707,19.453613,15.345006,145.806415,0.8485,1,0
2021-10-29,sz.300750,639.22,149.208926,20.479477,16.154207,153.495351,0.9951,1,0
2021-11-01,sz.300750,650.0,151.72523,20.824849,16.426637,156.083943,1.0889,1,0
2021-11-02,sz.300750,658.0,153.592618,21.081155,16.628811,158.004976,0.6452,1,0
2021-11-03,sz.300750,640.0,149.390996,20.504467,16.173919,153.682651,0.6265,1,0
2021-11-04,sz.300750,646.85,150.989946,20.723929,16.347031,155.327536,0.4517,1,0
2021-11-05,sz.300750,634.09,148.011463,20.315121,16.024563,152.263488,0.42,1,0
2021-11-08,sz.300750,660.8,154.246203,21.170862,16.699572,158.677337,0.6024,1,0
2021-11-09,sz.300750,663.28,154.825093,21.250317,16.762246,159.272858,0.3277,1,0
2021-11-10,sz.300750,648.0,151.258383,20.760773,16.376093,155.603684,0.6255,1,0
2021-11-11,sz.300750,655.85,153.090757,21.012273,16.574477,157.488698,0.3781,1,0
2021-11-12,sz.300750,641.0,149.624419,20.536505,16.199191,153.92278,0.5607,1,0
2021-11-15,sz.300750,620.0,144.837074,19.879424,15.680886,148.997906,0.6871,1,0
2021-11-16,sz.300750,614.97,143.662025,19.718144,15.553668,147.789101,0.4137,1,0
2021-11-17,sz.300750,625.88,146.21069,20.067958,15.829601,150.410983,0.3709,1,0
2021-11-18,sz.300750,626.0,146.238723,20.071806,15.832636,150.439821,0.3692,1,0
2021-11-19,sz.300750,639.0,149.27563,20.488632,16.161429,153.563971,0.4148,1,0
2021-11-22,sz.300750,681.0,159.087174,21.835303,17.223683,163.657378,0.7509,1,0
2021-11-23,sz.300750,672.0,156.9847,21.546731,16.996057,161.494505,0.4871,1,0
2021-11-24,sz.300750,658.8,153.901072,21.123491,16.662206,158.322291,0.4194,1,0
2021-11-25,sz.300750,654.0,152.779753,20.969586,16.540805,157.168759,0.2856,1,0
2021-11-26,sz.300750,658.0,153.714185,21.097841,16.641972,158.130036,0.287,1,0
2021-11-29,sz.300750,679.8,158.806844,21.796827,17.193333,163.368995,0.5624,1,0
2021-11-30,sz.300750,680.0,158.853565,21.803239,17.198391,163.417058,0.3526,1,0
2021-12-01,sz.300750,672.0,156.9847,21.546731,16.996057,161.494505,0.3426,1,0
2021-12-02,sz.300750,688.0,160.722431,22.059748,17.400725,165.339612,0.4502,1,0
2021-12-03,sz.300750,687.0,160.488823,22.027685,17.375433,165.099293,0.3962,1,0
2021-12-06,sz.300750,657.28,153.545987,21.074755,16.623762,157.957006,0.5524,1,0
2021-12-07,sz.300750,629.0,146.939548,20.167996,15.908512,151.160779,1.086,1,0
2021-12-08,sz.300750,639.0,149.27563,20.488632,16.161429,153.563971,0.5831,1,0
2021-12-09,sz.300750,633.8,148.060867,20.321902,16.029912,152.314311,0.6586,1,0
2021-12-10,sz.300750,639.95,149.497558,20.519093,16.185456,153.792274,1.0489,1,0
2021-12-13,sz.300750,658.36,153.798284,21.109383,16.651077,158.216551,0.7889,1,0
2021-12-14,sz.300750,651.01,152.081264,20.873716,16.465183,156.450205,0.4307,1,0
2021-12-15,sz.300750,649.0,151.611712,20.809268,16.414347,155.967163,0.3457,1,0
2021-12-16,sz.300750,655.06,153.027377,21.003574,16.567615,157.423498,0.3017,1,0
2021-12-17,sz.300750,651.19,152.123314,20.879487,16.469736,156.493462,0.6695,1,0
2021-12-20,sz.300750,610.21,142.55005,19.565522,15.43328,146.645181,0.7609,1,0
2021-12-21,sz.300750,604.07,141.115696,19.368651,15.277988,145.169621,0.6164,1,0
2021-12-22,sz.300750,610.24,142.557059,19.566484,15.434038,146.652391,0.4102,1,0
2021-12-23,sz.300750,622.07,145.320643,19.945796,15.73324,149.495367,0.391,1,0
2021-12-24,sz.300750,576.8,134.745201,18.494277,14.588282,138.616117,1.2071,1,0
2021-12-27,sz.300750,578.6,135.165696,18.551992,14.633807,139.048691,0.4995,1,0
2021-12-28,sz.300750,585.0,136.660788,18.757199,14.795675,140.586734,0.4738,1,0
2021-12-29,sz.300750,575.55,134.453191,18.454198,14.556668,138.315718,0.4888,1,0
2021-12-30,sz.300750,590.0,137.828829,18.917517,14.922133,141.78833,0.6093,1,0
2021-12-31,sz.300750,588.0,137.361612,18.853389,14.87155,141.307692,0.4597,1,0
2022-01-04,sz.300750,568.88,132.895024,18.240334,14.387972,136.712789,0.8563,1,0
2022-01-05,sz.300750,547.5,127.900481,17.554814,13.847234,131.574764,0.8171,1,0
2022-01-06,sz.300750,541.47,126.491824,17.361471,13.694725,130.125639,0.681,1,0
2022-01-07,sz.300750,539.9,126.125059,17.311131,13.655017,129.748338,0.646,1,0
2022-01-10,sz.300750,538.4,125.774647,17.263035,13.617079,129.387859,0.7291,1,0
2022-01-11,sz.300750,536.7,125.377513,17.208527,13.574083,128.979317,0.4156,1,0
2022-01-12,sz.300750,565.04,131.997969,18.117209,14.290851,135.789963,0.94,1,0
2022-01-13,sz.300750,565.0,131.988624,18.115927,14.28984,135.78035,0.6818,1,0
2022-01-14,sz.300750,577.4,134.885366,18.513515,14.603457,138.760308,0.5696,1,0
2022-01-17,sz.300750,606.85,141.765127,19.457788,15.348299,145.837709,0.704,1,0
2022-01-18,sz.300750,586.8,137.081283,18.814913,14.8412,141.019309,0.5249,1,0
2022-01-19,sz.300750,569.99,133.154329,18.275924,14.416045,136.979543,0.7106,1,0
2022-01-20,sz.300750,569.13,132.953426,18.248349,14.394295,136.772868,0.3956,1,0
2022-01-21,sz.300750,569.49,133.037525,18.259892,14.4034,136.859383,0.4865,1,0
2022-01-24,sz.300750,580.99,135.724019,18.628624,14.694255,139.623054,0.5671,1,0
2022-01-25,sz.300750,565.6,132.128789,18.135165,14.305015,135.924542,0.3531,1,0
2022-01-26,sz.300750,587.5,137.244808,18.837358,14.858904,141.187532,0.5692,1,0
2022-01-27,sz.300750,574.99,134.32237,18.436242,14.542504,138.181139,0.6351,1,0
2022-01-28,sz.300750,592.6,138.43621,19.000882,14.987892,142.41316,1.1935,1,0
2022-02-07,sz.300750,579.44,135.361926,18.578925,14.655052,139.250559,0.7127,1,0
2022-02-08,sz.300750,540.86,126.349323,17.341912,13.679297,129.979044,1.0129,1,0
2022-02-09,sz.300750,547.2,127.830399,17.545195,13.839646,131.502668,0.5638,1,0
2022-02-10,sz.300750,518.1,121.0324,16.612145,13.103656,124.509379,1.434,1,0
2022-02-11,sz.300750,489.99,114.465674,15.710837,12.392705,117.754007,1.1763,1,0
2022-02-14,sz.300750,508.0,118.672958,16.288302,12.84821,122.082155,0.9628,1,0
2022-02-15,sz.300750,527.0,123.111513,16.897511,13.328753,126.64822,0.7432,1,0
2022-02-16,sz.300750,530.8,123.999224,17.019352,13.424862,127.561433,0.6233,1,0
2022-02-17,sz.300750,535.0,124.980379,17.154019,13.531087,128.570774,0.5272,1,0
2022-02-18,sz.300750,527.5,123.228317,16.913542,13.341399,126.76838,0.5584,1,0
2022-02-21,sz.300750,510.0,119.140174,16.35243,12.898793,122.562794,0.7667,1,0
2022-02-22,sz.300750,504.0,117.738525,16.160048,12.747043,121.120879,0.6687,1,0
2022-02-23,sz.300750,519.0,121.242648,16.641002,13.126419,124.725667,0.757,1,0
2022-02-24,sz.300750,507.7,118.602875,16.278683,12.840622,122.01006,0.7927,1,0
2022-02-25,sz.300750,528.8,123.532008,16.955225,13.374278,127.080795,0.8323,1,0
2022-02-28,sz.300750,533.36,124.597261,17.101435,13.489609,0.0,0.4888,1,0
2022-03-01,sz.300750,536.18,125.256036,17.191854,13.560931,128.854351,0.4782,1,0
2022-03-02,sz.300750,513.84,120.03723,16.475554,12.995914,123.48562,0.6579,1,0
2022-03-03,sz.300750,512.99,119.838663,16.4483,12.974416,123.281348,0.4267,1,0
2022-03-04,sz.300750,491.79,114.886169,15.768552,12.43823,118.186581,0.7987,1,0
2022-03-07,sz.300750,454.89,106.266027,14.585405,11.504965,109.318803,1.2066,1,0
2022-03-08,sz.300750,455.45,106.396848,14.603361,11.519128,109.453381,1.1161,1,0
2022-03-09,sz.300750,473.47,110.606467,15.181147,11.974886,113.783933,1.1506,1,0
2022-03-10,sz.300750,490.81,114.657233,15.737129,12.413445,117.951068,1.1754,1,0
2022-03-11,sz.300750,493.55,115.297319,15.824984,12.482744,118.609543,0.8389,1,0
2022-03-14,sz.300750,463.0,108.160589,14.845441,11.710081,111.267791,0.7991,1,0
2022-03-15,sz.300750,463.2,108.207311,14.851854,11.715139,111.315855,1.0433,1,0
2022-03-16,sz.300750,503.1,117.528278,16.131191,12.72428,120.904591,1.3844,1,0
2022-03-17,sz.300750,524.5,122.527493,16.817352,13.265524,126.047422,1.3553,1,0
2022-03-18,sz.300750,510.5,119.256978,16.368461,12.911439,122.682953,0.804,1,0
2022-03-21,sz.300750,520.0,121.476256,16.673065,13.151711,124.965986,0.6688,1,0
2022-03-22,sz.300750,513.0,119.840999,16.44862,12.974668,123.283751,0.5017,1,0
2022-03-23,sz.300750,515.29,120.375961,16.522046,13.032587,123.834082,0.4126,1,0
2022-03-24,sz.300750,514.0,120.074607,16.480684,12.99996,123.524071,0.416,1,0
2022-03-25,sz.300750,502.07,117.287661,16.098165,12.69823,120.657063,0.4554,1,0
2022-03-28,sz.300750,487.0,113.767186,15.614967,12.317083,117.035452,0.7332,1,0
2022-03-29,sz.300750,486.9,113.743825,15.611761,12.314554,117.01142,0.5511,1,0
2022-03-30,sz.300750,519.0,121.242648,16.641002,13.126419,124.725667,0.7955,1,0
2022-03-31,sz.300750,512.3,119.677473,16.426176,12.956964,123.115528,0.4721,1,0
2022-04-01,sz.300750,518.9,121.219287,16.637795,13.12389,124.701635,0.4669,1,0
2022-04-06,sz.300750,508.17,118.712671,16.293753,12.852509,122.12301,0.419,1,0
2022-04-07,sz.300750,495.22,115.687445,15.87853,12.524981,119.010876,0.5866,1,0
2022-04-08,sz.300750,495.0,115.636051,15.871476,12.519417,118.958006,0.459,1,0
2022-04-11,sz.300750,459.0,107.226157,14.717187,11.608914,110.306514,1.0172,1,0
2022-04-12,sz.300750,472.0,110.263063,15.134013,11.937707,113.430664,0.6131,1,0
2022-04-13,sz.300750,466.0,108.861414,14.941632,11.785956,111.988749,0.4671,1,0
2022-04-14,sz.300750,459.8,107.413043,14.742837,11.629147,110.49877,0.6746,1,0
2022-04-15,sz.300750,450.86,105.324586,14.456189,11.403039,108.350316,0.9805,1,0
2022-04-18,sz.300750,451.0,105.357291,14.460678,11.40658,108.383961,0.5865,1,0
2022-04-19,sz.300750,440.26,102.848339,14.116315,11.134946,105.802933,0.7055,1,0
2022-04-20,sz.300750,407.0,95.078531,13.04988,10.293743,97.809916,1.5304,1,0
2022-04-21,sz.300750,409.11,95.571444,13.117534,10.347108,98.316989,1.0358,1,0
2022-04-22,sz.300750,415.34,60.766833,11.454955,7.426565,80.181866,0.9877,1,0
2022-04-25,sz.300750,390.1,57.074064,10.758843,6.975256,75.309255,1.0456,1,0
2022-04-26,sz.300750,377.0,55.157452,10.397549,6.741019,72.780285,0.908,1,0
2022-04-27,sz.300750,407.05,59.553954,11.226319,7.278334,78.581472,1.5506,1,0
2022-04-28,sz.300750,387.5,56.693668,10.687136,6.928766,74.807322,1.2713,1,0
2022-04-29,sz.300750,409.35,59.890459,11.289753,7.319459,79.025489,1.6505,1,0
2022-05-05,sz.300750,376.0,56.652666,10.285017,5.482039,67.984383,2.9567,1,0
2022-05-06,sz.300750,375.99,56.65116,10.284743,5.481893,67.982575,1.1812,1,0
2022-05-09,sz.300750,368.5,55.522626,10.079864,5.37269,66.628311,0.8176,1,0
2022-05-10,sz.300750,379.17,57.130296,10.371728,5.528257,68.557549,1.1987,1,0
2022-05-11,sz.300750,409.75,61.737846,11.208207,5.97411,74.086704,1.5576,1,0
2022-05-12,sz.300750,403.51,60.797653,11.037519,5.883132,72.958453,0.6583,1,0
2022-05-13,sz.300750,414.8,62.498739,11.346343,6.047739,74.999793,0.7286,1,0
2022-05-16,sz.300750,407.01,61.325004,11.133257,5.934162,73.591286,0.7057,1,0
2022-05-17,sz.300750,422.56,63.667954,11.558608,6.160879,76.402874,0.6813,1,0
2022-05-18,sz.300750,419.0,63.131562,11.461229,6.108974,75.759193,0.5254,1,0
2022-05-19,sz.300750,419.0,63.131562,11.461229,6.108974,75.759193,0.6197,1,0
2022-05-20,sz.300750,426.9,64.32187,11.677324,6.224156,77.187588,0.7763,1,0
2022-05-23,sz.300750,416.7,62.785016,11.398315,6.075441,75.343331,0.6765,1,0
2022-05-24,sz.300750,402.04,60.576165,10.997309,5.861699,72.692663,0.7364,1,0
2022-05-25,sz.300750,398.98,60.115108,10.913607,5.817085,72.139386,0.6835,1,0
2022-05-26,sz.300750,390.01,58.763581,10.668243,5.686303,70.517524,0.6897,1,0
2022-05-27,sz.300750,394.4,59.425031,10.788326,5.750309,71.311278,0.9212,1,0
2022-05-30,sz.300750,401.8,60.540003,10.990744,5.8582,72.649269,0.6146,1,0
2022-05-31,sz.300750,408.0,61.47417,11.160338,5.948596,73.770288,0.8731,1,0
2022-06-01,sz.300750,425.03,64.040114,11.626172,6.196891,76.849474,0.9407,1,0
2022-06-02,sz.300750,436.8,65.813523,11.948126,6.368496,78.977602,0.8558,1,0
2022-06-06,sz.300750,465.99,70.211638,12.746583,6.794084,84.255432,0.9338,1,0
2022-06-07,sz.300750,459.0,69.158441,12.55538,6.69217,82.991574,0.6259,1,0
2022-06-08,sz.300750,460.0,69.309113,12.582734,6.70675,83.172383,1.9886,1,0
2022-06-09,sz.300750,431.35,64.992361,11.799048,6.289036,77.99219,0.9936,1,0
2022-06-10,sz.300750,454.0,68.405081,12.418611,6.619271,82.087526,1.2148,1,0
2022-06-13,sz.300750,443.03,66.752209,12.11854,6.459329,80.104046,0.9134,1,0
2022-06-14,sz.300750,441.82,66.569896,12.085442,6.441688,79.885266,0.8575,1,0
2022-06-15,sz.300750,465.66,70.161916,12.737556,6.789272,84.195765,1.8572,1,0
2022-06-16,sz.300750,460.3,69.354315,12.59094,6.711124,83.226626,1.1782,1,0
2022-06-17,sz.300750,486.06,73.235625,13.295573,7.086702,87.88428,1.3879,1,0
2022-06-20,sz.300750,506.52,76.318374,13.855231,7.385007,91.583642,1.2319,1,0
2022-06-21,sz.300750,507.85,76.518767,13.891611,7.404398,91.824119,0.7145,1,0
2022-06-22,sz.300750,507.0,76.390696,13.868361,7.392005,91.670431,0.7193,1,0
2022-06-23,sz.300750,536.97,80.906336,14.688153,7.828964,97.089293,0.8689,1,0
2022-06-24,sz.300750,563.5,84.903663,15.413849,8.215769,101.886169,0.9468,1,0
2022-06-27,sz.300750,549.0,82.71892,15.017219,8.00436,99.264431,0.8154,1,0
2022-06-28,sz.300750,544.0,81.96556,14.88045,7.931461,98.360384,0.9145,1,0
2022-06-29,sz.300750,532.54,80.238859,14.566976,7.764375,96.288306,0.7153,1,0
2022-06-30,sz.300750,534.0,80.45884,14.606912,7.785662,96.552288,0.6414,1,0
2022-07-01,sz.300750,522.64,78.747206,14.296174,7.620034,94.498292,0.603,1,0
2022-07-04,sz.300750,522.0,82.354317,14.951027,7.969079,98.8269,0.5981,1,0
2022-07-05,sz.300750,523.87,82.649341,15.004587,7.997627,99.180935,0.7583,1,0
2022-07-06,sz.300750,522.0,82.354317,14.951027,7.969079,98.8269,0.6417,1,0
2022-07-07,sz.300750,550.0,86.77179,15.752998,8.396539,104.12796,1.2067,1,0
2022-07-08,sz.300750,541.0,85.351888,15.495222,8.259141,102.424048,0.8131,1,0
2022-07-11,sz.300750,518.5,81.802133,14.850781,7.915647,98.164268,0.6773,1,0
2022-07-12,sz.300750,503.69,79.465605,14.426595,7.689551,95.360386,0.7422,1,0
2022-07-13,sz.300750,539.0,85.036354,15.437938,8.228609,102.045401,1.2049,1,0
2022-07-14,sz.300750,556.01,87.719969,15.925135,8.488291,105.265795,0.9789,1,0
2022-07-15,sz.300750,533.0,84.089752,15.266087,8.13701,100.909459,0.7781,1,0
2022-07-18,sz.300750,551.66,87.033683,15.800543,8.421882,104.442237,0.7049,1,0
2022-07-19,sz.300750,524.61,82.766088,15.025782,8.008925,99.321035,0.8,1,0
2022-07-20,sz.300750,526.0,82.985384,15.065594,8.030145,99.584194,0.3844,1,0
2022-07-21,sz.300750,521.0,82.19655,14.922385,7.953813,98.637577,0.432,1,0
2022-07-22,sz.300750,532.0,83.931986,15.237445,8.121744,100.720136,0.7005,1,0
2022-07-25,sz.300750,521.75,82.314875,14.943867,7.965263,98.779569,0.4242,1,0
2022-07-26,sz.300750,522.0,82.354317,14.951027,7.969079,98.8269,0.3909,1,0
2022-07-27,sz.300750,515.2,81.281502,14.756263,7.865267,97.5395,0.4579,1,0
2022-07-28,sz.300750,515.6,81.344609,14.767719,7.871374,97.615229,0.4546,1,0
2022-07-29,sz.300750,508.6,80.24024,14.567227,7.764509,96.289964,0.5843,1,0
2022-08-01,sz.300750,534.92,84.392665,15.321079,8.166322,101.272961,0.7995,1,0
2022-08-02,sz.300750,523.87,82.649341,15.004587,7.997627,99.180935,0.5956,1,0
2022-08-03,sz.300750,504.0,79.514513,14.435474,7.694283,95.419076,0.8351,1,0
2022-08-04,sz.300750,500.9,79.025435,14.346685,7.646957,94.832173,0.5575,1,0
2022-08-05,sz.300750,505.65,79.774828,14.482733,7.719473,95.73146,0.5976,1,0
2022-08-08,sz.300750,501.5,79.120095,14.36387,7.656117,94.945767,0.4397,1,0
2022-08-09,sz.300750,511.56,80.70723,14.652007,7.809698,96.850362,0.5547,1,0
2022-08-10,sz.300750,503.98,79.511357,14.434902,7.693978,95.41529,0.3948,1,0
2022-08-11,sz.300750,510.0,80.461114,14.607325,7.785882,96.555017,0.4807,1,0
2022-08-12,sz.300750,502.0,79.198979,14.378191,7.66375,95.040429,0.3622,1,0
2022-08-15,sz.300750,516.1,81.423492,14.78204,7.879007,97.709891,0.6748,1,0
2022-08-16,sz.300750,523.8,82.638297,15.002582,7.996559,99.167683,0.7896,1,0
2022-08-17,sz.300750,547.0,86.298489,15.667072,8.35074,103.559989,0.9001,1,0
2022-08-18,sz.300750,544.8,85.951402,15.60406,8.317154,103.143477,0.7005,1,0
2022-08-19,sz.300750,532.0,83.931986,15.237445,8.121744,100.720136,0.5283,1,0
2022-08-22,sz.300750,551.53,87.013173,15.79682,8.419897,104.417625,0.7017,1,0
2022-08-23,sz.300750,556.89,87.853897,15.949449,8.50125,105.426512,0.666,1,0
2022-08-24,sz.300750,524.0,65.193473,9.155839,6.418022,21.508182,1.5221,1,0
2022-08-25,sz.300750,514.0,63.949323,8.981109,6.29554,21.097721,0.9121,1,0
2022-08-26,sz.300750,506.78,63.051047,8.854954,6.207109,20.801368,0.6184,1,0
2022-08-29,sz.300750,502.0,62.456343,8.771434,6.148563,20.605167,0.5701,1,0
2022-08-30,sz.300750,491.5,61.149985,8.587967,6.019957,20.174182,0.7905,1,0
2022-08-31,sz.300750,483.0,60.092457,8.439447,5.915848,19.82529,0.8834,1,0
2022-09-01,sz.300750,467.54,58.169001,8.169315,5.726492,19.190717,0.7835,1,0
2022-09-02,sz.300750,466.26,58.00975,8.146949,5.710814,19.138178,0.5852,1,0
2022-09-05,sz.300750,468.36,58.271021,8.183643,5.736535,19.224374,0.4612,1,0
2022-09-06,sz.300750,455.2,56.63372,7.953698,5.57535,18.684207,1.3933,1,0
2022-09-07,sz.300750,473.92,58.962769,8.280792,5.804635,19.452591,1.0974,1,0
2022-09-08,sz.300750,449.5,55.924554,7.854102,5.505536,18.450244,1.091,1,0
2022-09-09,sz.300750,452.22,56.262963,7.901629,5.538851,18.56189,0.62,1,0
2022-09-13,sz.300750,456.91,56.846469,7.983577,5.596294,18.754396,0.5165,1,0
2022-09-14,sz.300750,434.3,54.033446,7.588513,5.319364,17.826343,1.3108,1,0
2022-09-15,sz.300750,414.35,51.551366,7.239927,5.075014,17.007472,1.285,1,0
2022-09-16,sz.300750,410.0,51.01016,7.16392,5.021734,16.828921,0.7575,1,0
2022-09-19,sz.300750,413.67,51.466764,7.228046,5.066685,16.979561,0.7057,1,0
2022-09-20,sz.300750,421.01,52.37997,7.356297,5.156586,17.280839,0.8373,1,0
2022-09-21,sz.300750,420.3,52.291635,7.343892,5.14789,17.251697,0.4452,1,0
2022-09-22,sz.300750,414.99,51.630991,7.25111,5.082853,17.033741,0.4873,1,0
2022-09-23,sz.300750,417.34,51.923367,7.292172,5.111636,17.1302,0.6074,1,0
2022-09-26,sz.300750,428.66,53.331745,7.489966,5.250285,17.594842,0.951,1,0
2022-09-27,sz.300750,429.5,53.436253,7.504643,5.260573,17.629321,0.5837,1,0
2022-09-28,sz.300750,416.79,51.854938,7.282561,5.104899,17.107625,0.5401,1,0
2022-09-29,sz.300750,419.0,52.129896,7.321177,5.131968,17.198337,0.4491,1,0
2022-09-30,sz.300750,400.89,49.87674,7.004741,4.910154,16.454991,0.5965,1,0
2022-10-10,sz.300750,392.86,48.877687,6.864433,4.811801,16.12539,0.5789,1,0
2022-10-11,sz.300750,416.3,51.793975,7.274,5.098898,17.087512,0.9312,1,0
2022-10-12,sz.300750,437.83,54.472631,7.650193,5.3626,17.971236,0.9348,1,0
2022-10-13,sz.300750,432.0,53.747291,7.548325,5.291193,17.731936,0.5273,1,0
2022-10-14,sz.300750,436.91,54.358169,7.634118,5.351332,17.933473,0.6849,1,0
2022-10-17,sz.300750,429.35,53.417591,7.502022,5.258736,17.623164,0.532,1,0
2022-10-18,sz.300750,429.54,53.44123,7.505342,5.261063,17.630963,0.4595,1,0
2022-10-19,sz.300750,431.34,53.665177,7.536793,5.28311,17.704846,0.6227,1,0
2022-10-20,sz.300750,415.0,51.632236,7.251285,5.082975,17.034152,0.8644,1,0
2022-10-21,sz.300750,413.0,51.383406,7.216339,5.058479,16.95206,0.417,1,0
2022-10-24,sz.300750,404.02,38.258891,6.585869,3.68826,17.205682,0.7337,1,0
2022-10-25,sz.300750,401.7,38.039197,6.548051,3.667081,17.106882,0.7088,1,0
2022-10-26,sz.300750,401.06,37.978592,6.537618,3.661238,17.079626,0.7105,1,0
2022-10-27,sz.300750,390.3,36.959668,6.362221,3.563011,16.621399,0.7715,1,0
2022-10-28,sz.300750,365.5,34.611219,5.95796,3.336615,15.565261,1.2153,1,0
2022-10-31,sz.300750,372.88,35.310072,6.07826,3.403986,15.879547,0.8358,1,0
2022-11-01,sz.300750,386.2,36.571416,6.295387,3.525583,16.446795,1.0055,1,0
2022-11-02,sz.300750,391.5,37.073303,6.381782,3.573966,16.672502,0.7203,1,0
2022-11-03,sz.300750,384.12,36.374449,6.261482,3.506595,16.358216,0.7431,1,0
2022-11-04,sz.300750,404.4,38.321468,6.596641,3.694293,17.233824,1.0579,1,0
2022-11-07,sz.300750,410.5,38.899512,6.696145,3.750018,17.49378,0.7455,1,0
2022-11-08,sz.300750,409.8,38.833179,6.684726,3.743623,17.463949,0.6094,1,0
2022-11-09,sz.300750,397.06,37.62592,6.476909,3.62724,16.921024,0.5519,1,0
2022-11-10,sz.300750,385.3,36.511527,6.285078,3.519809,16.419862,0.652,1,0
2022-11-11,sz.300750,402.48,38.139526,6.565321,3.676753,17.152001,0.9828,1,0
2022-11-14,sz.300750,387.18,36.689678,6.315745,3.536984,16.49998,0.9323,1,0
2022-11-15,sz.300750,396.18,37.54253,6.462555,3.619201,16.883522,0.8714,1,0
2022-11-16,sz.300750,384.07,36.394971,6.265014,3.508573,16.367445,0.6862,1,0
2022-11-17,sz.300750,375.12,35.546857,6.11902,3.426813,15.986033,0.7172,1,0
2022-11-18,sz.300750,380.79,36.084154,6.21151,3.478609,16.227665,0.8277,1,0
2022-11-21,sz.300750,382.4,36.241895,6.238664,3.493816,16.298604,0.4054,1,0
2022-11-22,sz.300750,375.0,35.540561,6.117937,3.426206,15.983202,0.4961,1,0
2022-11-23,sz.300750,379.52,35.968943,6.191678,3.467503,16.175853,0.4453,1,0
2022-11-24,sz.300750,376.62,35.694096,6.144366,3.441007,16.052249,0.4311,1,0
2022-11-25,sz.300750,372.2,35.275191,6.072256,3.400623,15.863861,0.3096,1,0
2022-11-28,sz.300750,370.31,35.096067,6.041422,3.383355,15.783305,0.5605,1,0
2022-11-29,sz.300750,377.9,35.815408,6.165249,3.452702,16.106805,0.591,1,0
2022-11-30,sz.300750,385.0,36.488309,6.281081,3.517571,16.409421,0.7082,1,0
2022-12-01,sz.300750,395.25,37.459751,6.448305,3.611221,16.846295,1.056,1,0
2022-12-02,sz.300750,391.88,37.14036,6.393325,3.580431,16.702659,0.4182,1,0
2022-12-05,sz.300750,392.31,37.181113,6.40034,3.584359,16.720987,0.6102,1,0
2022-12-06,sz.300750,400.02,37.911827,6.526125,3.654802,17.049601,0.689,1,0
2022-12-07,sz.300750,418.31,39.645259,6.824517,3.82191,17.829155,1.2312,1,0
2022-12-08,sz.300750,420.47,39.849972,6.859757,3.841645,17.921219,0.5262,1,0
2022-12-09,sz.300750,424.6,40.241393,6.927136,3.879378,18.097247,0.4718,1,0
2022-12-12,sz.300750,414.35,39.269951,6.759912,3.785729,17.660373,0.4433,1,0
2022-12-13,sz.300750,405.41,38.422664,6.61406,3.704048,17.279333,0.5684,1,0
2022-12-14,sz.300750,402.3,38.127914,6.563322,3.675633,17.146779,0.4639,1,0
2022-12-15,sz.300750,423.8,40.165573,6.914084,3.872069,18.063149,0.8725,1,0
2022-12-16,sz.300750,418.01,39.616826,6.819623,3.819169,17.816369,0.451,1,0
2022-12-19,sz.300750,420.4,39.843338,6.858615,3.841005,17.918235,0.5097,1,0
2022-12-20,sz.300750,409.52,38.812188,6.681113,3.741599,17.454509,0.4096,1,0
2022-12-21,sz.300750,406.82,38.556296,6.637064,3.716931,17.33943,0.2725,1,0
2022-12-22,sz.300750,402.0,38.099481,6.558428,3.672892,17.133993,0.3727,1,0
2022-12-23,sz.300750,398.48,37.765874,6.501001,3.640732,16.983964,0.3725,1,0
2022-12-26,sz.300750,403.92,38.281449,6.589752,3.690435,17.215827,0.5806,1,0
2022-12-27,sz.300750,403.57,38.248278,6.584042,3.687237,17.200909,0.4105,1,0
2022-12-28,sz.300750,394.0,37.341283,6.427912,3.5998,16.793018,0.9345,1,0
2022-12-29,sz.300750,393.96,37.337492,6.427259,3.599435,16.791313,0.4992,1,0
2022-12-30,sz.300750,393.42,37.286313,6.41845,3.594501,16.768297,0.3735,1,0
2023-01-03,sz.300750,389.64,36.928064,6.356781,3.559965,16.607186,0.5287,1,0
2023-01-04,sz.300750,384.01,36.394482,6.26493,3.508526,16.367225,0.9368,1,0
2023-01-05,sz.300750,407.51,38.621691,6.648321,3.723235,17.368839,1.2446,1,0
2023-01-06,sz.300750,416.66,39.48888,6.797598,3.806834,17.758829,0.879,1,0
2023-01-09,sz.300750,416.6,39.483194,6.79662,3.806286,17.756272,0.6136,1,0
2023-01-10,sz.300750,432.0,40.942726,7.047863,3.946989,18.412649,0.8727,1,0
2023-01-11,sz.300750,427.86,40.550358,6.980321,3.909164,18.236194,0.585,1,0
2023-01-12,sz.300750,433.5,41.084888,7.072335,3.960694,18.476582,0.5322,1,0
2023-01-13,sz.300750,439.5,41.653537,7.170222,4.015513,18.732313,0.992,1,0
2023-01-16,sz.300750,446.63,42.329282,7.286544,4.080657,19.036207,0.8033,1,0
2023-01-17,sz.300750,445.61,42.232612,7.269903,4.071337,18.992732,0.4729,1,0
2023-01-18,sz.300750,448.5,42.506511,7.317052,4.097742,19.11591,0.351,1,0
2023-01-19,sz.300750,446.77,42.34255,7.288828,4.081936,19.042174,0.3493,1,0
2023-01-20,sz.300750,452.0,42.838223,7.374153,4.12972,19.265086,0.5145,1,0
2023-01-30,sz.300750,470.65,44.605773,7.678418,4.300117,20.059984,1.0119,1,0
2023-01-31,sz.300750,465.2,44.089251,7.589504,4.250322,19.827695,0.6669,1,0
2023-02-01,sz.300750,476.8,45.188639,7.778752,4.356306,20.322109,0.5497,1,0
2023-02-02,sz.300750,466.1,44.174548,7.604187,4.258545,19.866055,0.6431,1,0
2023-02-03,sz.300750,456.2,43.236277,7.442674,4.168093,19.444098,0.5744,1,0
2023-02-06,sz.300750,450.6,42.705538,7.351313,4.116929,19.205416,0.5139,1,0
2023-02-07,sz.300750,448.1,42.468601,7.310526,4.094087,19.098861,0.3446,1,0
2023-02-08,sz.300750,447.21,42.384251,7.296006,4.085956,19.060927,0.3503,1,0
2023-02-09,sz.300750,452.99,42.93205,7.390304,4.138765,19.307282,0.3838,1,0
2023-02-10,sz.300750,445.95,42.264835,7.27545,4.074444,19.007224,0.4013,1,0
2023-02-13,sz.300750,460.0,43.596421,7.504669,4.202812,19.606061,0.6413,1,0
2023-02-14,sz.300750,451.05,42.748187,7.358654,4.12104,19.224595,0.6123,1,0
2023-02-15,sz.300750,448.6,42.515988,7.318684,4.098656,19.120172,0.3715,1,0
2023-02-16,sz.300750,443.2,42.004204,7.230585,4.049318,18.890014,0.4823,1,0
2023-02-17,sz.300750,420.19,39.823436,6.855189,3.839086,17.909284,1.026,1,0
2023-02-20,sz.300750,420.47,39.849972,6.859757,3.841645,17.921219,0.8043,1,0
2023-02-21,sz.300750,415.01,39.332502,6.77068,3.791759,17.688503,0.6301,1,0
2023-02-22,sz.300750,409.47,38.807449,6.680297,3.741142,17.452378,0.5909,1,0
2023-02-23,sz.300750,413.23,39.163803,6.74164,3.775496,17.612636,0.4558,1,0
2023-02-24,sz.300750,405.4,38.421716,6.613897,3.703957,17.278907,0.4774,1,0
2023-02-27,sz.300750,401.1,38.014184,6.543745,3.66467,17.095633,0.4407,1,0
2023-02-28,sz.300750,403.9,38.279554,6.589425,3.690252,17.214974,0.4456,1,0
2023-03-01,sz.300750,411.78,39.026379,6.717984,3.762248,17.550834,0.6023,1,0
2023-03-02,sz.300750,400.8,37.985752,6.538851,3.661929,17.082846,0.7716,1,0
2023-03-03,sz.300750,402.32,38.129809,6.563649,3.675816,17.147632,0.392,1,0
2023-03-06,sz.300750,408.42,38.707936,6.663167,3.731549,17.407625,0.7946,1,0
2023-03-07,sz.300750,402.2,38.118436,6.561691,3.67472,17.142517,0.474,1,0
2023-03-08,sz.300750,397.73,37.694793,6.488765,3.633879,16.951997,0.3885,1,0
2023-03-09,sz.300750,397.01,37.626555,6.477019,3.627301,16.921309,0.3889,1,0
2023-03-10,sz.300750,405.79,32.25431,6.025902,3.01633,12.068981,0.8874,1,0
2023-03-13,sz.300750,392.0,31.158209,5.821124,2.913826,11.65884,0.873,1,0
2023-03-14,sz.300750,387.23,30.779064,5.75029,2.878369,11.516971,0.8569,1,0
2023-03-15,sz.300750,388.0,30.840268,5.761724,2.884093,11.539872,0.6012,1,0
2023-03-16,sz.300750,385.11,30.610556,5.718808,2.862611,11.453918,0.4688,1,0
2023-03-17,sz.300750,375.98,29.884856,5.58323,2.794746,11.182374,0.9338,1,0
2023-03-20,sz.300750,379.95,30.200412,5.642183,2.824256,11.30045,0.7341,1,0
2023-03-21,sz.300750,393.78,31.299693,5.847556,2.927057,11.711781,0.8016,1,0
2023-03-22,sz.300750,399.2,31.730502,5.928042,2.967345,11.872982,0.8199,1,0
2023-03-23,sz.300750,398.38,31.665325,5.915865,2.96125,11.848593,0.4649,1,0
2023-03-24,sz.300750,393.58,31.283795,5.844586,2.92557,11.705832,0.5454,1,0
2023-03-27,sz.300750,396.5,31.515892,5.887948,2.947275,11.792679,0.7471,1,0
2023-03-28,sz.300750,392.6,31.2059,5.830033,2.918286,11.676685,0.3519,1,0
2023-03-29,sz.300750,400.18,31.808398,5.942595,2.97463,11.902129,0.6376,1,0
2023-03-30,sz.300750,400.11,31.802834,5.941556,2.974109,11.900047,0.4025,1,0
2023-03-31,sz.300750,406.05,32.274976,6.029763,3.018263,12.076714,0.9089,1,0
2023-04-03,sz.300750,398.71,31.691555,5.920766,2.963703,11.858408,0.7771,1,0
2023-04-04,sz.300750,388.0,30.840268,5.761724,2.884093,11.539872,0.9313,1,0
2023-04-06,sz.300750,388.02,30.841858,5.762021,2.884242,11.540467,0.4905,1,0
2023-04-07,sz.300750,390.51,31.039776,5.798997,2.90275,11.614524,0.4663,1,0
2023-04-10,sz.300750,402.01,31.953856,5.96977,2.988233,11.956557,0.7991,1,0
2023-04-11,sz.300750,399.95,31.790116,5.93918,2.97292,11.895288,0.666,1,0
2023-04-12,sz.300750,392.01,31.159004,5.821272,2.9139,11.659137,0.405,1,0
2023-04-13,sz.300750,388.26,30.860934,5.765585,2.886026,11.547605,0.4657,1,0
2023-04-14,sz.300750,397.29,31.578686,5.899679,2.953148,11.816175,0.7382,1,0
2023-04-17,sz.300750,407.88,32.418715,6.056617,3.031705,12.130498,0.8188,1,0
2023-04-18,sz.300750,409.0,32.507733,6.073248,3.04003,12.163808,0.6518,1,0
2023-04-19,sz.300750,410.37,32.616622,6.093591,3.050213,12.204552,0.5388,1,0
2023-04-20,sz.300750,396.0,31.47448,5.880211,2.943403,11.777183,0.7345,1,0
2023-04-21,sz.300750,404.99,25.324535,5.263996,2.680934,9.98403,1.1717,1,0
2023-04-24,sz.300750,396.88,24.817406,5.158584,2.627248,9.784098,0.8056,1,0
2023-04-25,sz.300750,385.9,24.130813,5.015867,2.554563,9.513413,0.7834,1,0
2023-04-26,sz.300750,224.5,25.268882,5.252428,2.675043,9.962089,1.0226,1,0
2023-04-27,sz.300750,231.0,26.000498,5.404503,2.752494,10.250524,0.8748,1,0
2023-04-28,sz.300750,230.85,25.983614,5.400993,2.750706,10.243868,0.698,1,0
2023-05-04,sz.300750,225.52,25.383689,5.276292,2.687196,10.007351,0.4999,1,0
2023-05-05,sz.300750,227.0,25.550273,5.310918,2.704832,10.073025,0.4311,1,0
2023-05-08,sz.300750,230.81,25.979112,5.400057,2.75023,10.242093,0.586,1,0
2023-05-09,sz.300750,225.83,25.418582,5.283545,2.69089,10.021107,0.5062,1,0
2023-05-10,sz.300750,232.52,26.171583,5.440065,2.770605,10.317973,0.7457,1,0
2023-05-11,sz.300750,240.4,27.058527,5.624426,2.8645,10.667645,0.8949,1,0
2023-05-12,sz.300750,237.98,26.786141,5.567808,2.835664,10.560258,0.5746,1,0
2023-05-15,sz.300750,238.29,26.821033,5.57506,2.839358,10.574014,0.6878,1,0
2023-05-16,sz.300750,239.0,26.900948,5.591672,2.847818,10.60552,0.3599,1,0
2023-05-17,sz.300750,240.0,27.013504,5.615068,2.859734,10.649895,0.4699,1,0
2023-05-18,sz.300750,232.4,26.158077,5.437257,2.769176,10.312648,0.6213,1,0
2023-05-19,sz.300750,230.0,25.887942,5.381107,2.740578,10.206149,0.5015,1,0
2023-05-22,sz.300750,230.3,25.921708,5.388125,2.744153,10.219462,0.378,1,0
2023-05-23,sz.300750,225.42,25.372434,5.273952,2.686005,10.002914,0.5051,1,0
2023-05-24,sz.300750,225.25,25.353299,5.269975,2.683979,9.99537,0.3808,1,0
2023-05-25,sz.300750,224.09,25.222734,5.242836,2.670157,9.943896,0.3542,1,0
2023-05-26,sz.300750,220.0,24.762379,5.147145,2.621423,9.762404,0.469,1,0
2023-05-29,sz.300750,217.06,24.431463,5.078361,2.586391,9.631942,0.4259,1,0
2023-05-30,sz.300750,224.99,25.324035,5.263892,2.680881,9.983833,0.6816,1,0
2023-05-31,sz.300750,221.17,24.89407,5.174519,2.635364,9.814322,0.486,1,0
2023-06-01,sz.300750,222.9,25.088792,5.214994,2.655978,9.89109,0.4105,1,0
2023-06-02,sz.300750,228.44,25.712354,5.344609,2.72199,10.136925,0.597,1,0
2023-06-05,sz.300750,219.8,24.739868,5.142466,2.619039,9.753529,0.8652,1,0
2023-06-06,sz.300750,219.28,24.681338,5.1303,2.612843,9.730454,0.4441,1,0
2023-06-07,sz.300750,207.3,23.332914,4.850015,2.470095,9.198847,1.2901,1,0
2023-06-08,sz.300750,208.01,23.412829,4.866626,2.478555,9.230353,0.6144,1,0
2023-06-09,sz.300750,212.04,23.866431,4.960912,2.526575,9.409182,0.6248,1,0
2023-06-12,sz.300750,211.95,23.856301,4.958807,2.525502,9.405188,0.467,1,0
2023-06-13,sz.300750,213.1,23.985741,4.985712,2.539205,9.456219,0.3411,1,0
2023-06-14,sz.300750,213.4,24.019508,4.992731,2.54278,9.469531,0.4214,1,0
2023-06-15,sz.300750,230.88,25.986991,5.401695,2.751064,10.245199,1.3004,1,0
2023-06-16,sz.300750,231.1,26.011753,5.406842,2.753685,10.254961,0.7633,1,0
2023-06-19,sz.300750,227.88,25.649322,5.331507,2.715317,10.112075,0.4818,1,0
2023-06-20,sz.300750,228.0,25.662829,5.334314,2.716747,10.1174,0.4625,1,0
2023-06-21,sz.300750,224.91,25.31503,5.26202,2.679928,9.980283,0.4409,1,0
2023-06-26,sz.300750,225.17,25.344295,5.268103,2.683026,9.99182,0.4098,1,0
2023-06-27,sz.300750,223.47,25.152949,5.22833,2.66277,9.916383,0.3456,1,0
2023-06-28,sz.300750,224.5,25.268882,5.252428,2.675043,9.962089,0.3492,1,0
2023-06-29,sz.300750,222.5,25.04377,5.205636,2.651212,9.87334,0.2557,1,0
2023-06-30,sz.300750,228.79,25.751748,5.352797,2.72616,10.152456,0.555,1,0
2023-07-03,sz.300750,229.88,25.874435,5.378299,2.739148,10.200824,0.4006,1,0
2023-07-04,sz.300750,229.25,25.803524,5.363559,2.731642,10.172868,0.2615,1,0
2023-07-05,sz.300750,227.51,25.607676,5.32285,2.710908,10.095657,0.2224,1,0
2023-07-06,sz.300750,224.85,25.308277,5.260617,2.679213,9.97762,0.2648,1,0
2023-07-07,sz.300750,222.25,25.01563,5.199787,2.648233,9.862246,0.2526,1,0
2023-07-10,sz.300750,228.8,25.752874,5.353031,2.72628,10.1529,0.4145,1,0
2023-07-11,sz.300750,229.09,25.785515,5.359816,2.729735,10.165768,0.2359,1,0
2023-07-12,sz.300750,226.99,25.549147,5.310684,2.704712,10.072582,0.2239,1,0
2023-07-13,sz.300750,230.0,25.887942,5.381107,2.740578,10.206149,0.5732,1,0
2023-07-14,sz.300750,228.28,25.694345,5.340865,2.720083,10.129825,0.3349,1,0
2023-07-17,sz.300750,225.65,25.398322,5.279333,2.688746,10.01312,0.2692,1,0
2023-07-18,sz.300750,225.5,25.381438,5.275824,2.686958,10.006464,0.2209,1,0
2023-07-19,sz.300750,219.5,24.706101,5.135447,2.615465,9.740216,0.4533,1,0
2023-07-20,sz.300750,221.05,24.880563,5.171711,2.633934,9.808997,0.3719,1,0
2023-07-21,sz.300750,221.59,24.941343,5.184345,2.640368,9.832959,0.2162,1,0
2023-07-24,sz.300750,218.98,24.647571,5.123281,2.609269,9.717142,0.3533,1,0
2023-07-25,sz.300750,226.35,25.477111,5.295711,2.697086,10.044182,0.4967,1,0
2023-07-26,sz.300750,226.66,23.024509,5.854005,2.461202,15.196932,0.3981,1,0
2023-07-27,sz.300750,226.98,23.057015,5.86227,2.464677,15.218387,0.5372,1,0
2023-07-28,sz.300750,230.05,23.368871,5.94156,2.498012,15.424222,0.4842,1,0
2023-07-31,sz.300750,237.75,24.15105,6.14043,2.581623,15.940486,0.7701,1,0
2023-08-01,sz.300750,235.5,23.922491,6.082318,2.557192,15.78963,0.4021,1,0
2023-08-02,sz.300750,236.5,24.024073,6.108146,2.56805,15.856677,0.3643,1,0
2023-08-03,sz.300750,239.14,24.292249,6.176329,2.596717,16.033682,0.4167,1,0
2023-08-04,sz.300750,245.51,24.939324,6.340849,2.665886,16.460773,0.813,1,0
2023-08-07,sz.300750,246.49,25.038874,6.36616,2.676527,16.526479,0.3844,1,0
2023-08-08,sz.300750,247.14,25.104902,6.382948,2.683585,16.57006,0.388,1,0
2023-08-09,sz.300750,247.0,25.090681,6.379332,2.682065,16.560673,0.3009,1,0
2023-08-10,sz.300750,246.5,25.03989,6.366418,2.676636,16.527149,0.3616,1,0
2023-08-11,sz.300750,241.5,24.531981,6.237282,2.622343,16.191913,0.4431,1,0
2023-08-14,sz.300750,232.9,23.658379,6.015167,2.528959,15.615307,0.6617,1,0
2023-08-15,sz.300750,231.3,23.495848,5.973844,2.511586,15.508031,0.3763,1,0
2023-08-16,sz.300750,232.6,23.627904,6.007419,2.525702,15.595193,0.3608,1,0
2023-08-17,sz.300750,235.25,23.897096,6.075861,2.554477,15.772868,0.5265,1,0
2023-08-18,sz.300750,235.87,23.960076,6.091874,2.561209,15.814437,0.4319,1,0
2023-08-21,sz.300750,232.96,23.664474,6.016717,2.529611,15.61933,0.2776,1,0
2023-08-22,sz.300750,230.75,23.439978,5.959639,2.505613,15.471155,0.3912,1,0
2023-08-23,sz.300750,227.5,23.109838,5.8757,2.470323,15.253252,0.3058,1,0
2023-08-24,sz.300750,228.95,23.257131,5.91315,2.486068,15.35047,0.3646,1,0
2023-08-25,sz.300750,228.34,23.195166,5.897395,2.479444,15.309571,0.2881,1,0
2023-08-28,sz.300750,230.5,23.414583,5.953182,2.502899,15.454393,0.5746,1,0
2023-08-29,sz.300750,238.5,24.227236,6.1598,2.589767,15.990771,0.7514,1,0
2023-08-30,sz.300750,237.5,24.125655,6.133973,2.578909,15.923724,0.3758,1,0
2023-08-31,sz.300750,236.55,24.029152,6.109437,2.568593,15.860029,0.2491,1,0
2023-09-01,sz.300750,236.4,24.013915,6.105563,2.566964,15.849972,0.2344,1,0
2023-09-04,sz.300750,237.65,24.140892,6.137847,2.580537,15.933781,0.3619,1,0
2023-09-05,sz.300750,236.82,24.056579,6.11641,2.571525,15.878132,0.2983,1,0
2023-09-06,sz.300750,234.42,23.812783,6.054425,2.545464,15.717219,0.3213,1,0
2023-09-07,sz.300750,226.51,23.009272,5.850131,2.459573,15.186875,0.4962,1,0
2023-09-08,sz.300750,222.94,22.646625,5.757928,2.420808,14.947516,0.4249,1,0
2023-09-11,sz.300750,221.53,22.503395,5.721512,2.405497,14.852979,0.4394,1,0
2023-09-12,sz.300750,217.93,22.137701,5.628533,2.366407,14.611609,0.4695,1,0
2023-09-13,sz.300750,216.6,22.002597,5.594183,2.351965,14.522436,0.3898,1,0
2023-09-14,sz.300750,214.93,21.832956,5.551052,2.333831,14.410467,0.4711,1,0
2023-09-15,sz.300750,207.76,21.109084,5.367007,2.256453,13.932688,0.8672,1,0
2023-09-18,sz.300750,213.06,21.647581,5.50392,2.314015,14.288114,0.6847,1,0
2023-09-19,sz.300750,212.32,21.572395,5.484804,2.305978,14.238489,0.3863,1,0
2023-09-20,sz.300750,209.9,21.326515,5.422289,2.279695,14.0762,0.3365,1,0
2023-09-21,sz.300750,206.73,21.004433,5.340399,2.245266,13.863615,0.4169,1,0
2023-09-22,sz.300750,210.93,21.431166,5.448896,2.290882,14.145273,0.5787,1,0
2023-09-25,sz.300750,209.28,21.263521,5.406272,2.272961,14.034622,0.3495,1,0
2023-09-26,sz.300750,204.5,20.777857,5.282792,2.221046,13.714068,0.5203,1,0
2023-09-27,sz.300750,203.66,20.692511,5.261092,2.211923,13.657736,0.5612,1,0
2023-09-28,sz.300750,203.03,20.628501,5.244818,2.205081,13.615488,0.4061,1,0
2023-10-09,sz.300750,195.5,19.863428,5.050297,2.123299,13.110515,0.8667,1,0
2023-10-10,sz.300750,194.72,19.784178,5.030148,2.114827,13.058207,0.5103,1,0
2023-10-11,sz.300750,194.77,19.789258,5.031439,2.11537,13.06156,0.5201,1,0
2023-10-12,sz.300750,195.94,19.908134,5.061664,2.128077,13.140022,0.6218,1,0
2023-10-13,sz.300750,190.6,19.365573,4.923717,2.07008,12.781914,0.7301,1,0
2023-10-16,sz.300750,184.76,18.77221,4.772854,2.006653,12.390275,0.634,1,0
2023-10-17,sz.300750,185.44,18.8413,4.79042,2.014038,12.435877,0.5538,1,0
2023-10-18,sz.300750,186.3,18.928679,4.812636,2.023379,12.49355,0.4534,1,0
2023-10-19,sz.300750,182.7,18.562907,4.719639,1.984279,12.252128,0.4483,1,0
2023-10-20,sz.300750,181.0,17.972963,4.418844,1.927435,10.007817,0.7713,1,0
2023-10-23,sz.300750,177.26,17.601588,4.327537,1.887608,9.801026,0.5195,1,0
2023-10-24,sz.300750,176.42,17.518177,4.30703,1.878663,9.754581,0.6262,1,0
2023-10-25,sz.300750,175.98,17.474486,4.296288,1.873978,9.730252,0.5531,1,0
2023-10-26,sz.300750,178.07,17.682019,4.347312,1.896234,9.845812,1.064,1,0
2023-10-27,sz.300750,184.72,18.342352,4.509662,1.967048,10.213503,1.2277,1,0
2023-10-30,sz.300750,188.02,18.670036,4.590227,2.002189,10.395966,0.8286,1,0
2023-10-31,sz.300750,185.6,18.429734,4.531146,1.976419,10.26216,0.4663,1,0
2023-11-01,sz.300750,187.54,18.622373,4.578508,1.997078,10.369426,0.5067,1,0
2023-11-02,sz.300750,185.57,18.426755,4.530414,1.9761,10.260501,0.3535,1,0
2023-11-03,sz.300750,187.44,18.612443,4.576067,1.996013,10.363896,0.369,1,0
2023-11-06,sz.300750,197.08,19.569677,4.811413,2.098668,10.896909,0.8982,1,0
2023-11-07,sz.300750,191.24,18.989776,4.668838,2.036478,10.574005,0.6699,1,0
2023-11-08,sz.300750,191.84,19.049355,4.683486,2.042868,10.60718,0.3764,1,0
2023-11-09,sz.300750,191.45,19.010628,4.673965,2.038715,10.585617,0.2825,1,0
2023-11-10,sz.300750,189.03,18.770327,4.614884,2.012945,10.45181,0.2982,1,0
2023-11-13,sz.300750,187.85,18.653155,4.586076,2.000379,10.386566,0.3216,1,0
2023-11-14,sz.300750,183.68,18.24337,4.485326,1.956433,10.158387,0.6032,1,0
2023-11-15,sz.300750,184.48,18.322827,4.504862,1.964954,10.202631,0.6114,1,0
2023-11-16,sz.300750,181.15,17.992086,4.423546,1.929486,10.018466,0.4485,1,0
2023-11-17,sz.300750,180.73,17.950371,4.41329,1.925012,9.995238,0.2846,1,0
2023-11-20,sz.300750,180.3,17.907663,4.402789,1.920432,9.971457,0.3187,1,0
2023-11-21,sz.300750,180.61,17.941649,4.411145,1.924077,9.990381,0.5075,1,0
2023-11-22,sz.300750,177.0,17.583034,4.322976,1.885618,9.790695,0.4798,1,0
2023-11-23,sz.300750,177.7,17.652572,4.340072,1.893076,9.829415,0.4036,1,0
2023-11-24,sz.300750,175.0,17.384356,4.274129,1.864312,9.680065,0.4267,1,0
2023-11-27,sz.300750,170.7,16.957197,4.169107,1.818503,9.442212,0.473,1,0
2023-11-28,sz.300750,171.92,17.078391,4.198904,1.8315,9.509696,0.5189,1,0
2023-11-29,sz.300750,166.85,16.574741,4.075076,1.777488,9.229251,0.6467,1,0
2023-11-30,sz.300750,167.0,16.589642,4.07874,1.779086,9.237548,0.5912,1,0
2023-12-01,sz.300750,165.5,16.440634,4.042105,1.763106,9.154576,0.4355,1,0
2023-12-04,sz.300750,161.65,16.058178,3.948074,1.722092,8.941615,0.6144,1,0
2023-12-05,sz.300750,158.81,15.776055,3.878711,1.691837,8.784521,0.6369,1,0
2023-12-06,sz.300750,162.88,16.180365,3.978115,1.735195,9.009652,0.944,1,0
2023-12-07,sz.300750,164.49,16.340301,4.017437,1.752347,9.098708,0.6909,1,0
2023-12-08,sz.300750,163.59,16.250896,3.995456,1.742759,9.048925,0.6291,1,0
2023-12-11,sz.300750,165.35,16.425733,4.038441,1.761509,9.146279,0.5517,1,0
2023-12-12,sz.300750,163.63,16.254869,3.996432,1.743185,9.051138,0.3783,1,0
2023-12-13,sz.300750,159.35,15.829698,3.891899,1.697589,8.814391,0.6485,1,0
2023-12-14,sz.300750,156.63,15.559495,3.825467,1.668613,8.663935,0.5841,1,0
2023-12-15,sz.300750,155.0,15.397572,3.785657,1.651248,8.573772,0.5188,1,0
2023-12-18,sz.300750,146.97,14.599879,3.589535,1.565702,8.129596,1.1018,1,0
2023-12-19,sz.300750,149.0,14.801537,3.639115,1.587329,8.241884,0.6466,1,0
2023-12-20,sz.300750,148.45,14.746901,3.625682,1.581469,8.211461,0.5456,1,0
2023-12-21,sz.300750,154.39,15.336975,3.770758,1.644749,8.54003,1.0817,1,0
2023-12-22,sz.300750,156.29,15.52572,3.817163,1.66499,8.645128,0.7197,1,0
2023-12-25,sz.300750,157.54,15.649894,3.847693,1.678307,8.714271,0.3339,1,0
2023-12-26,sz.300750,156.13,15.509826,3.813256,1.663286,8.636278,0.3278,1,0
2023-12-27,sz.300750,154.33,15.331015,3.769293,1.64411,8.536711,0.4456,1,0
2023-12-28,sz.300750,162.99,16.191292,3.980801,1.736367,9.015736,0.9718,1,0
2023-12-29,sz.300750,163.26,16.218114,3.987396,1.739243,9.030671,0.5824,1,0
2024-01-02,sz.300750,156.83,15.579363,3.830352,1.670743,8.674998,0.5495,1,0
2024-01-03,sz.300750,155.8,15.477044,3.805196,1.65977,8.618024,0.5073,1,0
2024-01-04,sz.300750,151.2,15.020083,3.692847,1.610766,8.363577,0.6994,1,0
2024-01-05,sz.300750,150.9,14.990282,3.68552,1.60757,8.346982,0.5401,1,0
2024-01-08,sz.300750,150.0,14.900876,3.663539,1.597982,8.297199,0.4977,1,0
2024-01-09,sz.300750,148.7,14.771735,3.631788,1.584133,8.22529,0.6006,1,0
2024-01-10,sz.300750,150.66,14.96644,3.679658,1.605013,8.333707,0.596,1,0
2024-01-11,sz.300750,154.82,15.379691,3.781261,1.64933,8.563816,0.8422,1,0
2024-01-12,sz.300750,154.63,15.360817,3.77662,1.647306,8.553306,0.6537,1,0
2024-01-15,sz.300750,151.7,15.069753,3.705059,1.616092,8.391234,0.4435,1,0
2024-01-16,sz.300750,156.95,15.591284,3.833283,1.672022,8.681636,0.7309,1,0
2024-01-17,sz.300750,152.24,15.123396,3.718248,1.621845,8.421104,0.5587,1,0
2024-01-18,sz.300750,154.61,15.35883,3.776132,1.647093,8.5522,0.7902,1,0
2024-01-19,sz.300750,154.9,15.387638,3.783215,1.650182,8.568241,0.6828,1,0
2024-01-22,sz.300750,155.66,15.463136,3.801776,1.658279,8.61028,1.0395,1,0
2024-01-23,sz.300750,153.91,15.289293,3.759035,1.639636,8.513479,0.8295,1,0
2024-01-24,sz.300750,153.48,15.246577,3.748533,1.635055,8.489694,0.6386,1,0
2024-01-25,sz.300750,155.0,15.397572,3.785657,1.651248,8.573772,0.7569,1,0
2024-01-26,sz.300750,150.0,14.900876,3.663539,1.597982,8.297199,0.6979,1,0
2024-01-29,sz.300750,147.02,14.604846,3.590757,1.566235,8.132361,0.5589,1,0
2024-01-30,sz.300750,140.75,13.981989,3.437621,1.49944,7.785538,0.8403,1,0
2024-01-31,sz.300750,151.59,15.058826,3.702372,1.61492,8.385149,1.5282,1,0
2024-02-01,sz.300750,149.02,14.803524,3.639604,1.587542,8.242991,0.7181,1,0
2024-02-02,sz.300750,146.0,14.50352,3.565845,1.555369,8.07594,0.7884,1,0
2024-02-05,sz.300750,151.94,15.093594,3.710921,1.618649,8.404509,1.2101,1,0
2024-02-06,sz.300750,158.33,15.728372,3.866987,1.686723,8.75797,1.1232,1,0
2024-02-07,sz.300750,159.6,15.854532,3.898005,1.700253,8.82822,0.9399,1,0
2024-02-08,sz.300750,162.84,16.176391,3.977138,1.734769,9.007439,0.7934,1,0
2024-02-19,sz.300750,160.09,15.903209,3.909973,1.705473,8.855324,0.6956,1,0
2024-02-20,sz.300750,158.33,15.728372,3.866987,1.686723,8.75797,0.5698,1,0
2024-02-21,sz.300750,161.2,16.013475,3.937083,1.717298,8.916723,0.662,1,0
2024-02-22,sz.300750,160.35,15.929037,3.916323,1.708242,8.869706,0.538,1,0
2024-02-23,sz.300750,160.5,15.943938,3.919987,1.70984,8.878003,0.5396,1,0
2024-02-26,sz.300750,156.0,15.496911,3.81008,1.661901,8.629087,0.926,1,0
2024-02-27,sz.300750,157.83,15.678702,3.854776,1.681396,8.730313,0.7456,1,0
2024-02-28,sz.300750,157.01,15.597244,3.834748,1.672661,8.684955,1.0294,1,0
2024-02-29,sz.300750,163.51,16.242949,3.993502,1.741907,9.0445,1.0056,1,0
2024-03-01,sz.300750,164.55,16.346261,4.018902,1.752986,9.102027,0.7215,1,0
2024-03-04,sz.300750,163.9,16.281691,4.003027,1.746061,9.066073,0.6883,1,0
2024-03-05,sz.300750,164.65,16.356195,4.021345,1.754051,9.107559,0.7073,1,0
2024-03-06,sz.300750,163.64,16.255863,3.996677,1.743292,9.051691,0.4806,1,0
2024-03-07,sz.300750,160.15,15.909169,3.911438,1.706112,8.858643,0.5686,1,0
2024-03-08,sz.300750,158.0,15.69559,3.858928,1.683207,8.739716,0.5191,1,0
2024-03-11,sz.300750,180.85,17.96549,4.417007,1.926633,10.003656,1.9599,1,0
2024-03-12,sz.300750,185.84,18.461192,4.53888,1.979793,10.279676,1.5961,1,0
2024-03-13,sz.300750,185.18,18.395629,4.522761,1.972762,10.243169,0.8934,1,0
2024-03-14,sz.300750,183.81,18.259534,4.489301,1.958167,10.167388,0.784,1,0
2024-03-15,sz.300750,181.0,17.980391,4.42067,1.928231,10.011953,0.911,1,0
2024-03-18,sz.300750,190.96,19.039373,4.248896,2.095299,10.430604,1.2402,1,0
2024-03-19,sz.300750,187.25,18.669473,4.166348,2.054591,10.227957,0.6921,1,0
2024-03-20,sz.300750,189.48,18.891812,4.215966,2.079059,10.349764,0.54,1,0
2024-03-21,sz.300750,189.08,18.851931,4.207065,2.07467,10.327915,0.4816,1,0
2024-03-22,sz.300750,186.51,18.595693,4.149882,2.046471,10.187537,0.4905,1,0
2024-03-25,sz.300750,184.8,18.4252,4.111835,2.027708,10.094133,0.4214,1,0
2024-03-26,sz.300750,191.8,19.123124,4.267586,2.104515,10.476487,0.7766,1,0
2024-03-27,sz.300750,188.0,18.744251,4.183035,2.06282,10.268923,0.5301,1,0
2024-03-28,sz.300750,188.78,18.82202,4.20039,2.071379,10.311528,0.5144,1,0
2024-03-29,sz.300750,190.16,18.95961,4.231096,2.086521,10.386907,0.4227,1,0
2024-04-01,sz.300750,197.84,19.725333,4.401977,2.170789,10.806403,0.7064,1,0
2024-04-02,sz.300750,199.7,19.910782,4.443362,2.191198,10.908,0.6172,1,0
2024-04-03,sz.300750,197.65,19.706389,4.39775,2.168704,10.796025,0.6031,1,0
2024-04-08,sz.300750,194.6,19.402294,4.329886,2.135238,10.629428,0.4867,1,0
2024-04-09,sz.300750,196.0,19.541879,4.361037,2.1506,10.705899,0.3741,1,0
2024-04-10,sz.300750,192.74,19.216845,4.288501,2.11483,10.527831,0.4612,1,0
2024-04-11,sz.300750,192.6,19.202887,4.285386,2.113293,10.520184,0.4954,1,0
2024-04-12,sz.300750,188.39,18.783135,4.191713,2.067099,10.290226,0.4269,1,0
2024-04-15,sz.300750,197.14,19.655541,4.386402,2.163108,10.768168,0.7843,1,0
2024-04-16,sz.300750,197.15,19.354879,4.174994,2.214407,10.160737,0.7092,1,0
2024-04-17,sz.300750,195.99,19.240998,4.150429,2.201378,10.100952,0.5551,1,0
2024-04-18,sz.300750,195.56,19.198784,4.141323,2.196548,10.078791,0.5017,1,0
2024-04-19,sz.300750,190.8,18.731479,4.040522,2.143083,9.83347,0.4748,1,0
2024-04-22,sz.300750,190.6,18.711844,4.036286,2.140837,9.823162,0.3877,1,0
2024-04-23,sz.300750,189.93,18.646068,4.022098,2.133311,9.788632,0.2853,1,0
2024-04-24,sz.300750,189.6,18.61367,4.01511,2.129604,9.771624,0.3891,1,0
2024-04-25,sz.300750,193.2,18.967095,4.091346,2.17004,9.957161,0.4215,1,0
2024-04-26,sz.300750,198.48,19.48545,4.203159,2.229345,10.229282,0.5774,1,0
2024-04-29,sz.300750,209.63,20.580083,4.43928,2.354583,10.803932,1.1262,1,0
2024-04-30,sz.300750,202.6,19.889924,4.290407,2.275622,10.441619,0.5503,1,0
2024-05-06,sz.300750,206.98,20.319924,4.383161,2.324818,10.667356,0.6958,1,0
2024-05-07,sz.300750,206.88,20.310106,4.381044,2.323695,10.662202,0.3384,1,0
2024-05-08,sz.300750,203.23,19.951773,4.303749,2.282698,10.474088,0.3192,1,0
2024-05-09,sz.300750,209.4,20.557503,4.434409,2.352,10.792078,0.5628,1,0
2024-05-10,sz.300750,203.5,19.97828,4.309466,2.285731,10.488004,0.5854,1,0
2024-05-13,sz.300750,199.35,19.570861,4.221583,2.239117,10.27412,0.5699,1,0
2024-05-14,sz.300750,199.01,19.537482,4.214383,2.235298,10.256597,0.2746,1,0
2024-05-15,sz.300750,197.89,19.427528,4.190665,2.222718,10.198875,0.3357,1,0
2024-05-16,sz.300750,199.67,19.602276,4.228359,2.242712,10.290613,0.3948,1,0
2024-05-17,sz.300750,203.0,19.929194,4.298878,2.280114,10.462234,0.4749,1,0
2024-05-20,sz.300750,203.45,19.973372,4.308407,2.285169,10.485427,0.5114,1,0
2024-05-21,sz.300750,201.56,19.787824,4.268383,2.26394,10.38802,0.3157,1,0
2024-05-22,sz.300750,204.89,20.114741,4.338902,2.301343,10.559641,0.6479,1,0
2024-05-23,sz.300750,204.34,20.060746,4.327255,2.295165,10.531296,0.4533,1,0
2024-05-24,sz.300750,200.98,19.730883,4.256101,2.257426,10.358128,0.3982,1,0
2024-05-27,sz.300750,200.01,19.635655,4.235559,2.246531,10.308136,0.4201,1,0
2024-05-28,sz.300750,197.8,19.418692,4.188759,2.221708,10.194236,0.3258,1,0
2024-05-29,sz.300750,198.79,19.515884,4.209724,2.232827,10.245259,0.3425,1,0
2024-05-30,sz.300750,199.35,19.570861,4.221583,2.239117,10.27412,0.3282,1,0
2024-05-31,sz.300750,197.76,19.414765,4.187912,2.221258,10.192175,0.3545,1,0
2024-06-03,sz.300750,202.5,19.880107,4.28829,2.274498,10.436465,0.4806,1,0
2024-06-04,sz.300750,205.97,20.220769,4.361773,2.313474,10.615303,0.4548,1,0
2024-06-05,sz.300750,204.12,20.039148,4.322596,2.292694,10.519957,0.3024,1,0
2024-06-06,sz.300750,204.79,20.104924,4.336784,2.30022,10.554488,0.3187,1,0
2024-06-07,sz.300750,193.2,18.967095,4.091346,2.17004,9.957161,1.3271,1,0
2024-06-11,sz.300750,188.77,18.532187,3.997533,2.120282,9.728847,1.0802,1,0
2024-06-12,sz.300750,185.6,18.220977,3.930403,2.084676,9.565472,0.5215,1,0
2024-06-13,sz.300750,185.18,18.179744,3.921508,2.079959,9.543826,0.5679,1,0
2024-06-14,sz.300750,184.89,18.151274,3.915367,2.076701,9.528879,0.9547,1,0
2024-06-17,sz.300750,188.2,18.476228,3.985462,2.11388,9.699471,0.6914,1,0
2024-06-18,sz.300750,190.33,18.685337,4.030569,2.137804,9.809247,0.4019,1,0
2024-06-19,sz.300750,189.01,18.554761,4.002402,2.122865,9.740698,0.2761,1,0
2024-06-20,sz.300750,187.99,18.45463,3.980803,2.111408,9.688132,0.2969,1,0
2024-06-21,sz.300750,185.16,18.176814,3.920876,2.079623,9.542287,0.4742,1,0
2024-06-24,sz.300750,186.98,18.35548,3.959416,2.100065,9.636081,0.4631,1,0
2024-06-25,sz.300750,186.32,18.290689,3.94544,2.092652,9.602068,0.3701,1,0
2024-06-26,sz.300750,185.51,18.211173,3.928288,2.083554,9.560325,0.2691,1,0
2024-06-27,sz.300750,185.0,18.161107,3.917488,2.077826,9.534041,0.3249,1,0
2024-06-28,sz.300750,180.03,17.673211,3.812245,2.022006,9.277911,0.4986,1,0
2024-07-01,sz.300750,176.07,17.284465,3.72839,1.977529,9.073831,0.6931,1,0
2024-07-02,sz.300750,176.08,17.285447,3.728602,1.977641,9.074346,0.3701,1,0
2024-07-03,sz.300750,179.5,17.621182,3.801022,2.016053,9.250597,0.4161,1,0
2024-07-04,sz.300750,179.6,17.630999,3.80314,2.017176,9.255751,0.3039,1,0
2024-07-05,sz.300750,177.62,17.436626,3.761212,1.994938,9.153711,0.3472,1,0
2024-07-08,sz.300750,175.91,17.268758,3.725002,1.975732,9.065585,0.2775,1,0
2024-07-09,sz.300750,175.77,17.255015,3.722037,1.97416,9.05837,0.4222,1,0
2024-07-10,sz.300750,173.05,16.987997,3.66444,1.94361,8.918194,0.4563,1,0
2024-07-11,sz.300750,177.01,17.376743,3.748295,1.988087,9.122274,0.5343,1,0
2024-07-12,sz.300750,179.8,17.650632,3.807375,2.019423,9.266058,0.502,1,0
2024-07-15,sz.300750,178.12,17.48571,3.7718,2.000554,9.179478,0.2945,1,0
2024-07-16,sz.300750,179.3,17.601548,3.796787,2.013807,9.24029,0.3889,1,0
2024-07-17,sz.300750,180.89,17.757636,3.830456,2.031665,9.322231,0.4773,1,0
2024-07-18,sz.300750,188.35,18.48997,3.988427,2.115452,9.706685,0.8215,1,0
2024-07-19,sz.300750,189.44,18.596973,4.011508,2.127694,9.762858,0.5353,1,0
2024-07-22,sz.300750,189.52,18.604827,4.013202,2.128593,9.766981,0.4408,1,0
2024-07-23,sz.300750,186.2,18.278909,3.942899,2.091304,9.595884,0.3056,1,0
2024-07-24,sz.300750,186.32,18.290689,3.94544,2.092652,9.602068,0.3715,1,0
2024-07-25,sz.300750,187.73,18.429106,3.975298,2.108488,9.674733,0.5288,1,0
2024-07-26,sz.300750,189.35,18.588138,4.009602,2.126683,9.75822,0.5995,1,0
2024-07-29,sz.300750,184.53,17.543331,4.136509,2.144902,23.350238,0.5485,1,0
2024-07-30,sz.300750,184.89,17.577557,4.144579,2.149086,23.395792,0.3267,1,0
2024-07-31,sz.300750,186.31,17.712557,4.17641,2.165592,23.575477,0.5109,1,0
2024-08-01,sz.300750,180.3,17.141184,4.041687,2.095734,22.814978,0.5908,1,0
2024-08-02,sz.300750,177.09,16.836008,3.969731,2.058422,22.408788,0.3978,1,0
2024-08-05,sz.300750,177.0,16.827452,3.967713,2.057376,22.397399,0.4967,1,0
2024-08-06,sz.300750,174.95,16.632557,3.921759,2.033548,22.137994,0.4049,1,0
2024-08-07,sz.300750,173.67,16.510867,3.893066,2.018669,21.976024,0.3275,1,0
2024-08-08,sz.300750,172.4,16.390128,3.864597,2.003907,21.81532,0.3764,1,0
2024-08-09,sz.300750,170.0,16.161959,3.810798,1.976011,21.511626,0.3957,1,0
2024-08-12,sz.300750,169.0,16.066889,3.788381,1.964387,21.385087,0.4471,1,0
2024-08-13,sz.300750,173.78,16.521325,3.895532,2.019948,21.989944,0.4978,1,0
2024-08-14,sz.300750,172.21,16.372065,3.860338,2.001699,21.791277,0.2559,1,0
2024-08-15,sz.300750,173.4,16.485198,3.887014,2.015531,21.941859,0.3718,1,0
2024-08-16,sz.300750,173.62,16.506114,3.891945,2.018088,21.969697,0.2863,1,0
2024-08-19,sz.300750,175.6,16.694353,3.93633,2.041103,22.220245,0.3604,1,0
2024-08-20,sz.300750,174.87,16.624952,3.919966,2.032618,22.127871,0.2166,1,0
2024-08-21,sz.300750,174.01,16.543191,3.900688,2.022621,22.019048,0.2862,1,0
2024-08-22,sz.300750,178.8,16.998578,4.008063,2.078298,22.625169,0.511,1,0
2024-08-23,sz.300750,181.8,17.283789,4.075312,2.113169,23.004786,0.4728,1,0
2024-08-26,sz.300750,183.92,17.485339,4.122835,2.137811,23.273049,0.381,1,0
2024-08-27,sz.300750,183.5,17.445409,4.11342,2.132929,23.219903,0.2562,1,0
2024-08-28,sz.300750,182.82,17.380761,4.098177,2.125025,23.133856,0.2732,1,0
2024-08-29,sz.300750,180.8,17.188719,4.052896,2.101546,22.878247,0.4023,1,0
2024-08-30,sz.300750,184.34,17.525268,4.13225,2.142693,23.326195,0.6529,1,0
2024-09-02,sz.300750,181.19,17.225796,4.061638,2.106079,22.927597,0.3334,1,0
2024-09-03,sz.300750,185.65,17.64981,4.161615,2.15792,23.491961,0.4672,1,0
2024-09-04,sz.300750,187.15,17.792416,4.19524,2.175355,23.68177,0.4253,1,0
2024-09-05,sz.300750,186.8,17.759141,4.187394,2.171287,23.637481,0.3163,1,0
2024-09-06,sz.300750,185.95,17.678331,4.16834,2.161407,23.529923,0.1932,1,0
2024-09-09,sz.300750,185.15,17.602275,4.150407,2.152108,23.428692,0.346,1,0
2024-09-10,sz.300750,181.16,17.222944,4.060966,2.10573,22.923801,0.396,1,0
2024-09-11,sz.300750,186.56,17.736324,4.182014,2.168497,23.607112,0.5442,1,0
2024-09-12,sz.300750,189.35,18.001571,4.244556,2.200927,23.960156,0.5317,1,0
2024-09-13,sz.300750,183.5,17.445409,4.11342,2.132929,23.219903,0.4438,1,0
2024-09-18,sz.300750,186.4,17.721113,4.178428,2.166638,23.586866,0.2921,1,0
2024-09-19,sz.300750,186.9,17.768648,4.189636,2.172449,23.650135,0.4049,1,0
2024-09-20,sz.300750,185.6,17.659371,4.16387,2.159089,23.504687,0.3977,1,0
2024-09-23,sz.300750,188.2,17.906754,4.2222,2.189335,23.833955,0.4051,1,0
2024-09-24,sz.300750,197.52,18.793529,4.431291,2.297754,25.014255,0.9087,1,0
2024-09-25,sz.300750,203.1,19.324452,4.556476,2.362667,25.720915,1.0768,1,0
2024-09-26,sz.300750,205.51,19.553757,4.610544,2.390702,26.026121,0.9096,1,0
2024-09-27,sz.300750,226.81,21.580398,5.088401,2.638486,28.723588,1.7988,1,0
2024-09-30,sz.300750,251.89,23.966697,5.651062,2.930242,31.89976,2.3417,1,0
2024-10-08,sz.300750,299.0,28.449094,6.707958,3.478274,37.865848,3.5281,1,0
2024-10-09,sz.300750,255.0,24.262606,5.720834,2.966421,32.293616,2.7859,1,0
2024-10-10,sz.300750,258.0,24.548048,5.788138,3.00132,32.673541,1.5593,1,0
2024-10-11,sz.300750,241.79,23.005707,5.424472,2.812748,30.62068,1.2211,1,0
2024-10-14,sz.300750,249.72,23.760227,5.602379,2.904998,31.624948,1.1985,1,0
2024-10-15,sz.300750,241.22,22.951473,5.411685,2.806118,30.548494,0.8398,1,0
2024-10-16,sz.300750,233.85,22.250236,5.246341,2.720382,29.615145,0.8609,1,0
2024-10-17,sz.300750,231.5,22.02664,5.19362,2.693045,29.317537,0.6706,1,0
2024-10-18,sz.300750,249.89,23.776402,5.606193,2.906976,31.646477,1.7433,1,0
2024-10-21,sz.300750,253.36,22.773738,4.707139,3.053471,40.080494,1.4983,1,0
2024-10-22,sz.300750,250.55,22.521156,4.654932,3.019606,39.635964,0.7145,1,0
2024-10-23,sz.300750,249.3,22.408797,4.631709,3.004541,39.438219,0.8242,1,0
2024-10-24,sz.300750,246.16,22.126552,4.573371,2.966698,38.941485,0.5502,1,0
2024-10-25,sz.300750,258.88,23.269913,4.809694,3.119998,40.953735,1.484,1,0
2024-10-28,sz.300750,256.24,23.032612,4.760646,3.088181,40.536098,0.7075,1,0
2024-10-29,sz.300750,251.78,22.631716,4.677784,3.034429,39.830545,0.6919,1,0
2024-10-30,sz.300750,248.03,22.294641,4.608114,2.989235,39.237311,0.6955,1,0
2024-10-31,sz.300750,245.98,22.110373,4.570027,2.964528,38.913009,0.6536,1,0
2024-11-01,sz.300750,246.2,22.130148,4.574114,2.96718,38.947812,0.6643,1,0
2024-11-04,sz.300750,251.2,22.579582,4.667009,3.027439,39.738791,0.6215,1,0
2024-11-05,sz.300750,261.39,23.495529,4.856327,3.150248,41.350807,1.2427,1,0
2024-11-06,sz.300750,256.5,23.055982,4.765477,3.091314,40.577229,1.1595,1,0
2024-11-07,sz.300750,262.8,23.62227,4.882523,3.167241,41.573863,0.8605,1,0
2024-11-08,sz.300750,257.5,23.145869,4.784055,3.103366,40.735425,1.0328,1,0
2024-11-11,sz.300750,267.5,24.044738,4.969844,3.223885,42.317383,1.2599,1,0
2024-11-12,sz.300750,273.02,24.540914,5.072399,3.290412,43.190624,1.9071,1,0
2024-11-13,sz.300750,282.0,25.348098,5.239237,3.398638,44.611223,1.4296,1,0
2024-11-14,sz.300750,275.0,24.71889,5.109185,3.314275,43.503852,1.0934,1,0
2024-11-15,sz.300750,265.56,23.870358,4.933801,3.200505,42.010484,0.9022,1,0
2024-11-18,sz.300750,262.92,23.633056,4.884753,3.168688,41.592847,0.7856,1,0
2024-11-19,sz.300750,268.72,24.160385,4.993747,3.239391,42.520915,0.8921,1,0
2024-11-20,sz.300750,267.55,24.055191,4.972005,3.225287,42.33578,0.5819,1,0
2024-11-21,sz.300750,268.26,24.119027,4.985199,3.233846,42.448127,0.5266,1,0
2024-11-22,sz.300750,259.1,23.295459,4.814974,3.123423,40.998694,0.578,1,0
2024-11-25,sz.300750,264.1,23.745005,4.907892,3.183698,41.789869,0.6724,1,0
2024-11-26,sz.300750,256.72,23.081475,4.770746,3.094732,40.622095,0.7011,1,0
2024-11-27,sz.300750,259.9,23.367386,4.829841,3.133067,41.125282,0.7021,1,0
2024-11-28,sz.300750,254.7,22.899859,4.733207,3.070382,40.30246,0.5728,1,0
2024-11-29,sz.300750,261.24,23.487864,4.854743,3.149221,41.337317,0.8037,1,0
2024-12-02,sz.300750,262.19,23.573278,4.872397,3.160673,41.487641,0.5291,1,0
2024-12-03,sz.300750,261.84,23.54181,4.865893,3.156453,41.432258,0.4436,1,0
2024-12-04,sz.300750,258.97,23.283771,4.812558,3.121856,40.978124,0.4146,1,0
2024-12-05,sz.300750,256.0,23.016741,4.757366,3.086053,40.508166,0.4105,1,0
2024-12-06,sz.300750,266.55,23.965282,4.953421,3.213232,42.177545,0.8466,1,0
2024-12-09,sz.300750,268.05,24.100146,4.981296,3.231314,42.414898,0.5754,1,0
2024-12-10,sz.300750,270.57,24.326717,5.028127,3.261693,42.81365,0.8432,1,0
2024-12-11,sz.300750,267.1,24.014732,4.963642,3.219862,42.264575,0.4971,1,0
2024-12-12,sz.300750,273.71,24.609031,5.086479,3.299545,43.310508,0.5722,1,0
2024-12-13,sz.300750,267.03,24.008438,4.962341,3.219018,42.253498,0.7256,1,0
2024-12-16,sz.300750,267.2,24.023723,4.9655,3.221068,42.280398,0.4166,1,0
2024-12-17,sz.300750,273.8,24.617123,5.088151,3.30063,43.324749,0.723,1,0
2024-12-18,sz.300750,271.41,24.40224,5.043737,3.271819,42.946567,0.3865,1,0
2024-12-19,sz.300750,269.79,24.256588,5.013631,3.25229,42.690227,0.3932,1,0
2024-12-20,sz.300750,262.71,23.620031,4.882061,3.166941,41.569923,0.7108,1,0
2024-12-23,sz.300750,263.5,23.691059,4.896742,3.176465,41.694928,0.5289,1,0
2024-12-24,sz.300750,268.23,24.116329,4.984641,3.233484,42.44338,0.5026,1,0
2024-12-25,sz.300750,267.97,24.092953,4.97981,3.23035,42.402239,0.2925,1,0
2024-12-26,sz.300750,261.25,23.488764,4.854929,3.149341,41.3389,0.5751,1,0
2024-12-27,sz.300750,262.0,23.556195,4.868866,3.158382,41.457576,0.624,1,0
2024-12-30,sz.300750,266.58,23.967979,4.953979,3.213594,42.182292,0.5799,1,0
2024-12-31,sz.300750,266.0,23.915832,4.9432,3.206602,42.090516,0.6389,1,0
2025-01-02,sz.300750,258.78,23.266688,4.809028,3.119565,40.948059,0.5984,1,0
2025-01-03,sz.300750,257.63,23.163292,4.787657,3.105702,40.766089,0.4747,1,0
2025-01-06,sz.300750,256.75,23.084172,4.771303,3.095094,40.626842,0.443,1,0
2025-01-07,sz.300750,249.45,22.427836,4.635644,3.007093,39.471726,1.0276,1,0
2025-01-08,sz.300750,245.34,22.058309,4.559266,2.957548,38.82138,0.6966,1,0
2025-01-09,sz.300750,247.33,22.237228,4.596247,2.981537,39.136268,0.4339,1,0
2025-01-10,sz.300750,246.0,22.117649,4.571531,2.965504,38.925816,0.3774,1,0
2025-01-13,sz.300750,246.91,22.199466,4.588442,2.976474,39.069809,0.4636,1,0
2025-01-14,sz.300750,256.2,23.034722,4.761082,3.088464,40.539813,0.5188,1,0
2025-01-15,sz.300750,250.87,22.555507,4.662032,3.024211,39.69642,0.386,1,0
2025-01-16,sz.300750,249.93,22.470992,4.644564,3.01288,39.547679,0.4148,1,0
2025-01-17,sz.300750,251.5,22.612149,4.67374,3.031806,39.796108,0.2846,1,0
2025-01-20,sz.300750,265.52,23.872676,4.93428,3.200815,42.014563,0.8785,1,0
2025-01-21,sz.300750,264.18,23.752197,4.909378,3.184662,41.802528,0.356,1,0
2025-01-22,sz.300750,258.0,23.196559,4.794532,3.110163,40.824636,0.6416,1,0
2025-01-23,sz.300750,257.5,23.151604,4.785241,3.104135,40.745518,0.4242,1,0
2025-01-24,sz.300750,260.62,23.432121,4.843221,3.141746,41.239212,0.575,1,0
2025-01-27,sz.300750,257.0,23.10665,4.775949,3.098108,40.666401,0.4382,1,0
2025-02-05,sz.300750,252.12,22.667893,4.685262,3.03928,39.894214,0.6162,1,0
2025-02-06,sz.300750,253.1,22.756004,4.703474,3.051094,40.049284,0.6379,1,0
2025-02-07,sz.300750,261.28,23.491461,4.855486,3.149703,41.343647,0.8825,1,0
2025-02-10,sz.300750,258.45,23.237018,4.802895,3.115587,40.895842,0.5875,1,0
2025-02-11,sz.300750,251.8,22.639122,4.679315,3.035422,39.843579,0.6353,1,0
2025-02-12,sz.300750,255.3,22.953804,4.744357,3.077614,40.397401,0.7016,1,0
2025-02-13,sz.300750,261.39,23.501351,4.85753,3.151029,41.361053,0.9618,1,0
2025-02-14,sz.300750,269.71,24.249395,5.012145,3.251325,42.677568,0.9937,1,0
2025-02-17,sz.300750,269.4,24.221523,5.006384,3.247588,42.628515,0.6197,1,0
2025-02-18,sz.300750,270.77,24.344699,5.031843,3.264104,42.845297,0.611,1,0
2025-02-19,sz.300750,273.55,24.594646,5.083505,3.297616,43.28519,0.5239,1,0
2025-02-20,sz.300750,270.2,24.29345,5.021251,3.257232,42.755103,0.502,1,0
2025-02-21,sz.300750,275.55,24.774464,5.120672,3.321726,43.60166,0.7931,1,0
2025-02-24,sz.300750,271.5,24.410332,5.045409,3.272904,42.960809,0.7112,1,0
2025-02-25,sz.300750,269.48,24.228322,5.007789,3.2485,42.640481,0.5947,1,0
2025-02-26,sz.300750,268.62,24.151001,4.991808,3.238133,42.504401,0.5425,1,0
2025-02-27,sz.300750,270.0,24.275074,5.017452,3.254769,42.722762,0.5941,1,0
2025-02-28,sz.300750,264.3,23.7626,4.911528,3.186057,41.820837,0.5705,1,0
2025-03-03,sz.300750,273.53,24.592448,5.083051,3.297322,43.281322,0.9926,1,0
2025-03-04,sz.300750,263.0,23.64572,4.88737,3.170386,41.615135,0.6877,1,0
2025-03-05,sz.300750,260.99,23.465006,4.850018,3.146156,41.297088,0.5348,1,0
2025-03-06,sz.300750,264.31,23.763499,4.911714,3.186177,41.822419,0.6413,1,0
2025-03-07,sz.300750,260.76,23.444327,4.845744,3.143383,41.260694,0.5711,1,0
2025-03-10,sz.300750,256.5,23.06132,4.76658,3.09203,40.586624,0.7348,1,0
2025-03-11,sz.300750,255.2,22.94444,4.742422,3.076359,40.380922,0.4391,1,0
2025-03-12,sz.300750,254.5,22.881505,4.729414,3.067921,40.270159,0.5103,1,0
2025-03-13,sz.300750,253.22,22.766423,4.705627,3.052491,40.067621,0.4327,1,0
2025-03-14,sz.300750,262.0,23.555813,4.868787,3.158331,41.456902,0.8996,1,0
2025-03-17,sz.300750,256.0,22.214527,4.565136,3.113895,35.233494,0.8588,1,0
2025-03-18,sz.300750,257.0,22.301302,4.582968,3.126059,35.371124,0.5785,1,0
2025-03-19,sz.300750,265.39,23.029349,4.732583,3.228112,36.525847,0.9469,1,0
2025-03-20,sz.300750,262.15,22.748196,4.674806,3.188702,36.079923,0.3696,1,0
2025-03-21,sz.300750,256.0,22.214527,4.565136,3.113895,35.233494,0.4979,1,0
2025-03-24,sz.300750,258.16,22.401962,4.603654,3.140169,35.530776,0.4287,1,0
2025-03-25,sz.300750,259.48,22.516506,4.627193,3.156225,35.712449,0.3276,1,0
2025-03-26,sz.300750,256.92,22.29436,4.581542,3.125086,35.360114,0.3307,1,0
2025-03-27,sz.300750,258.88,22.46444,4.616493,3.148926,35.62987,0.3633,1,0
2025-03-28,sz.300750,256.8,22.283947,4.579402,3.123626,35.343598,0.2881,1,0
2025-03-31,sz.300750,252.94,21.948994,4.510568,3.076674,34.812343,0.4987,1,0
2025-04-01,sz.300750,249.06,21.612305,4.441378,3.029479,34.278336,0.4975,1,0
2025-04-02,sz.300750,249.14,21.619247,4.442804,3.030452,34.289346,0.3519,1,0
2025-04-03,sz.300750,243.08,21.093387,4.334739,2.956741,33.455303,0.5966,1,0
2025-04-07,sz.300750,215.22,18.675822,3.837924,2.617861,29.620908,1.8543,1,0
2025-04-08,sz.300750,219.05,19.008172,3.906223,2.664448,30.148034,1.2212,1,0
2025-04-09,sz.300750,211.39,18.343472,3.769625,2.571274,29.093782,1.3735,1,0
2025-04-10,sz.300750,217.98,18.915322,3.887142,2.651433,30.000769,0.9551,1,0
2025-04-11,sz.300750,224.0,19.437711,3.994494,2.724658,30.829307,0.7764,1,0
2025-04-14,sz.300750,224.0,19.437711,3.994494,2.724658,30.829307,0.5303,1,0
2025-04-15,sz.300750,228.15,18.53661,3.840968,2.737824,43.316948,0.6838,1,0
2025-04-16,sz.300750,224.89,18.271744,3.786085,2.698704,42.697999,0.5549,1,0
2025-04-17,sz.300750,226.0,18.361928,3.804772,2.712024,42.908745,0.4033,1,0
2025-04-18,sz.300750,225.46,18.318055,3.795681,2.705544,42.80622,0.295,1,0
2025-04-21,sz.300750,231.36,18.797415,3.895009,2.776344,43.926404,0.5639,1,0
2025-04-22,sz.300750,230.69,18.742979,3.88373,2.768304,43.799197,0.434,1,0
2025-04-23,sz.300750,233.35,18.959097,3.928511,2.800225,44.304229,0.4919,1,0
2025-04-24,sz.300750,236.87,19.245088,3.987772,2.842465,44.972542,0.4652,1,0
2025-04-25,sz.300750,236.6,19.223152,3.983226,2.839225,44.921279,0.327,1,0
2025-04-28,sz.300750,234.85,19.080968,3.953764,2.818225,44.589021,0.3667,1,0
2025-04-29,sz.300750,232.03,18.851851,3.906289,2.784384,44.053611,0.429,1,0
2025-04-30,sz.300750,231.5,18.808789,3.897366,2.778024,43.952984,0.4006,1,0
2025-05-06,sz.300750,231.63,18.819352,3.899555,2.779584,43.977667,0.5045,1,0
2025-05-07,sz.300750,238.61,19.386459,4.017065,2.863345,45.302901,0.8016,1,0
2025-05-08,sz.300750,244.57,19.870694,4.117403,2.934866,46.434477,0.8017,1,0
2025-05-09,sz.300750,248.27,20.171309,4.179694,2.979266,47.136965,0.6071,1,0
2025-05-12,sz.300750,257.0,20.8806,4.326666,3.084027,48.794458,0.7747,1,0
2025-05-13,sz.300750,258.77,21.024408,4.356464,3.105267,49.130513,0.5248,1,0
2025-05-14,sz.300750,262.6,21.335586,4.420943,3.151228,49.857683,0.5931,1,0
2025-05-15,sz.300750,260.18,21.138967,4.380202,3.122187,49.398218,0.3616,1,0
2025-05-16,sz.300750,259.36,21.072344,4.366397,3.112347,49.242532,0.4843,1,0
2025-05-19,sz.300750,260.0,21.124342,4.377172,3.120027,49.364043,0.4349,1,0
2025-05-20,sz.300750,263.0,22.025999,4.564004,3.2532,51.471063,0.8877,1,0
2025-05-21,sz.300750,274.08,22.953938,4.756282,3.390255,53.639501,1.4484,1,0
2025-05-22,sz.300750,270.37,22.643229,4.6919,3.344364,52.913427,0.7074,1,0
2025-05-23,sz.300750,266.99,22.460341,4.654004,3.317352,52.486048,0.5894,1,0
2025-05-26,sz.300750,255.9,21.527403,4.46069,3.179559,50.305928,0.8459,1,0
2025-05-27,sz.300750,253.99,21.366726,4.427396,3.155827,49.930452,0.4527,1,0
2025-05-28,sz.300750,253.6,21.333917,4.420597,3.150981,49.853784,0.3961,1,0
2025-05-29,sz.300750,251.85,21.1867,4.390093,3.129237,49.509762,0.5583,1,0
2025-05-30,sz.300750,250.0,21.03107,4.357844,3.106251,49.146081,0.5236,1,0
2025-06-03,sz.300750,251.15,21.127813,4.377891,3.12054,49.372153,0.4059,1,0
2025-06-04,sz.300750,251.05,21.1194,4.376147,3.119297,49.352494,0.3341,1,0
2025-06-05,sz.300750,251.5,21.157256,4.383992,3.124889,49.440957,0.3466,1,0
2025-06-06,sz.300750,248.88,20.936851,4.338321,3.092335,48.925906,0.4241,1,0
2025-06-09,sz.300750,245.58,20.65924,4.280798,3.051333,48.277178,0.4753,1,0
2025-06-10,sz.300750,243.14,20.453977,4.238265,3.021016,47.797512,0.357,1,0
2025-06-11,sz.300750,250.5,21.073132,4.36656,3.112464,49.244373,0.7173,1,0
2025-06-12,sz.300750,249.81,21.015086,4.354533,3.10389,49.10873,0.4502,1,0
2025-06-13,sz.300750,248.2,20.879646,4.326468,3.083886,48.792229,0.4459,1,0
2025-06-16,sz.300750,246.66,20.750095,4.299624,3.064752,48.489489,0.3131,1,0
2025-06-17,sz.300750,246.26,20.716445,4.292651,3.059782,48.410855,0.2502,1,0
2025-06-18,sz.300750,245.57,20.658399,4.280623,3.051208,48.275212,0.268,1,0
2025-06-19,sz.300750,242.1,20.366488,4.220137,3.008094,47.593065,0.3792,1,0
2025-06-20,sz.300750,240.26,20.2117,4.188063,2.985232,47.23135,0.3508,1,0
2025-06-23,sz.300750,239.61,20.157019,4.176733,2.977155,47.103571,0.3257,1,0
2025-06-24,sz.300750,245.92,20.687843,4.286725,3.055557,48.344018,0.6022,1,0
2025-06-25,sz.300750,254.9,21.443279,4.443258,3.167134,50.109345,0.8081,1,0
2025-06-26,sz.300750,252.79,21.265777,4.406478,3.140917,49.694552,0.5103,1,0
2025-06-27,sz.300750,250.99,21.114353,4.375102,3.118552,49.3407,0.6052,1,0
2025-06-30,sz.300750,252.22,21.217826,4.396542,3.133835,49.582499,0.4516,1,0
2025-07-01,sz.300750,251.5,21.157257,4.383992,3.124889,49.440958,0.2443,1,0
2025-07-02,sz.300750,250.45,21.068926,4.365689,3.111842,49.234545,0.2965,1,0
2025-07-03,sz.300750,262.59,22.090195,4.577306,3.262682,51.621078,0.8662,1,0
2025-07-04,sz.300750,265.8,22.360234,4.63326,3.302566,52.252114,0.6971,1,0
2025-07-07,sz.300750,260.89,21.947184,4.547672,3.241559,51.286885,0.4476,1,0
2025-07-08,sz.300750,263.31,22.150764,4.589856,3.271628,51.762619,0.3995,1,0
2025-07-09,sz.300750,270.8,22.780855,4.720417,3.364691,53.235036,0.7531,1,0
2025-07-10,sz.300750,272.0,22.881804,4.741335,3.379601,53.470937,0.6211,1,0
2025-07-11,sz.300750,271.5,22.839742,4.732619,3.373389,53.372645,0.5465,1,0
2025-07-14,sz.300750,268.5,22.587369,4.680325,3.336114,52.782892,0.3838,1,0
2025-07-15,sz.300750,267.75,22.524276,4.667252,3.326795,52.635454,0.4344,1,0
2025-07-16,sz.300750,264.4,22.24246,4.608856,3.285171,51.976896,0.4004,1,0
2025-07-17,sz.300750,265.5,22.334997,4.628031,3.298839,52.193139,0.3718,1,0
2025-07-18,sz.300750,271.2,22.814505,4.72739,3.369661,53.313669,0.5685,1,0
2025-07-21,sz.300750,279.66,23.526196,4.874859,3.474777,54.976773,0.8324,1,0
2025-07-22,sz.300750,286.66,24.115066,4.996879,3.561752,56.352863,0.8535,1,0
2025-07-23,sz.300750,287.02,24.145351,5.003154,3.566225,56.423634,0.513,1,0
2025-07-24,sz.300750,285.2,23.992245,4.971429,3.543611,56.06585,0.5737,1,0
2025-07-25,sz.300750,282.8,23.790347,4.929594,3.513791,55.594048,0.3442,1,0
2025-07-28,sz.300750,286.3,24.084782,4.990604,3.557279,56.282093,0.6124,1,0
2025-07-29,sz.300750,291.82,24.549148,5.086825,3.625865,57.367238,0.5995,1,0
2025-07-30,sz.300750,277.09,23.309997,4.830061,3.442845,54.471551,1.0658,1,0
2025-07-31,sz.300750,264.62,20.671432,4.090846,3.224757,12.474074,1.0515,1,0
2025-08-01,sz.300750,263.07,20.55035,4.066884,3.205868,12.401007,0.5938,1,0
2025-08-04,sz.300750,266.48,20.81673,4.1196,3.247424,12.561753,0.559,1,0
2025-08-05,sz.300750,265.7,20.755799,4.107542,3.237918,12.524984,0.5168,1,0
2025-08-06,sz.300750,265.0,20.701117,4.096721,3.229388,12.491987,0.3604,1,0
2025-08-07,sz.300750,263.05,20.548788,4.066575,3.205624,12.400064,0.3892,1,0
2025-08-08,sz.300750,263.48,20.582378,4.073222,3.210865,12.420334,0.4099,1,0
2025-08-11,sz.300750,263.66,20.596439,4.076005,3.213058,12.42882,0.5017,1,0
2025-08-12,sz.300750,263.25,20.564411,4.069667,3.208062,12.409492,0.523,1,0
2025-08-13,sz.300750,273.6,21.372926,4.229671,3.334191,12.897387,0.9282,1,0
2025-08-14,sz.300750,279.89,21.864285,4.32691,3.410843,13.193895,0.8742,1,0
2025-08-15,sz.300750,280.67,21.925217,4.338968,3.420348,13.230664,0.567,1,0
2025-08-18,sz.300750,283.0,22.10723,4.374989,3.448742,13.340499,0.6709,1,0
2025-08-19,sz.300750,277.8,21.70102,4.2946,3.385373,13.095373,0.5745,1,0
2025-08-20,sz.300750,279.2,21.810384,4.316243,3.402434,13.161369,0.5492,1,0
2025-08-21,sz.300750,279.0,21.794761,4.313151,3.399997,13.151941,0.4297,1,0
2025-08-22,sz.300750,287.18,22.433761,4.439608,3.499681,13.537542,0.6214,1,0
2025-08-25,sz.300750,290.28,22.675925,4.487532,3.537459,13.683675,0.7344,1,0
2025-08-26,sz.300750,289.5,22.614993,4.475474,3.527954,13.646906,0.5415,1,0
2025-08-27,sz.300750,278.3,21.740092,4.302332,3.391469,13.118951,0.8997,1,0
2025-08-28,sz.300750,277.41,21.670574,4.288575,3.380624,13.077001,0.7165,1,0
2025-08-29,sz.300750,306.18,23.918015,4.73334,3.731226,14.433208,1.8347,1,0
2025-09-01,sz.300750,304.0,23.747718,4.699639,3.70466,14.330443,1.0112,1,0
2025-09-02,sz.300750,302.87,23.659446,4.68217,3.690889,14.277176,0.8729,1,0
2025-09-03,sz.300750,309.0,24.138306,4.776935,3.765592,14.566142,1.197,1,0
2025-09-04,sz.300750,304.03,23.751821,4.700451,3.7053,14.332919,1.5463,1,0
2025-09-05,sz.300750,325.11,25.399263,5.026477,3.962302,15.32706,1.6653,1,0
2025-09-08,sz.300750,325.37,25.419576,5.030497,3.965471,15.339317,1.3835,1,0
2025-09-09,sz.300750,320.0,25.000044,4.947472,3.900023,15.086153,1.0206,1,0
2025-09-10,sz.300750,316.04,24.690668,4.886247,3.85176,14.899462,0.8642,1,0
2025-09-11,sz.300750,322.55,25.199804,4.987004,3.931186,15.206697,0.8944,1,0
2025-09-12,sz.300750,325.0,25.391215,5.024884,3.961046,15.322203,0.7965,1,0
2025-09-15,sz.300750,354.7,27.711581,5.484081,4.323025,16.722417,1.6893,1,0
2025-09-16,sz.300750,353.42,27.621572,5.466269,4.308983,16.668101,0.8872,1,0
2025-09-17,sz.300750,377.1,29.473212,5.832706,4.59784,17.785464,1.2781,1,0
2025-09-18,sz.300750,366.89,28.675223,5.674785,4.473354,17.303922,1.2197,1,0
2025-09-19,sz.300750,368.49,28.800276,5.699532,4.492862,17.379384,0.7972,1,0
2025-09-22,sz.300750,370.05,28.922201,5.723661,4.511882,17.45296,0.6705,1,0
2025-09-23,sz.300750,368.15,28.773702,5.694274,4.488716,17.363348,0.8191,1,0
2025-09-24,sz.300750,379.93,29.694398,5.876478,4.632346,17.918938,0.9006,1,0
2025-09-25,sz.300750,392.85,30.704193,6.076315,4.789874,18.528294,1.0963,1,0
2025-09-26,sz.300750,380.4,29.731132,5.883748,4.638076,17.941105,0.8524,1,0
2025-09-29,sz.300750,397.37,31.057466,6.146227,4.844985,18.741474,0.9159,1,0
2025-09-30,sz.300750,402.0,31.419335,6.21784,4.901437,18.959843,0.7764,1,0
2025-10-09,sz.300750,409.89,32.035998,6.339877,4.997637,19.331965,0.9686,1,0
2025-10-10,sz.300750,381.95,29.86014,5.909278,4.658201,18.018954,1.2527,1,0
2025-10-13,sz.300750,374.5,29.277712,5.794016,4.567342,17.667491,1.108,1,0
2025-10-14,sz.300750,358.0,27.987773,5.538739,4.366111,16.889083,1.1665,1,0
2025-10-15,sz.300750,369.3,28.871186,5.713565,4.503924,17.422175,0.8693,1,0
2025-10-16,sz.300750,368.5,28.808644,5.701188,4.494167,17.384434,0.6492,1,0
2025-10-17,sz.300750,358.14,27.998718,5.540905,4.367818,16.895688,0.7497,1,0
2025-10-20,sz.300750,366.5,28.652287,5.670246,4.469776,17.290081,0.6681,1,0
2025-10-21,sz.300750,375.9,26.893042,5.458036,4.443005,27.561872,1.0488,1,0
2025-10-22,sz.300750,372.86,26.675551,5.413896,4.407074,27.338972,0.5157,1,0
2025-10-23,sz.300750,376.45,26.932391,5.466022,4.449506,27.602199,0.5639,1,0
2025-10-24,sz.300750,385.77,27.599172,5.601348,4.559665,28.285564,0.7529,1,0
2025-10-27,sz.300750,386.18,27.628505,5.607301,4.564511,28.315626,0.9505,1,0
2025-10-28,sz.300750,386.48,27.649968,5.611657,4.568057,28.337623,0.6746,1,0
2025-10-29,sz.300750,400.0,28.61723,5.807966,4.727859,29.328941,0.8101,1,0
2025-10-30,sz.300750,398.29,28.494891,5.783137,4.707647,29.20356,0.8061,1,0
2025-10-31,sz.300750,388.77,27.813801,5.644907,4.595124,28.505531,0.8001,1,0
2025-11-03,sz.300750,386.86,27.677154,5.617174,4.572549,28.365485,0.6196,1,0
2025-11-04,sz.300750,378.95,27.111248,5.502322,4.479055,27.785505,0.5625,1,0
2025-11-05,sz.300750,388.7,27.808793,5.643891,4.594297,28.500398,0.7318,1,0
2025-11-06,sz.300750,394.68,28.238036,5.731007,4.665212,28.940316,0.5509,1,0
2025-11-07,sz.300750,395.37,28.287403,5.741027,4.673368,28.990911,0.389,1,0
2025-11-10,sz.300750,384.51,27.510406,5.583332,4.545,28.194591,0.5615,1,0
2025-11-11,sz.300750,385.6,27.588392,5.59916,4.557884,28.274516,0.4536,1,0
2025-11-12,sz.300750,386.38,27.644199,5.610486,4.567104,28.33171,0.5005,1,0
2025-11-13,sz.300750,415.6,29.734792,6.034779,4.912491,30.474297,1.3221,1,0
2025-11-14,sz.300750,404.12,28.913436,5.868082,4.776795,29.632514,0.568,1,0
2025-11-17,sz.300750,390.78,27.959004,5.674377,4.619113,28.654345,1.1205,1,0
2025-11-18,sz.300750,385.0,27.545464,5.590448,4.550792,28.23052,0.9297,1,0
2025-11-19,sz.300750,391.1,27.983071,5.679261,4.623089,28.67901,0.6876,1,0
2025-11-20,sz.300750,379.39,27.147011,5.50958,4.484964,27.822157,0.7912,1,0
2025-11-21,sz.300750,370.0,26.475116,5.373217,4.37396,27.133552,0.7432,1,0
2025-11-24,sz.300750,370.55,26.51447,5.381204,4.380461,27.173886,0.5367,1,0
2025-11-25,sz.300750,372.36,26.643984,5.407489,4.401858,27.30662,0.4848,1,0
2025-11-26,sz.300750,372.82,26.676899,5.414169,4.407296,27.340354,0.4443,1,0
2025-11-27,sz.300750,371.2,26.560981,5.390643,4.388145,27.221553,0.5216,1,0
2025-11-28,sz.300750,373.2,26.70409,5.419688,4.411788,27.36822,0.4779,1,0
2025-12-01,sz.300750,382.97,27.403176,5.56157,4.527285,28.084693,0.6285,1,0
2025-12-02,sz.300750,380.08,27.196384,5.5196,4.49312,27.872758,0.3841,1,0
2025-12-03,sz.300750,376.08,26.910166,5.461512,4.445834,27.579422,0.3287,1,0
2025-12-04,sz.300750,383.35,27.430366,5.567088,4.531777,28.11256,0.4503,1,0
2025-12-05,sz.300750,389.09,27.841295,5.650487,4.599666,28.533708,0.5472,1,0
2025-12-08,sz.300750,392.5,28.0853,5.700009,4.639978,28.783781,0.5089,1,0
2025-12-09,sz.300750,387.59,27.733965,5.628704,4.581934,28.423709,0.4391,1,0
2025-12-10,sz.300750,382.38,27.361164,5.553043,4.520344,28.041636,0.4566,1,0
2025-12-11,sz.300750,388.99,27.834142,5.649036,4.598485,28.526377,0.6629,1,0
2025-12-12,sz.300750,391.8,28.035211,5.689843,4.631703,28.732447,0.5639,1,0
2025-12-15,sz.300750,385.5,27.584415,5.598353,4.557227,28.27044,0.4294,1,0
2025-12-16,sz.300750,378.41,27.077091,5.49539,4.473412,27.750498,0.4492,1,0
2025-12-17,sz.300750,383.42,27.435581,5.568146,4.532638,28.117904,0.5229,1,0
2025-12-18,sz.300750,372.0,26.618424,5.402302,4.397636,27.280424,0.6963,1,0
2025-12-19,sz.300750,374.0,26.761534,5.431346,4.421279,27.427093,0.4126,1,0
2025-12-22,sz.300750,371.84,26.606975,5.399978,4.395744,27.268691,0.5989,1,0
2025-12-23,sz.300750,378.1,27.054909,5.490888,4.469747,27.727765,0.5546,1,0
2025-12-24,sz.300750,375.6,26.876022,5.454582,4.440193,27.544429,0.4955,1,0
2025-12-25,sz.300750,373.01,26.690694,5.416969,4.409575,27.354492,0.4779,1,0
2025-12-26,sz.300750,374.43,26.792325,5.437595,4.426366,27.458651,0.6044,1,0
2025-12-29,sz.300750,369.31,26.425964,5.363241,4.365839,27.083178,0.5668,1,0
2025-12-30,sz.300750,369.2,26.418093,5.361644,4.364539,27.075111,0.4471,1,0
2025-12-31,sz.300750,367.26,26.279276,5.33347,4.341605,26.932842,0.3765,1,0
2026-01-05,sz.300750,377.5,27.011999,5.482179,4.462658,27.683788,0.7915,1,0
2026-01-06,sz.300750,373.99,26.760841,5.431206,4.421164,27.426383,0.8023,1,0
2026-01-07,sz.300750,371.01,26.547607,5.387929,4.385936,27.207847,0.6162,1,0
2026-01-08,sz.300750,369.21,26.419915,5.362013,4.36484,27.076979,0.6334,1,0
2026-01-09,sz.300750,369.23,26.421347,5.362304,4.365076,27.078446,0.7395,1,0
2026-01-12,sz.300750,361.68,25.881084,5.252656,4.275819,26.524747,1.1472,1,0
2026-01-13,sz.300750,359.0,25.689309,5.213734,4.244136,26.328202,0.6971,1,0
2026-01-14,sz.300750,353.98,25.330088,5.140829,4.184789,25.960047,0.8947,1,0
2026-01-15,sz.300750,353.75,25.313629,5.137489,4.18207,25.943179,0.7605,1,0
2026-01-16,sz.300750,352.32,25.211301,5.116721,4.165165,25.838307,0.7514,1,0
2026-01-19,sz.300750,348.9,24.966573,5.067053,4.124733,25.587492,0.7956,1,0
2026-01-20,sz.300750,349.6,25.016664,5.077219,4.133008,25.638828,0.8326,1,0
2026-01-21,sz.300750,349.81,25.031691,5.080269,4.135491,25.654229,0.9255,1,0
2026-01-22,sz.300750,345.8,24.744743,5.022032,4.088084,25.360145,1.0806,1,0
2026-01-23,sz.300750,347.0,24.830613,5.039459,4.102271,25.448151,0.7982,1,0
2026-01-26,sz.300750,342.05,24.476401,4.967571,4.043751,25.085129,0.7821,1,0
2026-01-27,sz.300750,339.4,24.286773,4.929085,4.012423,24.890785,0.7587,1,0
2026-01-28,sz.300750,339.99,24.328992,4.937653,4.019398,24.934054,1.0879,1,0
2026-01-29,sz.300750,341.89,24.464952,4.965247,4.04186,25.073395,0.7951,1,0
2026-01-30,sz.300750,350.0,25.045287,5.083028,4.137737,25.668163,1.1429,1,0
2026-02-02,sz.300750,348.98,24.972298,5.068214,4.125679,25.593359,0.9207,1,0
2026-02-03,sz.300750,347.91,24.895731,5.052675,4.113029,25.514888,0.6229,1,0
2026-02-04,sz.300750,365.03,26.120803,5.301308,4.315423,26.770428,1.1402,1,0
2026-02-05,sz.300750,362.94,25.971247,5.270955,4.290715,26.617152,0.6678,1,0
2026-02-06,sz.300750,369.11,26.413027,5.360615,4.363702,27.069919,0.925,1,0
2026-02-09,sz.300750,368.82,26.392275,5.356404,4.360273,27.048651,0.6448,1,0
2026-02-10,sz.300750,364.97,26.116827,5.300501,4.314767,26.766353,0.4361,1,0
2026-02-11,sz.300750,368.0,26.33365,5.344506,4.350588,26.988568,0.4617,1,0
2026-02-12,sz.300750,375.87,26.896818,5.458803,4.443629,27.565742,0.652,1,0
2026-02-13,sz.300750,365.34,26.143304,5.305874,4.319141,26.793488,0.5242,1,0
2026-02-24,sz.300750,361.95,25.900719,5.256641,4.279063,26.54487,0.5332,1,0
2026-02-25,sz.300750,362.18,25.917178,5.259981,4.281783,26.561738,0.4397,1,0
2026-02-26,sz.300750,346.0,24.759356,5.024997,4.090498,25.375121,1.0229,1,0
2026-02-27,sz.300750,342.01,24.473836,4.96705,4.043328,25.082501,0.5978,1,0
2026-03-02,sz.300750,340.22,24.345746,4.941054,4.022166,24.951225,0.6661,1,0
2026-03-03,sz.300750,344.07,24.621247,4.996968,4.067682,25.233578,0.9399,1,0
2026-03-04,sz.300750,338.9,24.251288,4.921883,4.006561,24.854418,0.5892,1,0
2026-03-05,sz.300750,350.25,25.063481,5.08672,4.140743,25.68681,0.7284,1,0
2026-03-06,sz.300750,354.77,25.386983,5.152376,4.194189,26.018357,0.4925,1,0
2026-03-09,sz.300750,357.5,25.582339,5.192024,4.226464,26.218572,0.747,1,0
2026-03-10,sz.300750,376.3,23.786058,5.094466,4.053284,57.688392,1.1921,1,0
2026-03-11,sz.300750,396.8,25.08187,5.372001,4.274098,60.831129,1.3531,1,0
2026-03-12,sz.300750,395.5,24.999697,5.354401,4.260095,60.631834,0.6848,1,0
2026-03-13,sz.300750,397.0,25.094513,5.374709,4.276252,60.86179,0.8359,1,0
2026-03-16,sz.300750,408.4,25.815111,5.529046,4.399047,62.609459,0.8775,1,0
2026-03-17,sz.300750,405.0,25.600195,5.483015,4.362424,62.088224,0.8453,1,0
2026-03-18,sz.300750,402.02,25.411829,5.442671,4.330325,61.631377,0.6233,1,0
2026-03-19,sz.300750,400.5,25.315749,5.422093,4.313952,61.398355,0.688,1,0
2026-03-20,sz.300750,413.0,26.105878,5.591322,4.448595,63.314658,1.2623,1,0
2026-03-23,sz.300750,401.99,25.409932,5.442265,4.330002,61.626778,1.0481,1,0
2026-03-24,sz.300750,396.99,25.09388,5.374573,4.276145,60.860257,0.8554,1,0
2026-03-25,sz.300750,397.81,25.145713,5.385675,4.284977,60.985966,0.6285,1,0
2026-03-26,sz.300750,402.5,25.442169,5.449169,4.335495,61.704963,0.6288,1,0
2026-03-27,sz.300750,416.18,26.306887,5.634374,4.482848,63.802166,0.7108,1,0
2026-03-30,sz.300750,413.0,26.105878,5.591322,4.448595,63.314658,0.5955,1,0
2026-03-31,sz.300750,401.7,25.391601,5.438339,4.326878,61.58232,0.5856,1,0
2026-04-01,sz.300750,405.71,25.645075,5.492627,4.370071,62.19707,0.5443,1,0
2026-04-02,sz.300750,401.17,25.3581,5.431164,4.321169,61.501069,0.524,1,0
2026-04-03,sz.300750,386.46,24.428275,5.232015,4.162722,59.245963,0.5815,1,0
2026-04-07,sz.300750,384.59,24.311077,5.206914,4.14275,58.961722,0.4054,1,0
2026-04-08,sz.300750,391.3,24.735236,5.297759,4.21503,59.990436,0.8555,1,0
2026-04-09,sz.300750,389.99,24.652427,5.280024,4.200918,59.789599,0.6097,1,0
2026-04-10,sz.300750,416.0,26.296629,5.632176,4.4811,63.777286,1.1931,1,0
2026-04-13,sz.300750,427.13,27.00019,5.782864,4.600991,65.483635,0.9688,1,0
2026-04-14,sz.300750,430.79,27.23155,5.832417,4.640416,66.044752,1.0388,1,0
2026-04-15,sz.300750,431.0,27.244824,5.83526,4.642678,66.076947,0.8775,1,0
2026-04-16,sz.300750,453.98,26.235688,5.799659,4.426139,54.449652,1.4919,1,0
2026-04-17,sz.300750,444.2,25.670498,5.674718,4.330788,53.276654,0.8583,1,0
2026-04-20,sz.300750,432.5,24.99435,5.525249,4.216717,51.873375,1.2434,1,0
2026-04-21,sz.300750,447.6,25.866985,5.718153,4.363937,53.684445,1.3572,1,0
2026-04-22,sz.300750,436.35,25.216843,5.574433,4.254253,52.335138,1.0812,1,0
2026-04-23,sz.300750,438.9,25.364209,5.60701,4.279115,52.640981,0.8323,1,0
2026-04-24,sz.300750,444.9,25.710951,5.68366,4.337613,53.360611,0.9289,1,0
2026-04-27,sz.300750,434.88,25.131891,5.555654,4.239921,52.158828,0.7767,1,0
2026-04-28,sz.300750,427.67,24.715223,5.463545,4.169627,51.294072,0.8225,1,0
2026-04-29,sz.300750,445.0,25.71673,5.684938,4.338588,53.372605,0.8841,1,0
2026-04-30,sz.300750,436.0,25.196617,5.569962,4.250841,52.293159,0.7003,1,0
2026-05-06,sz.300750,460.0,26.947111,5.956926,4.546161,55.926141,1.1129,1,0
2026-05-07,sz.300750,451.64,26.457376,5.848665,4.46354,54.909744,0.9073,1,0
2026-05-08,sz.300750,437.0,25.599755,5.659079,4.318853,53.129834,0.8599,1,0
2026-05-11,sz.300750,446.11,26.133425,5.777052,4.408887,54.237415,0.8032,1,0
2026-05-12,sz.300750,431.25,25.262916,5.584618,4.262026,52.430757,0.8023,1,0
2026-05-13,sz.300750,434.05,25.426942,5.620877,4.289699,52.771177,0.7443,1,0
2026-05-14,sz.300750,427.0,25.013948,5.529581,4.220024,51.914048,0.8153,1,0
2026-05-15,sz.300750,423.6,24.814774,5.485552,4.186422,51.500681,0.6978,1,0
2026-05-18,sz.300750,417.23,24.441615,5.403061,4.123467,50.726226,0.6695,1,0
2026-05-19,sz.300750,417.92,24.482036,5.411997,4.130286,50.810115,0.6128,1,0
2026-05-20,sz.300750,414.75,24.296335,5.370946,4.098957,50.424711,0.6606,1,0
2026-05-21,sz.300750,411.63,24.113563,5.330542,4.068123,50.045386,0.7956,1,0
2026-05-22,sz.300750,411.16,24.08603,5.324456,4.063478,49.988244,0.6528,1,0
2026-05-25,sz.300750,402.88,23.600982,5.217231,3.981647,48.981573,0.8973,1,0
2026-05-26,sz.300750,402.5,23.578722,5.21231,3.977891,48.935373,0.8237,1,0
2026-05-27,sz.300750,414.8,24.299264,5.371593,4.099452,50.43079,1.2538,1,0
2026-05-28,sz.300750,415.68,24.350815,5.382989,4.108149,50.537779,0.77,1,0
2026-05-29,sz.300750,424.0,24.838206,5.490732,4.190375,51.549313,1.1702,1,0
2026-06-01,sz.300750,420.1,24.609742,5.440227,4.151831,51.075156,0.9068,1,0
2026-06-02,sz.300750,433.89,25.417569,5.618805,4.288117,52.751725,0.9114,1,0
2026-06-03,sz.300750,426.42,24.979971,5.52207,4.214292,51.843533,0.9057,1,0
2026-06-04,sz.300750,408.2,23.913326,5.286278,4.034341,49.629812,1.0128,1,0
2026-06-05,sz.300750,403.0,23.608698,5.218936,3.982948,48.997586,0.6751,1,0
2026-06-08,sz.300750,393.02,23.024046,5.089693,3.884313,47.784196,0.6731,1,0
2026-06-09,sz.300750,399.5,23.403659,5.173611,3.948357,48.572048,0.6515,1,0
2026-06-10,sz.300750,388.5,22.759253,5.031158,3.839641,47.234645,0.574,1,0
2026-06-11,sz.300750,382.2,22.390184,4.949572,3.777377,46.468678,0.6311,1,0
2026-06-12,sz.300750,394.85,23.131251,5.113392,3.9024,48.006691,0.973,1,0
2026-06-15,sz.300750,398.1,23.321644,5.15548,3.93452,48.401833,0.8004,1,0
2026-06-16,sz.300750,403.53,23.639746,5.2258,3.988186,49.062024,0.8184,1,0
2026-06-17,sz.300750,399.0,23.374368,5.167136,3.943415,48.511257,0.5875,1,0
2026-06-18,sz.300750,391.55,22.937929,5.070657,3.869785,47.605471,0.9055,1,0
2026-06-22,sz.300750,408.98,23.95902,5.296379,4.04205,49.724647,1.3969,1,0
2026-06-23,sz.300750,392.51,22.994168,5.083089,3.879273,47.722189,0.8779,1,0
2026-06-24,sz.300750,395.36,23.161128,5.119997,3.90744,48.068698,0.8087,1,0
2026-06-25,sz.300750,401.9,23.544257,5.204691,3.972077,48.863845,0.7612,1,0
2026-06-26,sz.300750,381.0,22.319885,4.934032,3.765517,46.322779,1.0929,1,0
2026-06-29,sz.300750,392.36,22.985381,5.081146,3.877791,47.703952,0.999,1,0
2026-06-30,sz.300750,393.01,23.02346,5.089564,3.884215,47.78298,0.6351,1,0
2026-07-01,sz.300750,383.84,22.486259,4.97081,3.793585,46.668073,1.0357,1,0
2026-07-02,sz.300750,382.35,22.398972,4.951515,3.778859,46.486915,0.8005,1,0
2026-07-03,sz.300750,380.0,22.261303,4.921082,3.755634,46.201197,0.6081,1,0
2026-07-06,sz.300750,374.51,21.939686,4.849985,3.701375,45.533712,0.5085,1,0
2026-07-07,sz.300750,372.49,21.821461,4.82385,3.681429,45.288348,0.4897,1,0
2026-07-08,sz.300750,361.0,21.148346,4.675051,3.56787,43.891362,0.6355,1,0
2026-07-09,sz.300750,375.5,21.997795,4.86283,3.711178,45.654312,0.8878,1,0
2026-07-10,sz.300750,348.76,20.431294,4.51654,3.446899,42.40319,1.3061,1,0
2026-07-13,sz.300750,359.06,21.034696,4.649928,3.548697,43.655492,1.0874,1,0
2026-07-14,sz.300750,364.01,21.32468,4.714032,3.597619,44.257326,1.0249,1,0
2026-07-15,sz.300750,373.0,21.851338,4.830455,3.68647,45.350355,0.8421,1,0
2026-07-16,sz.300750,366.2,21.452976,4.742393,3.619263,44.523592,0.5917,1,0
2026-07-17,sz.300750,360.0,21.089763,4.662101,3.557987,43.769779,1.2038,1,0
2026-07-20,sz.300750,376.43,22.052277,4.874874,3.720369,45.767384,1.0522,1,0
2026-07-21,sz.300750,382.2,22.390299,4.949597,3.777396,46.468916,1.0344,1,0
2026-07-22,sz.300750,372.26,21.807987,4.820872,3.679156,45.260384,0.7328,1,0
2026-07-23,sz.300750,385.99,22.612327,4.998679,3.814854,46.929714,0.8443,1,0
2026-07-24,sz.300750,383.01,22.437751,4.960087,3.785402,46.567398,0.5979,1,0
2026-07-27,sz.300750,400.0,21.772457,4.87846,3.547149,110.151999,1.1109,1,0
2026-07-28,sz.300750,390.86,21.274956,4.766987,3.466097,107.635026,0.873,1,0
2026-07-29,sz.300750,396.84,21.600454,4.83992,3.519127,109.281798,0.9492,1,0
2026-07-30,sz.300750,401.88,21.874787,4.901389,3.563821,110.669713,1.0619,1,0
2026-07-31,sz.300750,395.3,21.51663,4.821138,3.50547,108.857713,0.9252,1,0
2026-08-03,sz.300750,394.4,21.467642,4.810162,3.497489,108.609871,0.5052,1,0
2026-08-04,sz.300750,395.1,21.505744,4.818699,3.503697,108.802637,0.6142,1,0
2026-08-05,sz.300750,405.2,22.055499,4.94188,3.593262,111.583975,0.7045,1,0
2026-08-06,sz.300750,388.0,21.119283,4.732106,3.440735,106.847439,1.0638,1,0
2026-08-07,sz.300750,388.07,21.123093,4.73296,3.441356,106.866715,0.599,1,0
2026-08-10,sz.300750,393.87,21.438794,4.803698,3.492789,108.463919,0.5437,1,0
2026-08-11,sz.300750,390.4,21.249918,4.761377,3.462018,107.508351,0.3826,1,0
2026-08-12,sz.300750,393.93,21.44206,4.80443,3.493321,108.480442,0.475,1,0
2026-08-13,sz.300750,396.3,21.571061,4.833334,3.514338,109.133093,0.5734,1,0
2026-08-14,sz.300750,393.93,21.44206,4.80443,3.493321,108.480442,0.3739,1,0
2026-08-17,sz.300750,399.98,21.771368,4.878216,3.546972,110.146491,0.4789,1,0
2026-08-18,sz.300750,396.26,21.568884,4.832847,3.513984,109.122078,0.3975,1,0
2026-08-19,sz.300750,389.0,21.173714,4.744303,3.449603,107.122819,0.4966,1,0
2026-08-20,sz.300750,385.0,20.955989,4.695518,3.414131,106.021299,0.4204,1,0
2026-08-21,sz.300750,391.15,21.290741,4.770524,3.468669,107.714886,0.48,1,0
2026-08-24,sz.300750,387.89,21.113295,4.730765,3.43976,106.817147,0.328,1,0
2026-08-25,sz.300750,376.73,20.505844,4.594656,3.340794,103.743906,0.6118,1,0
2026-08-26,sz.300750,379.0,20.629403,4.622341,3.360924,104.369019,0.4863,1,0
2026-08-27,sz.300750,373.0,20.302816,4.549164,3.307717,102.716739,0.5487,1,0
2026-08-28,sz.300750,368.5,20.057876,4.494281,3.267811,101.477529,0.6192,1,0
2026-08-31,sz.300750,363.55,19.788441,4.43391,3.223915,100.114398,0.616,1,0
2026-09-01,sz.300750,358.1,19.491792,4.367441,3.175586,98.613577,0.465,1,0
2026-09-02,sz.300750,348.29,18.957822,4.247797,3.088592,95.912099,0.6527,1,0
2026-09-03,sz.300750,349.5,19.023684,4.262555,3.099322,96.245309,0.617,1,0
2026-09-04,sz.300750,351.0,19.105808,4.280956,3.112701,96.660792,0.5337,1,0
2026-09-07,sz.300750,348.2,18.953397,4.246806,3.087871,95.889708,0.5793,1,0
2026-09-08,sz.300750,335.49,18.261559,4.091789,2.975157,92.389541,1.2195,1,0
2026-09-09,sz.300750,336.84,18.335043,4.108254,2.987129,92.761314,0.916,1,0
