date,code,close,peTTM,pbMRQ,psTTM,pcfNcfTTM,turn,tradestatus,isST
2018-01-02,sh.600276,68.67,64.734665,13.406271,14.999907,-73.819277,0.333506,1,0
2018-01-03,sh.600276,68.83,64.885496,13.437507,15.034857,-73.991275,0.442297,1,0
2018-01-04,sh.600276,70.57,66.52578,13.777203,15.414933,-75.861751,0.569892,1,0
2018-01-05,sh.600276,70.32,66.290107,13.728396,15.360325,-75.593004,0.475491,1,0
2018-01-08,sh.600276,71.26,67.176238,13.91191,15.565653,-76.603491,0.34779,1,0
2018-01-09,sh.600276,74.7,70.419098,14.583493,16.317068,-80.301442,0.774016,1,0
2018-01-10,sh.600276,74.9,70.607637,14.622538,16.360755,-80.516439,0.515907,1,0
2018-01-11,sh.600276,74.27,70.013741,14.499545,16.223141,-79.839198,0.307092,1,0
2018-01-12,sh.600276,74.61,70.334256,14.565922,16.297409,-80.204693,0.256251,1,0
2018-01-15,sh.600276,74.49,70.221133,14.542495,16.271197,-80.075695,0.501152,1,0
2018-01-16,sh.600276,75.1,70.796175,14.661584,16.404442,-80.731436,0.612419,1,0
2018-01-17,sh.600276,73.54,69.325576,14.357029,16.063684,-79.054458,0.409321,1,0
2018-01-18,sh.600276,72.8,69.012068,14.292102,15.99104,-78.696954,0.35423,1,0
2018-01-19,sh.600276,74.36,70.490898,14.598362,16.333705,-80.383317,0.41524,1,0
2018-01-22,sh.600276,76.39,72.415273,14.996892,16.779609,-82.577752,0.453451,1,0
2018-01-23,sh.600276,76.69,72.699663,15.055788,16.845506,-82.902052,0.523054,1,0
2018-01-24,sh.600276,78.07,74.007859,15.326709,17.148633,-84.393835,0.494337,1,0
2018-01-25,sh.600276,76.06,72.102443,14.932106,16.707122,-82.221021,0.549561,1,0
2018-01-26,sh.600276,77.15,73.135728,15.146095,16.946549,-83.399313,0.374259,1,0
2018-01-29,sh.600276,73.24,69.429173,14.378483,16.087689,-79.172595,0.623243,1,0
2018-01-30,sh.600276,74.1,70.244426,14.547319,16.276594,-80.102257,0.30715,1,0
2018-01-31,sh.600276,75.69,71.751695,14.859468,16.625849,-81.82105,0.30591,1,0
2018-02-01,sh.600276,74.23,70.367662,14.57284,16.30515,-80.242787,0.344236,1,0
2018-02-02,sh.600276,74.28,70.41506,14.582656,16.316133,-80.296837,0.282966,1,0
2018-02-05,sh.600276,73.37,69.552409,14.404005,16.116245,-79.313125,0.441329,1,0
2018-02-06,sh.600276,69.01,65.419269,13.548049,15.15854,-74.599956,0.857688,1,0
2018-02-07,sh.600276,67.69,64.167951,13.288907,14.868592,-73.173033,0.545879,1,0
2018-02-08,sh.600276,69.11,65.514066,13.567681,15.180505,-74.708056,0.381476,1,0
2018-02-09,sh.600276,67.56,64.044715,13.263385,14.840037,-73.032503,0.592999,1,0
2018-02-12,sh.600276,70.97,67.277286,13.932837,15.589068,-76.71872,0.444541,1,0
2018-02-13,sh.600276,71.23,67.523758,13.98388,15.646178,-76.999781,0.323155,1,0
2018-02-14,sh.600276,71.93,68.187335,14.121304,15.799938,-77.756482,0.198073,1,0
2018-02-22,sh.600276,72.47,68.699238,14.227317,15.918553,-78.340223,0.517137,1,0
2018-02-23,sh.600276,73.28,69.467092,14.386336,16.096476,-79.215835,0.343002,1,0
2018-02-26,sh.600276,74.76,70.870085,14.67689,16.421568,-80.815718,0.350979,1,0
2018-02-27,sh.600276,73.67,69.8368,14.462901,16.182142,-79.637426,0.228967,1,0
2018-02-28,sh.600276,72.48,68.708718,14.22928,15.92075,-78.351033,0.234181,1,0
2018-03-01,sh.600276,74.19,70.329743,14.564987,16.296364,-80.199547,0.261175,1,0
2018-03-02,sh.600276,73.77,69.931596,14.482533,16.204108,-79.745526,0.183082,1,0
2018-03-05,sh.600276,74.47,70.595174,14.619957,16.357868,-80.502228,0.194705,1,0
2018-03-06,sh.600276,76.19,72.225679,14.957628,16.735678,-82.361551,0.34959,1,0
2018-03-07,sh.600276,75.4,71.476784,14.802535,16.562149,-81.507559,0.211495,1,0
2018-03-08,sh.600276,78.26,74.187973,15.36401,17.190368,-84.599226,0.509974,1,0
2018-03-09,sh.600276,79.39,75.259176,15.585852,17.438581,-85.820758,0.348384,1,0
2018-03-12,sh.600276,79.97,75.808998,15.699718,17.565982,-86.447739,0.313627,1,0
2018-03-13,sh.600276,78.81,74.709355,15.471986,17.31118,-85.193777,0.276862,1,0
2018-03-14,sh.600276,79.91,75.75212,15.687938,17.552802,-86.382879,0.276473,1,0
2018-03-15,sh.600276,82.69,78.387471,16.233708,18.163449,-89.388065,0.44336,1,0
2018-03-16,sh.600276,81.95,77.685974,16.088431,18.000903,-88.588123,0.330567,1,0
2018-03-19,sh.600276,86.35,81.857033,16.95224,18.967394,-93.344533,0.513082,1,0
2018-03-20,sh.600276,87.49,82.937717,17.176045,19.217804,-94.576875,0.531201,1,0
2018-03-21,sh.600276,86.51,82.008708,16.983651,19.00254,-93.517493,0.506387,1,0
2018-03-22,sh.600276,85.89,81.420968,16.861932,18.866352,-92.847272,0.442362,1,0
2018-03-23,sh.600276,84.62,80.217049,16.612606,18.587388,-91.474399,0.562266,1,0
2018-03-26,sh.600276,87.34,82.795522,17.146597,19.184855,-94.414725,0.726175,1,0
2018-03-27,sh.600276,86.71,82.198302,17.022915,19.046471,-93.733693,0.737707,1,0
2018-03-28,sh.600276,83.25,78.918333,16.343647,18.286457,-89.993426,0.827853,1,0
2018-03-29,sh.600276,82.8,78.491747,16.255303,18.187612,-89.506975,0.572423,1,0
2018-03-30,sh.600276,87.01,82.482692,17.081811,19.112368,-94.057994,0.505066,1,0
2018-04-02,sh.600276,84.87,80.454041,16.661686,18.642302,-91.74465,0.391281,1,0
2018-04-03,sh.600276,84.86,80.444561,16.659723,18.640105,-91.733839,0.51038,1,0
2018-04-04,sh.600276,84.11,79.733585,16.512483,18.475362,-90.923088,0.486725,1,0
2018-04-09,sh.600276,82.61,78.311633,16.218003,18.145877,-89.301585,0.45985,1,0
2018-04-10,sh.600276,84.36,79.970577,16.561563,18.530277,-91.193338,0.339088,1,0
2018-04-11,sh.600276,85.06,80.634155,16.698987,18.684037,-91.95004,0.427998,1,0
2018-04-12,sh.600276,85.73,81.269293,16.830521,18.831207,-92.674311,0.369255,1,0
2018-04-13,sh.600276,81.08,76.861242,15.917633,17.809801,-87.647651,0.793194,1,0
2018-04-16,sh.600276,83.29,73.34693,15.35229,17.052441,-362.679025,0.578192,1,0
2018-04-17,sh.600276,80.87,71.215827,14.906228,16.556981,-352.141347,0.591634,1,0
2018-04-18,sh.600276,82.04,72.246154,15.121886,16.796521,-357.236009,0.49163,1,0
2018-04-19,sh.600276,83.03,73.117968,15.304366,16.99921,-361.546878,0.346503,1,0
2018-04-20,sh.600276,84.03,73.998589,15.48869,17.203946,-365.90129,0.48289,1,0
2018-04-23,sh.600276,84.29,74.227551,15.536614,17.257177,-367.033438,0.33134,1,0
2018-04-24,sh.600276,84.75,74.632637,15.621402,17.351355,-369.036468,0.386673,1,0
2018-04-25,sh.600276,87.46,77.01912,16.120919,17.906189,-380.836926,0.599679,1,0
2018-04-26,sh.600276,83.77,73.769628,15.440766,17.150714,-364.769143,0.560367,1,0
2018-04-27,sh.600276,83.48,70.498423,14.422196,16.281971,-152.733967,0.542044,1,0
2018-05-02,sh.600276,81.93,69.189457,14.154415,15.979659,-149.898106,0.48991,1,0
2018-05-03,sh.600276,82.89,70.000172,14.320266,16.166897,-151.65451,0.31389,1,0
2018-05-04,sh.600276,82.44,69.620149,14.242523,16.079129,-150.831196,0.287471,1,0
2018-05-07,sh.600276,84.51,71.368253,14.600141,16.482863,-154.618442,0.33007,1,0
2018-05-08,sh.600276,85.56,72.254973,14.781542,16.687655,-156.539509,0.366017,1,0
2018-05-09,sh.600276,85.86,72.508321,14.83337,16.746167,-157.088385,0.27322,1,0
2018-05-10,sh.600276,91.59,77.347276,15.823298,17.863749,-167.571922,0.897336,1,0
2018-05-11,sh.600276,89.48,75.565392,15.45877,17.452213,-163.711492,0.957559,1,0
2018-05-14,sh.600276,91.14,76.967253,15.745555,17.775981,-166.748607,0.447752,1,0
2018-05-15,sh.600276,92.43,78.056652,15.968419,18.027583,-169.108775,0.466228,1,0
2018-05-16,sh.600276,91.62,77.372611,15.828481,17.8696,-167.626809,0.406804,1,0
2018-05-17,sh.600276,89.93,75.945415,15.536513,17.539982,-164.534807,0.367937,1,0
2018-05-18,sh.600276,92.26,77.913088,15.939049,17.994426,-168.797745,0.364911,1,0
2018-05-21,sh.600276,91.78,77.50773,15.856123,17.900806,-167.919543,0.301757,1,0
2018-05-22,sh.600276,95.14,80.345232,16.436604,18.556142,-174.066958,0.492723,1,0
2018-05-23,sh.600276,94.66,79.939875,16.353679,18.462523,-173.188756,0.409212,1,0
2018-05-24,sh.600276,94.09,79.458513,16.255204,18.35135,-172.145891,0.31462,1,0
2018-05-25,sh.600276,97.37,82.228456,16.821864,18.991082,-178.146938,0.591124,1,0
2018-05-28,sh.600276,101.26,85.51354,17.49391,19.749789,-185.264033,0.616795,1,0
2018-05-29,sh.600276,95.42,80.581691,16.484978,18.610753,-174.579242,0.84931,1,0
2018-05-30,sh.600276,74.52,81.811275,16.73652,18.894732,-177.243121,0.623401,1,0
2018-05-31,sh.600276,76.13,83.578803,17.098111,19.302952,-181.072448,0.59654,1,0
2018-06-01,sh.600276,74.01,81.251375,16.621978,18.76542,-176.030105,0.588447,1,0
2018-06-04,sh.600276,75.74,83.150644,17.010521,19.204066,-180.144847,0.552796,1,0
2018-06-05,sh.600276,80.15,87.992133,18.000967,20.322233,-190.633873,0.820244,1,0
2018-06-06,sh.600276,82.41,90.473258,18.508543,20.895261,-196.009201,0.730645,1,0
2018-06-07,sh.600276,82.01,90.034121,18.418706,20.79384,-195.057815,0.649274,1,0
2018-06-08,sh.600276,81.15,89.089976,18.225558,20.575785,-193.012336,0.740303,1,0
2018-06-11,sh.600276,78.02,85.653727,17.522588,19.782166,-185.567745,1.028047,1,0
2018-06-12,sh.600276,78.66,86.356346,17.666326,19.944439,-187.089962,0.634344,1,0
2018-06-13,sh.600276,77.03,84.566862,17.300243,19.531149,-183.213066,0.509104,1,0
2018-06-14,sh.600276,76.29,83.754458,17.134046,19.34352,-181.453002,0.433661,1,0
2018-06-15,sh.600276,75.95,83.381191,17.057685,19.257312,-180.644325,0.390451,1,0
2018-06-19,sh.600276,74.99,82.327262,16.842078,19.013902,-178.360999,0.716888,1,0
2018-06-20,sh.600276,78.94,86.663742,17.729212,20.015434,-187.755931,0.873362,1,0
2018-06-21,sh.600276,78.19,85.84036,17.560769,19.82527,-185.972084,0.598794,1,0
2018-06-22,sh.600276,78.97,86.696678,17.73595,20.023041,-187.827285,0.550073,1,0
2018-06-25,sh.600276,79.62,87.410276,17.881934,20.18785,-189.373287,0.628168,1,0
2018-06-26,sh.600276,79.75,87.552995,17.911131,20.220812,-189.682487,0.514756,1,0
2018-06-27,sh.600276,76.45,83.930113,17.16998,19.384088,-181.833557,0.590789,1,0
2018-06-28,sh.600276,72.85,79.977877,16.361453,18.471299,-173.271087,0.700265,1,0
2018-06-29,sh.600276,75.76,83.172601,17.015013,19.209137,-180.192417,0.444501,1,0
2018-07-02,sh.600276,75.4,82.777377,16.93416,19.117858,-179.33617,0.46217,1,0
2018-07-03,sh.600276,72.51,79.604611,16.285092,18.385092,-172.462409,1.037585,1,0
2018-07-04,sh.600276,70.07,76.925873,15.73709,17.766424,-166.658958,0.518983,1,0
2018-07-05,sh.600276,67.99,74.642359,15.269941,17.239034,-161.711753,0.684379,1,0
2018-07-06,sh.600276,69.98,76.827067,15.716877,17.743604,-166.444896,0.844618,1,0
2018-07-09,sh.600276,72.29,79.363085,16.235682,18.32931,-171.939147,0.585337,1,0
2018-07-10,sh.600276,72.84,79.966899,16.359207,18.468764,-173.247302,0.428926,1,0
2018-07-11,sh.600276,72.37,79.450913,16.253649,18.349594,-172.129424,0.526553,1,0
2018-07-12,sh.600276,73.7,80.911044,16.552355,18.686819,-175.292781,0.658563,1,0
2018-07-13,sh.600276,74.99,82.327262,16.842078,19.013902,-178.360999,0.647503,1,0
2018-07-16,sh.600276,74.71,82.019866,16.779192,18.942907,-177.69503,0.374605,1,0
2018-07-17,sh.600276,72.75,79.868093,16.338994,18.445944,-173.033241,0.495687,1,0
2018-07-18,sh.600276,74.1,81.350181,16.642192,18.78824,-176.244167,0.638085,1,0
2018-07-19,sh.600276,73.22,80.384079,16.444552,18.565114,-174.151119,0.350748,1,0
2018-07-20,sh.600276,73.76,80.976915,16.565831,18.702032,-175.435489,0.478806,1,0
2018-07-23,sh.600276,70.19,77.057614,15.764041,17.79685,-166.944373,1.07131,1,0
2018-07-24,sh.600276,71.01,77.957846,15.948205,18.004763,-168.894714,0.710653,1,0
2018-07-25,sh.600276,71.89,78.923948,16.145846,18.227889,-170.987762,0.425426,1,0
2018-07-26,sh.600276,70.5,77.397946,15.833664,17.875451,-167.681697,0.394515,1,0
2018-07-27,sh.600276,70.4,77.288161,15.811205,17.850096,-167.443851,0.304674,1,0
2018-07-30,sh.600276,69.05,75.806073,15.508007,17.5078,-164.232925,0.437473,1,0
2018-07-31,sh.600276,68.87,75.608461,15.467581,17.462161,-163.804801,0.360359,1,0
2018-08-01,sh.600276,68.31,74.993669,15.34181,17.320171,-162.472861,0.264804,1,0
2018-08-02,sh.600276,69.4,76.190318,15.586614,17.596543,-165.065387,0.53605,1,0
2018-08-03,sh.600276,66.49,72.995594,14.933054,16.858706,-158.144057,0.494213,1,0
2018-08-06,sh.600276,61.85,67.901602,13.890952,15.682222,-147.107985,1.055453,1,0
2018-08-07,sh.600276,63.44,69.647173,14.248052,16.08537,-150.889743,0.675515,1,0
2018-08-08,sh.600276,62.64,68.768898,14.068379,15.882528,-148.986972,0.340664,1,0
2018-08-09,sh.600276,67.05,73.610387,15.058825,17.000695,-159.475997,0.634975,1,0
2018-08-10,sh.600276,70.03,72.581641,15.10568,16.90828,-217.900547,0.712595,1,0
2018-08-13,sh.600276,70.35,72.9133,15.174705,16.985542,-218.896237,0.406136,1,0
2018-08-14,sh.600276,71.11,73.700992,15.338639,17.169039,-221.261001,0.427866,1,0
2018-08-15,sh.600276,67.53,69.99055,14.566422,16.304672,-210.121718,0.556938,1,0
2018-08-16,sh.600276,67.23,69.679619,14.501711,16.232239,-209.188259,0.480317,1,0
2018-08-17,sh.600276,64.88,67.243993,13.994809,15.664847,-201.87616,0.899936,1,0
2018-08-20,sh.600276,62.9,65.191849,13.567718,15.186789,-195.715328,0.808251,1,0
2018-08-21,sh.600276,67.0,69.441239,14.4521,16.176707,-208.472606,0.674271,1,0
2018-08-22,sh.600276,66.57,68.995571,14.359347,16.072886,-207.134648,0.361396,1,0
2018-08-23,sh.600276,67.56,70.021643,14.572893,16.311915,-210.215064,0.42625,1,0
2018-08-24,sh.600276,67.97,70.446582,14.661332,16.410907,-211.490792,0.504625,1,0
2018-08-27,sh.600276,70.35,72.9133,15.174705,16.985542,-218.896237,0.723999,1,0
2018-08-28,sh.600276,70.53,73.099859,15.213531,17.029002,-219.456312,0.461105,1,0
2018-08-29,sh.600276,69.77,72.312167,15.049597,16.845505,-217.091549,0.296738,1,0
2018-08-30,sh.600276,67.99,70.467311,14.665646,16.415736,-211.553023,0.430241,1,0
2018-08-31,sh.600276,66.15,68.560268,14.268752,15.97148,-205.827805,0.801392,1,0
2018-09-03,sh.600276,65.68,68.073142,14.167372,15.858002,-204.365385,0.352649,1,0
2018-09-04,sh.600276,65.73,68.124964,14.178157,15.870074,-204.520962,0.475117,1,0
2018-09-05,sh.600276,64.79,67.150714,13.975396,15.643117,-201.596122,0.375585,1,0
2018-09-06,sh.600276,63.6,65.917355,13.71871,15.355799,-197.8934,0.362746,1,0
2018-09-07,sh.600276,65.62,68.010956,14.15443,15.843515,-204.178693,0.543703,1,0
2018-09-10,sh.600276,63.98,66.311201,13.800677,15.447548,-199.075782,0.394577,1,0
2018-09-11,sh.600276,64.73,67.088528,13.962454,15.62863,-201.40943,0.329177,1,0
2018-09-12,sh.600276,61.4,63.637195,13.244163,14.824624,-191.04803,0.911373,1,0
2018-09-13,sh.600276,58.9,61.046104,12.704906,14.221016,-183.269202,1.529456,1,0
2018-09-14,sh.600276,58.13,60.248048,12.538814,14.035104,-180.873323,0.746801,1,0
2018-09-17,sh.600276,55.4,57.418576,11.949945,13.375964,-172.378842,0.790568,1,0
2018-09-18,sh.600276,57.46,59.553635,12.394293,13.873337,-178.788597,0.945245,1,0
2018-09-19,sh.600276,59.15,61.305213,12.758831,14.281376,-184.047085,0.892832,1,0
2018-09-20,sh.600276,59.19,61.34667,12.767459,14.291034,-184.171546,0.507774,1,0
2018-09-21,sh.600276,60.82,63.036062,13.119055,14.684587,-189.243342,0.559896,1,0
2018-09-25,sh.600276,61.5,63.740838,13.265733,14.848768,-191.359184,0.450499,1,0
2018-09-26,sh.600276,62.7,64.984562,13.524577,15.1385,-195.093021,0.896156,1,0
2018-09-27,sh.600276,62.75,65.036384,13.535362,15.150573,-195.248598,0.589892,1,0
2018-09-28,sh.600276,63.5,65.813711,13.697139,15.331655,-197.582246,0.489882,1,0
2018-10-08,sh.600276,58.39,60.517521,12.594897,14.097879,-181.682321,0.794228,1,0
2018-10-09,sh.600276,58.77,60.911367,12.676864,14.189628,-182.864703,0.52003,1,0
2018-10-10,sh.600276,58.14,60.258412,12.540971,14.037519,-180.904438,0.420487,1,0
2018-10-11,sh.600276,55.55,57.574042,11.982301,13.41218,-172.845571,0.804083,1,0
2018-10-12,sh.600276,57.3,59.387805,12.359781,13.834706,-178.290752,0.748005,1,0
2018-10-15,sh.600276,57.59,59.688372,12.422335,13.904725,-179.193096,0.451477,1,0
2018-10-16,sh.600276,58.01,60.123675,12.51293,14.006131,-180.499939,0.340647,1,0
2018-10-17,sh.600276,58.13,60.248048,12.538814,14.035104,-180.873323,0.451819,1,0
2018-10-18,sh.600276,55.44,57.460034,11.958573,13.385621,-172.503303,0.765081,1,0
2018-10-19,sh.600276,56.6,58.6623,12.208789,13.665696,-176.112679,0.914325,1,0
2018-10-22,sh.600276,61.21,63.440272,13.203179,14.77875,-190.456839,1.333059,1,0
2018-10-23,sh.600276,60.35,62.548936,13.017675,14.571108,-187.780922,0.900131,1,0
2018-10-24,sh.600276,58.56,60.693715,12.631567,14.138925,-182.211281,0.764866,1,0
2018-10-25,sh.600276,56.8,58.869587,12.251929,13.713984,-176.734986,0.64084,1,0
2018-10-26,sh.600276,57.8,56.000054,11.470985,13.115696,218.569296,0.632506,1,0
2018-10-29,sh.600276,56.51,54.750226,11.214972,12.822976,213.691192,0.674348,1,0
2018-10-30,sh.600276,58.37,56.552303,11.584107,13.245038,220.724737,0.625032,1,0
2018-10-31,sh.600276,61.58,59.662341,12.221163,13.973436,232.863274,0.660871,1,0
2018-11-01,sh.600276,62.5,60.553691,12.403747,14.182198,236.342231,0.797865,1,0
2018-11-02,sh.600276,67.6,65.494873,13.415892,15.339465,255.627758,1.015611,1,0
2018-11-05,sh.600276,65.99,63.928667,13.095073,14.972646,249.514827,0.598045,1,0
2018-11-06,sh.600276,65.41,63.366785,12.979977,14.841048,247.321789,0.420668,1,0
2018-11-07,sh.600276,64.87,62.843653,12.87282,14.718526,245.279995,0.39213,1,0
2018-11-08,sh.600276,65.29,63.250533,12.956164,14.813821,246.868057,0.330929,1,0
2018-11-09,sh.600276,64.47,62.456147,12.793443,14.627769,243.767554,0.338811,1,0
2018-11-12,sh.600276,65.03,62.998655,12.90457,14.754829,245.884971,0.36844,1,0
2018-11-13,sh.600276,65.4,63.357097,12.977993,14.838779,247.283978,0.430074,1,0
2018-11-14,sh.600276,64.13,62.126768,12.725974,14.550626,242.48198,0.37032,1,0
2018-11-15,sh.600276,64.23,62.223644,12.745818,14.573315,242.86009,0.601163,1,0
2018-11-16,sh.600276,62.31,60.363619,12.364812,14.137681,235.600377,0.801208,1,0
2018-11-19,sh.600276,63.31,61.332382,12.563253,14.364574,239.381478,0.496596,1,0
2018-11-20,sh.600276,62.64,60.683311,12.430298,14.212556,236.84814,0.338502,1,0
2018-11-21,sh.600276,64.02,62.020204,12.704145,14.525667,242.066059,0.392238,1,0
2018-11-22,sh.600276,63.32,61.34207,12.565237,14.366843,239.419289,0.330755,1,0
2018-11-23,sh.600276,62.63,60.673624,12.428313,14.210287,236.810329,0.277321,1,0
2018-11-26,sh.600276,62.55,60.596123,12.412438,14.192135,236.507841,0.207398,1,0
2018-11-27,sh.600276,62.51,60.557372,12.404501,14.18306,236.356597,0.199798,1,0
2018-11-28,sh.600276,64.46,62.44646,12.791459,14.6255,243.729743,0.47908,1,0
2018-11-29,sh.600276,64.04,62.039579,12.708114,14.530205,242.141681,0.351484,1,0
2018-11-30,sh.600276,65.45,63.405535,12.987915,14.850124,247.473033,0.389515,1,0
2018-12-03,sh.600276,66.94,64.848992,13.283591,15.188194,253.106873,0.604255,1,0
2018-12-04,sh.600276,66.95,64.85868,13.285575,15.190463,253.144684,0.341739,1,0
2018-12-05,sh.600276,66.91,64.819929,13.277638,15.181387,252.99344,0.440156,1,0
2018-12-06,sh.600276,62.65,60.692999,12.432282,14.214825,236.885951,0.939051,1,0
2018-12-07,sh.600276,58.38,56.556381,11.584942,13.245993,220.740652,1.389595,1,0
2018-12-10,sh.600276,59.0,57.157014,11.707975,13.386666,223.084934,0.636325,1,0
2018-12-11,sh.600276,60.12,58.242029,11.930228,13.640786,227.319767,0.475512,1,0
2018-12-12,sh.600276,58.84,57.002012,11.676225,13.350364,222.479958,0.509629,1,0
2018-12-13,sh.600276,59.92,58.048276,11.89054,13.595408,226.563547,0.560419,1,0
2018-12-14,sh.600276,58.9,57.060138,11.688131,13.363977,222.706824,0.555452,1,0
2018-12-17,sh.600276,57.19,55.403553,11.348798,12.975991,216.241142,0.780928,1,0
2018-12-18,sh.600276,56.82,55.045111,11.275375,12.89204,214.842135,0.478238,1,0
2018-12-19,sh.600276,55.11,53.388526,10.936043,12.504054,208.376453,0.623077,1,0
2018-12-20,sh.600276,52.95,51.295998,10.507412,12.013966,200.209276,0.995736,1,0
2018-12-21,sh.600276,50.09,48.525336,9.939873,11.365053,189.395328,1.401316,1,0
2018-12-24,sh.600276,53.16,51.499438,10.549084,12.061613,201.003307,0.808242,1,0
2018-12-25,sh.600276,53.41,51.741629,10.598694,12.118336,201.948582,0.606561,1,0
2018-12-26,sh.600276,52.0,50.375673,10.318893,11.798418,196.61723,0.410856,1,0
2018-12-27,sh.600276,51.5,49.891292,10.219673,11.684972,194.72668,0.69768,1,0
2018-12-28,sh.600276,52.75,51.102246,10.467724,11.968587,199.453056,0.552249,1,0
2019-01-02,sh.600276,52.97,51.315374,10.51138,12.018504,200.284898,0.761475,1,0
2019-01-03,sh.600276,51.07,49.474724,10.134344,11.587408,193.100807,0.889038,1,0
2019-01-04,sh.600276,54.35,52.652266,10.785228,12.331616,205.502817,0.969344,1,0
2019-01-07,sh.600276,53.57,51.896631,10.630445,12.154639,202.553558,0.656312,1,0
2019-01-08,sh.600276,53.98,52.293824,10.711805,12.247665,204.103809,0.350338,1,0
2019-01-09,sh.600276,55.53,53.795407,11.019388,12.599349,209.964515,0.537995,1,0
2019-01-10,sh.600276,56.27,54.512291,11.166233,12.767249,212.76253,0.446991,1,0
2019-01-11,sh.600276,55.95,54.202287,11.102732,12.694644,211.552577,0.358184,1,0
2019-01-14,sh.600276,54.33,52.632891,10.781259,12.327078,205.427194,0.305317,1,0
2019-01-15,sh.600276,56.44,54.676981,11.199968,12.805821,213.405317,0.44023,1,0
2019-01-16,sh.600276,57.47,55.674807,11.404362,13.039521,217.29985,0.484369,1,0
2019-01-17,sh.600276,57.36,55.568243,11.382533,13.014562,216.883929,0.339202,1,0
2019-01-18,sh.600276,59.17,57.321704,11.74171,13.425238,223.727721,0.487172,1,0
2019-01-21,sh.600276,59.07,57.224828,11.721866,13.402549,223.349611,0.431272,1,0
2019-01-22,sh.600276,57.69,55.887935,11.448019,13.089437,218.131692,0.413249,1,0
2019-01-23,sh.600276,58.02,56.207626,11.513504,13.164312,219.379456,0.245605,1,0
2019-01-24,sh.600276,59.38,57.525144,11.783383,13.472886,224.521752,0.332274,1,0
2019-01-25,sh.600276,58.99,57.147326,11.705991,13.384397,223.047123,0.303091,1,0
2019-01-28,sh.600276,54.82,53.162176,10.889677,12.451041,207.493003,1.132869,1,0
2019-01-29,sh.600276,57.18,55.450806,11.358478,12.987058,216.425572,0.728634,1,0
2019-01-30,sh.600276,57.4,55.664153,11.402179,13.037025,217.25827,0.392524,1,0
2019-01-31,sh.600276,59.05,57.264255,11.729942,13.411783,223.503499,0.504099,1,0
2019-02-01,sh.600276,60.82,58.980728,12.081543,13.813796,230.202926,0.47359,1,0
2019-02-11,sh.600276,61.85,59.97958,12.286146,14.047736,234.101463,0.442668,1,0
2019-02-12,sh.600276,63.5,61.579682,12.613909,14.422493,240.346692,0.581862,1,0
2019-02-13,sh.600276,65.59,63.606478,13.029076,14.897186,248.257315,0.569173,1,0
2019-02-14,sh.600276,65.8,63.810127,13.070791,14.944883,249.052163,0.429652,1,0
2019-02-15,sh.600276,64.29,62.345791,12.770838,14.601923,243.336832,0.374112,1,0
2019-02-18,sh.600276,66.83,60.587754,12.486006,14.142127,-622.186665,0.656541,1,0
2019-02-19,sh.600276,65.93,59.771818,12.317857,13.951674,-613.807674,0.536292,1,0
2019-02-20,sh.600276,64.95,58.883355,12.134762,13.744293,-604.683883,0.479783,1,0
2019-02-21,sh.600276,65.44,59.327587,12.226309,13.847984,-609.245779,0.433618,1,0
2019-02-22,sh.600276,66.3,60.107259,12.386985,14.029971,-617.252371,0.325471,1,0
2019-02-25,sh.600276,68.5,62.101768,12.798016,14.495521,-637.73435,0.972103,1,0
2019-02-26,sh.600276,68.0,61.64847,12.7046,14.389714,-633.079354,1.004403,1,0
2019-02-27,sh.600276,68.8,62.373746,12.854066,14.559005,-640.527347,0.522613,1,0
2019-02-28,sh.600276,71.9,65.184191,13.433246,15.215007,-669.388317,0.770272,1,0
2019-03-01,sh.600276,72.0,65.274851,13.45193,15.236168,-670.319316,0.565099,1,0
2019-03-04,sh.600276,72.27,65.519632,13.502374,15.293304,-672.833014,0.738354,1,0
2019-03-05,sh.600276,72.12,65.383642,13.47435,15.261562,-671.436515,0.435212,1,0
2019-03-06,sh.600276,71.25,64.594905,13.311805,15.077458,-663.336824,0.565439,1,0
2019-03-07,sh.600276,70.38,63.806167,13.149261,14.893354,-655.237132,0.550672,1,0
2019-03-08,sh.600276,69.66,63.153418,13.014742,14.740993,-648.533939,0.549189,1,0
2019-03-11,sh.600276,70.3,63.733639,13.134315,14.876425,-654.492333,0.535298,1,0
2019-03-12,sh.600276,69.81,63.289408,13.042767,14.772735,-649.930437,0.508759,1,0
2019-03-13,sh.600276,69.88,63.352869,13.055845,14.787548,-650.582137,0.453607,1,0
2019-03-14,sh.600276,70.06,63.516056,13.089475,14.825638,-652.257935,0.51433,1,0
2019-03-15,sh.600276,71.52,64.839685,13.36225,15.134594,-665.850521,0.69772,1,0
2019-03-18,sh.600276,74.1,67.178701,13.844278,15.680556,-689.870296,0.79465,1,0
2019-03-19,sh.600276,72.1,65.36551,13.470613,15.257329,-671.250315,0.641129,1,0
2019-03-20,sh.600276,72.72,65.927599,13.586449,15.38853,-677.02251,0.465579,1,0
2019-03-21,sh.600276,72.4,65.637489,13.526663,15.320813,-674.043313,0.342587,1,0
2019-03-22,sh.600276,73.13,66.299303,13.66305,15.475291,-680.839606,0.367429,1,0
2019-03-25,sh.600276,71.2,64.549575,13.302464,15.066877,-662.871324,0.487369,1,0
2019-03-26,sh.600276,71.55,64.866883,13.367855,15.140942,-666.129821,0.353391,1,0
2019-03-27,sh.600276,74.36,67.414415,13.892854,15.735576,-692.290894,0.939062,1,0
2019-03-28,sh.600276,64.65,70.333652,14.494454,16.416971,-722.269064,0.580276,1,0
2019-03-29,sh.600276,65.42,71.171346,14.667087,16.612502,-730.871495,0.668736,1,0
2019-04-01,sh.600276,65.75,71.530357,14.741073,16.696301,-734.558251,0.600126,1,0
2019-04-02,sh.600276,65.28,71.019038,14.635699,16.576951,-729.307416,0.452226,1,0
2019-04-03,sh.600276,65.58,71.345412,14.702959,16.653132,-732.659013,0.377993,1,0
2019-04-04,sh.600276,66.14,71.954644,14.82851,16.795336,-738.915327,0.406439,1,0
2019-04-08,sh.600276,63.98,69.604749,14.344241,16.246834,-714.783831,0.726839,1,0
2019-04-09,sh.600276,64.82,70.518597,14.532568,16.46014,-724.168302,0.58539,1,0
2019-04-10,sh.600276,65.73,71.508599,14.736589,16.691222,-734.334811,0.740501,1,0
2019-04-11,sh.600276,63.98,69.604749,14.344241,16.246834,-714.783831,0.568169,1,0
2019-04-12,sh.600276,64.62,70.301014,14.487728,16.409353,-721.933904,0.356819,1,0
2019-04-15,sh.600276,63.35,68.919363,14.202996,16.086854,-707.745478,0.448611,1,0
2019-04-16,sh.600276,64.86,70.562114,14.541536,16.470298,-724.615181,0.37259,1,0
2019-04-17,sh.600276,64.53,66.241388,13.973841,15.405017,-1850.541649,0.348852,1,0
2019-04-18,sh.600276,64.13,65.83078,13.887222,15.309527,-1839.070757,0.231133,1,0
2019-04-19,sh.600276,64.45,66.159267,13.956518,15.385919,-1848.247471,0.289051,1,0
2019-04-22,sh.600276,62.14,63.788004,13.456292,14.834461,-1782.00307,0.611006,1,0
2019-04-23,sh.600276,62.84,64.506568,13.607875,15.00157,-1802.077131,0.4323,1,0
2019-04-24,sh.600276,62.85,64.516833,13.610041,15.003957,-1802.363903,0.333912,1,0
2019-04-25,sh.600276,63.9,65.59468,13.837416,15.25462,-1832.474994,0.601207,1,0
2019-04-26,sh.600276,62.33,63.983043,13.497436,14.879819,-1787.451743,0.461457,1,0
2019-04-29,sh.600276,65.32,67.05234,14.144914,15.593611,-1873.196661,0.937211,1,0
2019-04-30,sh.600276,65.75,67.493744,14.23803,15.696264,-1885.52787,0.441696,1,0
2019-05-06,sh.600276,64.2,65.902636,13.902381,15.326238,-1841.078163,0.790282,1,0
2019-05-07,sh.600276,66.14,67.894087,14.322484,15.789367,-1896.71199,0.963307,1,0
2019-05-08,sh.600276,64.23,65.933432,13.908877,15.333399,-1841.93848,0.533959,1,0
2019-05-09,sh.600276,62.5,64.157551,13.534249,14.920403,-1792.326872,0.480971,1,0
2019-05-10,sh.600276,64.12,65.820515,13.885057,15.307139,-1838.783985,0.499043,1,0
2019-05-13,sh.600276,64.17,65.871841,13.895884,15.319076,-1840.217847,0.312826,1,0
2019-05-14,sh.600276,63.03,64.701607,13.649019,15.046928,-1807.525804,0.53277,1,0
2019-05-15,sh.600276,65.41,67.144727,14.164404,15.615097,-1875.777612,0.682051,1,0
2019-05-16,sh.600276,64.28,65.984758,13.919704,15.345336,-1843.372342,0.645493,1,0
2019-05-17,sh.600276,62.76,64.424446,13.590552,14.982471,-1799.782952,0.670196,1,0
2019-05-20,sh.600276,60.25,61.847879,13.047016,14.383268,-1727.803105,0.724482,1,0
2019-05-21,sh.600276,60.81,62.422731,13.168283,14.516955,-1743.862354,0.436925,1,0
2019-05-22,sh.600276,61.06,62.679361,13.22242,14.576637,-1751.031661,0.35773,1,0
2019-05-23,sh.600276,59.61,61.190906,12.908425,14.230483,-1709.449678,0.365867,1,0
2019-05-24,sh.600276,60.07,61.663105,13.008037,14.340297,-1722.641204,0.259388,1,0
2019-05-27,sh.600276,61.2,62.823074,13.252737,14.610058,-1755.046474,0.40517,1,0
2019-05-28,sh.600276,62.52,64.178082,13.53858,14.925177,-1792.900417,0.556073,1,0
2019-05-29,sh.600276,61.91,63.551904,13.406486,14.779554,-1775.407307,0.242698,1,0
2019-05-30,sh.600276,61.91,63.548739,13.405818,14.778818,-1775.31889,0.252189,1,0
2019-05-31,sh.600276,62.16,63.805356,13.459952,14.838497,-1782.48784,0.409765,1,0
2019-06-03,sh.600276,63.22,64.893414,13.689482,15.091534,-1812.88419,0.446217,1,0
2019-06-04,sh.600276,62.03,63.671915,13.431803,14.807464,-1778.759986,0.368904,1,0
2019-06-05,sh.600276,59.0,60.561712,12.775695,14.084159,-1691.872306,0.820263,1,0
2019-06-06,sh.600276,57.98,59.514713,12.554827,13.84067,-1662.622988,0.555829,1,0
2019-06-10,sh.600276,58.63,60.181918,12.695576,13.995834,-1681.26226,0.374639,1,0
2019-06-11,sh.600276,60.12,61.711358,13.018216,14.351519,-1723.989204,0.537333,1,0
2019-06-12,sh.600276,60.35,61.947446,13.06802,14.406423,-1730.584639,0.359435,1,0
2019-06-13,sh.600276,61.3,62.922592,13.27373,14.633202,-1757.82665,0.34735,1,0
2019-06-14,sh.600276,61.28,62.902063,13.2694,14.628428,-1757.253134,0.398936,1,0
2019-06-17,sh.600276,61.6,63.230533,13.338692,14.704816,-1766.429391,0.314672,1,0
2019-06-18,sh.600276,62.59,64.246738,13.553063,14.941144,-1794.818435,0.320113,1,0
2019-06-19,sh.600276,64.38,66.084119,13.940665,15.368443,-1846.14812,0.623309,1,0
2019-06-20,sh.600276,65.51,67.24403,14.185352,15.63819,-1878.551776,0.60127,1,0
2019-06-21,sh.600276,65.9,67.644353,14.269802,15.731289,-1889.735339,0.437662,1,0
2019-06-24,sh.600276,66.06,67.808588,14.304447,15.769483,-1894.323467,0.358235,1,0
2019-06-25,sh.600276,66.03,67.777794,14.297951,15.762322,-1893.463193,0.360694,1,0
2019-06-26,sh.600276,66.5,68.260235,14.399724,15.874518,-1906.94082,0.296154,1,0
2019-06-27,sh.600276,66.9,68.670823,14.486339,15.970004,-1918.411141,0.331786,1,0
2019-06-28,sh.600276,66.0,67.747,14.291455,15.75516,-1892.602919,0.429801,1,0
2019-07-01,sh.600276,68.23,70.036027,14.774333,16.287494,-1956.549957,0.504887,1,0
2019-07-02,sh.600276,70.21,72.068437,15.203077,16.760149,-2013.328045,0.672791,1,0
2019-07-03,sh.600276,68.37,70.179733,14.804648,16.320914,-1960.564569,0.498224,1,0
2019-07-04,sh.600276,66.11,67.859912,14.315274,15.781419,-1895.757257,0.602591,1,0
2019-07-05,sh.600276,67.4,69.184057,14.594607,16.089361,-1932.749041,0.380056,1,0
2019-07-08,sh.600276,66.5,68.260235,14.399724,15.874518,-1906.94082,0.335891,1,0
2019-07-09,sh.600276,66.48,68.239705,14.395393,15.869743,-1906.367304,0.230384,1,0
2019-07-10,sh.600276,67.41,69.194322,14.596773,16.091748,-1933.035799,0.325425,1,0
2019-07-11,sh.600276,66.66,68.42447,14.43437,15.912712,-1911.528948,0.260942,1,0
2019-07-12,sh.600276,66.45,68.208911,14.388897,15.862582,-1905.50703,0.257623,1,0
2019-07-15,sh.600276,67.38,69.163528,14.590277,16.084587,-1932.175525,0.413861,1,0
2019-07-16,sh.600276,66.06,67.808588,14.304447,15.769483,-1894.323467,0.277164,1,0
2019-07-17,sh.600276,66.24,67.993353,14.343424,15.812452,-1899.485111,0.213873,1,0
2019-07-18,sh.600276,66.02,67.767529,14.295786,15.759935,-1893.176435,0.202285,1,0
2019-07-19,sh.600276,66.02,67.767529,14.295786,15.759935,-1893.176435,0.334586,1,0
2019-07-22,sh.600276,66.54,68.301294,14.408385,15.884066,-1908.087852,0.274522,1,0
2019-07-23,sh.600276,66.05,67.798323,14.302282,15.767096,-1894.036709,0.216571,1,0
2019-07-24,sh.600276,66.6,68.362882,14.421378,15.898389,-1909.8084,0.245481,1,0
2019-07-25,sh.600276,66.72,68.486058,14.447362,15.927035,-1913.249496,0.211636,1,0
2019-07-26,sh.600276,66.82,68.588705,14.469016,15.950906,-1916.117076,0.2735,1,0
2019-07-29,sh.600276,66.65,68.414205,14.432204,15.910325,-1911.24219,0.237522,1,0
2019-07-30,sh.600276,66.96,68.732411,14.499331,15.984326,-1920.131689,0.2279,1,0
2019-07-31,sh.600276,66.94,68.711881,14.495,15.979552,-1919.558173,0.3326,1,0
2019-08-01,sh.600276,66.73,68.496323,14.449527,15.929422,-1913.536254,0.2373,1,0
2019-08-02,sh.600276,66.04,67.788059,14.300117,15.764709,-1893.749951,0.313,1,0
2019-08-05,sh.600276,64.1,65.796707,13.880035,15.301603,-1838.118896,0.4452,1,0
2019-08-06,sh.600276,64.74,66.453648,14.018618,15.45438,-1856.471409,0.417,1,0
2019-08-07,sh.600276,65.5,67.233765,14.183187,15.635803,-1878.265018,0.3154,1,0
2019-08-08,sh.600276,66.66,68.42447,14.43437,15.912712,-1911.528948,0.2768,1,0
2019-08-09,sh.600276,66.88,68.650293,14.482008,15.965229,-1917.837625,0.3728,1,0
2019-08-12,sh.600276,67.25,69.030087,14.562127,16.053554,-1928.447671,0.2545,1,0
2019-08-13,sh.600276,67.06,68.835058,14.520985,16.008198,-1922.999269,0.2671,1,0
2019-08-14,sh.600276,68.69,70.508203,14.87394,16.397303,-1969.740826,0.5515,1,0
2019-08-15,sh.600276,69.0,70.826409,14.941067,16.471304,-1978.630324,0.489,1,0
2019-08-16,sh.600276,69.12,70.949585,14.967051,16.49995,-1982.071421,0.386,1,0
2019-08-19,sh.600276,71.94,73.84423,15.577686,17.173125,-2062.937182,0.5616,1,0
2019-08-20,sh.600276,71.96,73.864759,15.582017,17.177899,-2063.510698,0.2932,1,0
2019-08-21,sh.600276,71.71,73.608142,15.527883,17.118221,-2056.341747,0.2497,1,0
2019-08-22,sh.600276,71.73,73.628671,15.532213,17.122995,-2056.915263,0.2844,1,0
2019-08-23,sh.600276,76.6,78.627579,16.58675,18.285535,-2196.566418,0.8013,1,0
2019-08-26,sh.600276,75.55,77.549785,16.359386,18.034884,-2166.456826,0.5812,1,0
2019-08-27,sh.600276,75.8,77.806403,16.41352,18.094563,-2173.625777,0.6698,1,0
2019-08-28,sh.600276,77.12,79.161343,16.699349,18.409666,-2211.477835,0.4976,1,0
2019-08-29,sh.600276,76.94,78.976578,16.660372,18.366698,-2206.316191,0.4255,1,0
2019-08-30,sh.600276,80.05,77.500593,16.264139,17.987002,364.939884,0.6535,1,0
2019-09-02,sh.600276,79.61,77.074606,16.174743,17.888135,362.933969,0.5017,1,0
2019-09-03,sh.600276,78.5,75.999957,15.949219,17.638721,357.87359,0.5353,1,0
2019-09-04,sh.600276,78.28,75.786964,15.90452,17.589288,356.870633,0.4114,1,0
2019-09-05,sh.600276,78.48,75.980594,15.945155,17.634227,357.782412,0.4025,1,0
2019-09-06,sh.600276,80.11,77.558682,16.27633,18.000484,365.213418,0.4591,1,0
2019-09-09,sh.600276,79.25,76.726071,16.1016,17.807244,361.292765,0.4094,1,0
2019-09-10,sh.600276,80.57,78.004033,16.36979,18.103844,367.310512,0.4435,1,0
2019-09-11,sh.600276,78.09,75.603015,15.865917,17.546595,356.004442,0.5387,1,0
2019-09-12,sh.600276,78.6,76.096772,15.969536,17.661191,358.32948,0.2809,1,0
2019-09-16,sh.600276,79.76,77.219829,16.205219,17.92184,363.617804,0.3372,1,0
2019-09-17,sh.600276,79.03,76.513078,16.056901,17.757811,360.289807,0.257,1,0
2019-09-18,sh.600276,79.81,77.268237,16.215377,17.933074,363.845748,0.3592,1,0
2019-09-19,sh.600276,80.14,77.587727,16.282425,18.007224,365.350185,0.3869,1,0
2019-09-20,sh.600276,81.5,78.904414,16.558743,18.312812,371.550288,0.5945,1,0
2019-09-23,sh.600276,81.1,78.517153,16.477473,18.222934,369.726729,0.3798,1,0
2019-09-24,sh.600276,82.5,79.872567,16.761918,18.53751,376.109187,0.4938,1,0
2019-09-25,sh.600276,82.83,80.192057,16.828965,18.61166,377.613624,0.3847,1,0
2019-09-26,sh.600276,81.31,78.720465,16.52014,18.27012,370.684097,0.3402,1,0
2019-09-27,sh.600276,81.05,78.468746,16.467314,18.211699,369.498784,0.284,1,0
2019-09-30,sh.600276,80.68,78.110529,16.39214,18.128561,367.811991,0.2802,1,0
2019-10-08,sh.600276,80.35,77.791039,16.325092,18.054411,366.307554,0.3701,1,0
2019-10-09,sh.600276,78.69,76.183906,15.987822,17.681414,358.739781,0.5085,1,0
2019-10-10,sh.600276,83.0,80.356643,16.863505,18.649858,378.388637,0.5985,1,0
2019-10-11,sh.600276,83.39,80.734222,16.942743,18.73749,380.166608,0.3449,1,0
2019-10-14,sh.600276,83.56,80.898808,16.977283,18.775688,380.941621,0.4392,1,0
2019-10-15,sh.600276,85.25,82.534985,17.320648,19.155427,388.64616,0.3519,1,0
2019-10-16,sh.600276,85.97,83.232055,17.466934,19.317208,391.928568,0.3259,1,0
2019-10-17,sh.600276,85.8,83.067469,17.432394,19.27901,391.153555,0.2873,1,0
2019-10-18,sh.600276,84.27,81.586196,17.121537,18.935223,384.178439,0.3544,1,0
2019-10-21,sh.600276,82.61,79.979063,16.784267,18.562226,376.610666,0.4522,1,0
2019-10-22,sh.600276,83.69,81.024668,17.003696,18.804899,381.534278,0.2307,1,0
2019-10-23,sh.600276,82.78,80.143649,16.818806,18.600425,377.385679,0.261,1,0
2019-10-24,sh.600276,82.71,80.075879,16.804584,18.584696,377.066556,0.2752,1,0
2019-10-25,sh.600276,87.54,79.199478,16.722214,17.675766,-820.454644,0.9522,1,0
2019-10-28,sh.600276,91.08,82.402198,17.398437,18.390551,-853.632728,0.572,1,0
2019-10-29,sh.600276,90.76,82.112687,17.33731,18.325937,-850.633579,0.3178,1,0
2019-10-30,sh.600276,90.18,81.587947,17.226516,18.208826,-845.197622,0.3264,1,0
2019-10-31,sh.600276,90.88,82.221253,17.360233,18.350167,-851.75826,0.3843,1,0
2019-11-01,sh.600276,92.5,83.686905,17.669691,18.677272,-866.941451,0.3982,1,0
2019-11-04,sh.600276,92.2,83.415488,17.612384,18.616697,-864.129749,0.3897,1,0
2019-11-05,sh.600276,91.3,82.601237,17.440463,18.434972,-855.694643,0.4007,1,0
2019-11-06,sh.600276,91.19,82.501718,17.41945,18.412761,-854.663685,0.2892,1,0
2019-11-07,sh.600276,90.58,81.949836,17.302926,18.289592,-848.946558,0.344,1,0
2019-11-08,sh.600276,91.3,82.601237,17.440463,18.434972,-855.694643,0.3696,1,0
2019-11-11,sh.600276,88.88,80.411807,16.978185,17.946334,-833.01358,0.5927,1,0
2019-11-12,sh.600276,89.67,81.126538,17.129094,18.105848,-840.417728,0.3614,1,0
2019-11-13,sh.600276,91.39,82.682662,17.457655,18.453145,-856.538153,0.4765,1,0
2019-11-14,sh.600276,94.33,85.342549,18.019264,19.046779,-884.092833,0.5706,1,0
2019-11-15,sh.600276,92.7,83.86785,17.707896,18.717655,-868.815919,0.3227,1,0
2019-11-18,sh.600276,92.9,84.048794,17.746101,18.758039,-870.690387,0.2464,1,0
2019-11-19,sh.600276,95.63,86.518689,18.267595,19.309271,-896.276875,0.4548,1,0
2019-11-20,sh.600276,95.0,85.948713,18.14725,19.182063,-890.372301,0.3472,1,0
2019-11-21,sh.600276,92.6,83.777377,17.688794,18.697464,-867.878685,0.5436,1,0
2019-11-22,sh.600276,88.98,80.502279,16.997288,17.966526,-833.950814,0.7555,1,0
2019-11-25,sh.600276,88.12,79.724217,16.833007,17.792878,-825.890601,0.5137,1,0
2019-11-26,sh.600276,88.9,80.429901,16.982006,17.950373,-833.201027,0.465,1,0
2019-11-27,sh.600276,89.65,81.108444,17.125274,18.10181,-840.230282,0.2755,1,0
2019-11-28,sh.600276,89.68,81.135585,17.131004,18.107868,-840.511452,0.2147,1,0
2019-11-29,sh.600276,85.9,77.715731,16.408935,17.344623,-805.084007,0.9964,1,0
2019-12-02,sh.600276,83.73,75.752482,15.994413,16.906465,-784.746029,0.6126,1,0
2019-12-03,sh.600276,84.55,76.494355,16.151053,17.072036,-792.431348,0.6701,1,0
2019-12-04,sh.600276,85.65,77.48955,16.361179,17.294144,-802.740922,0.4671,1,0
2019-12-05,sh.600276,85.91,77.724779,16.410845,17.346643,-805.17773,0.3779,1,0
2019-12-06,sh.600276,87.1,78.801399,16.638163,17.586923,-816.330815,0.2942,1,0
2019-12-09,sh.600276,83.62,75.652962,15.973401,16.884254,-783.715071,0.7689,1,0
2019-12-10,sh.600276,84.5,76.449119,16.141502,17.06194,-791.962731,0.4339,1,0
2019-12-11,sh.600276,85.0,76.90148,16.237013,17.162899,-796.648901,0.2842,1,0
2019-12-12,sh.600276,85.1,76.991953,16.256116,17.18309,-797.586135,0.2863,1,0
2019-12-13,sh.600276,86.85,78.575218,16.590407,17.536444,-813.98773,0.4797,1,0
2019-12-16,sh.600276,85.25,77.127661,16.284769,17.213378,-798.991986,0.5438,1,0
2019-12-17,sh.600276,86.04,77.842393,16.435678,17.372892,-806.396134,0.4952,1,0
2019-12-18,sh.600276,84.75,76.6753,16.189258,17.11242,-794.305816,0.5276,1,0
2019-12-19,sh.600276,84.86,76.774819,16.21027,17.13463,-795.336773,0.2916,1,0
2019-12-20,sh.600276,84.9,76.811008,16.217911,17.142707,-795.711667,0.2619,1,0
2019-12-23,sh.600276,85.23,77.109567,16.280949,17.209339,-798.804539,0.3952,1,0
2019-12-24,sh.600276,84.5,76.449119,16.141502,17.06194,-791.962731,0.2232,1,0
2019-12-25,sh.600276,83.38,75.435829,15.927555,16.835794,-781.46571,0.3875,1,0
2019-12-26,sh.600276,84.38,76.340552,16.118579,17.03771,-790.83805,0.2121,1,0
2019-12-27,sh.600276,84.38,76.340552,16.118579,17.03771,-790.83805,0.3241,1,0
2019-12-30,sh.600276,85.5,77.353842,16.332525,17.263857,-801.335071,0.4106,1,0
2019-12-31,sh.600276,87.52,79.181383,16.718393,17.671728,-820.267197,0.5014,1,0
2020-01-02,sh.600276,87.68,79.326139,16.748957,17.704035,-821.766772,0.4787,1,0
2020-01-03,sh.600276,85.95,77.760967,16.418486,17.354719,-805.552624,0.4954,1,0
2020-01-06,sh.600276,84.09,76.078182,16.063182,16.979155,-788.120071,0.6752,1,0
2020-01-07,sh.600276,84.87,76.783866,16.21218,17.136649,-795.430496,0.4301,1,0
2020-01-08,sh.600276,84.68,76.611969,16.175886,17.098285,-793.649752,0.2794,1,0
2020-01-09,sh.600276,86.88,78.60236,16.596138,17.542502,-814.2689,0.5908,1,0
2020-01-10,sh.600276,87.5,79.163289,16.714573,17.66769,-820.079751,0.5281,1,0
2020-01-13,sh.600276,87.84,79.470894,16.779521,17.736341,-823.266346,0.4883,1,0
2020-01-14,sh.600276,86.51,78.267613,16.525459,17.467792,-810.801134,0.4875,1,0
2020-01-15,sh.600276,86.93,78.647596,16.605689,17.552597,-814.737517,0.3746,1,0
2020-01-16,sh.600276,86.44,78.204282,16.512088,17.453658,-810.14507,0.4703,1,0
2020-01-17,sh.600276,90.66,82.022214,17.318208,18.305746,-849.696345,1.1949,1,0
2020-01-20,sh.600276,90.1,81.515569,17.211234,18.192673,-844.447835,0.6655,1,0
2020-01-21,sh.600276,90.37,81.759844,17.262811,18.24719,-846.978366,0.4523,1,0
2020-01-22,sh.600276,90.33,81.723656,17.25517,18.239113,-846.603473,0.3679,1,0
2020-01-23,sh.600276,87.99,79.606603,16.808174,17.766629,-824.672197,0.5373,1,0
2020-02-03,sh.600276,85.46,77.317653,16.324884,17.25578,-800.960177,0.93,1,0
2020-02-04,sh.600276,86.75,78.484746,16.571305,17.516252,-813.050496,0.7349,1,0
2020-02-05,sh.600276,88.91,80.438948,16.983916,17.952392,-833.29475,0.6724,1,0
2020-02-06,sh.600276,90.09,81.506522,17.209324,18.190653,-844.354111,0.6987,1,0
2020-02-07,sh.600276,89.65,81.108444,17.125274,18.10181,-840.230282,0.5091,1,0
2020-02-10,sh.600276,88.5,80.068012,16.905596,17.869606,-829.452091,0.375,1,0
2020-02-11,sh.600276,90.15,81.560805,17.220785,18.202768,-844.916452,0.5193,1,0
2020-02-12,sh.600276,92.96,84.103078,17.757562,18.770154,-871.252727,0.5657,1,0
2020-02-13,sh.600276,91.45,82.736946,17.469116,18.46526,-857.100494,0.4197,1,0
2020-02-14,sh.600276,91.55,82.827418,17.488219,18.485451,-858.037728,0.3401,1,0
2020-02-17,sh.600276,92.38,83.578338,17.646768,18.653042,-865.81677,0.3684,1,0
2020-02-18,sh.600276,90.6,81.967931,17.306746,18.293631,-849.134005,0.5156,1,0
2020-02-19,sh.600276,89.68,81.967931,17.306746,18.293631,-849.134005,0.3818,1,0
2020-02-20,sh.600276,90.8,82.148875,17.344951,18.334014,-851.008473,0.3632,1,0
2020-02-21,sh.600276,90.2,81.606041,17.230337,18.212864,-845.385069,0.4381,1,0
2020-02-24,sh.600276,88.38,79.959445,16.882674,17.845376,-828.32741,0.6334,1,0
2020-02-25,sh.600276,88.31,79.896114,16.869302,17.831242,-827.671346,0.5254,1,0
2020-02-26,sh.600276,86.68,78.421415,16.557933,17.502118,-812.394432,0.5211,1,0
2020-02-27,sh.600276,87.21,78.900919,16.659176,17.609134,-817.361772,0.4306,1,0
2020-02-28,sh.600276,84.09,76.078182,16.063182,16.979155,-788.120071,0.6109,1,0
2020-03-02,sh.600276,85.2,77.082425,16.275218,17.203282,-798.523369,0.6116,1,0
2020-03-03,sh.600276,88.34,79.923256,16.875033,17.8373,-827.952516,0.6626,1,0
2020-03-04,sh.600276,87.8,79.434706,16.77188,17.728265,-822.891453,0.3411,1,0
2020-03-05,sh.600276,91.7,82.963126,17.516872,18.515739,-859.443579,1.0014,1,0
2020-03-06,sh.600276,92.25,83.460724,17.621935,18.626793,-864.598366,0.7083,1,0
2020-03-09,sh.600276,88.89,80.420854,16.980096,17.948354,-833.107303,0.7437,1,0
2020-03-10,sh.600276,90.6,81.967931,17.306746,18.293631,-849.134005,0.5956,1,0
2020-03-11,sh.600276,89.03,80.547515,17.006839,17.976622,-834.419431,0.3628,1,0
2020-03-12,sh.600276,86.38,78.149998,16.500626,17.441543,-809.58273,0.5682,1,0
2020-03-13,sh.600276,84.7,76.630063,16.179706,17.102324,-793.837199,0.7923,1,0
2020-03-16,sh.600276,82.05,74.232547,15.673494,16.567245,-769.000498,0.657,1,0
2020-03-17,sh.600276,81.09,73.364012,15.490111,16.373405,-760.003051,0.6185,1,0
2020-03-18,sh.600276,80.6,72.920698,15.396509,16.274466,-755.410605,0.6433,1,0
2020-03-19,sh.600276,79.0,71.473141,15.090871,15.9514,-740.414861,0.7303,1,0
2020-03-20,sh.600276,80.16,72.52262,15.312459,16.185623,-751.286775,0.5638,1,0
2020-03-23,sh.600276,82.3,68.317517,14.691941,15.629878,312.393047,0.9408,1,0
2020-03-24,sh.600276,85.66,71.106664,15.291758,16.267987,325.146882,0.7229,1,0
2020-03-25,sh.600276,88.97,73.854307,15.882649,16.896601,337.710929,0.7216,1,0
2020-03-26,sh.600276,90.28,74.941742,16.116506,17.145387,342.683406,0.7199,1,0
2020-03-27,sh.600276,90.89,75.448105,16.225401,17.261235,344.998834,0.6451,1,0
2020-03-30,sh.600276,90.7,75.290386,16.191483,17.225151,344.277635,0.582,1,0
2020-03-31,sh.600276,92.03,76.394423,16.428911,17.477736,349.326028,0.5961,1,0
2020-04-01,sh.600276,90.0,74.709313,16.066521,17.092212,341.620586,0.4374,1,0
2020-04-02,sh.600276,91.85,76.245005,16.396778,17.443551,348.642787,0.411,1,0
2020-04-03,sh.600276,93.73,77.805599,16.732389,17.800589,355.778862,0.6619,1,0
2020-04-07,sh.600276,95.5,79.274883,17.048364,18.136736,362.4974,0.5386,1,0
2020-04-08,sh.600276,94.78,78.677208,16.919832,17.999998,359.764435,0.3653,1,0
2020-04-09,sh.600276,96.79,80.345716,17.278651,18.381724,367.393962,0.4013,1,0
2020-04-10,sh.600276,96.21,79.864256,17.175111,18.271574,365.192407,0.3877,1,0
2020-04-13,sh.600276,96.67,80.246104,17.257229,18.358934,366.938468,0.2115,1,0
2020-04-14,sh.600276,98.49,81.756892,17.58213,18.704577,373.846795,0.4384,1,0
2020-04-15,sh.600276,97.43,80.876982,17.392902,18.503269,369.823264,0.3278,1,0
2020-04-16,sh.600276,97.41,80.86038,17.389331,18.49947,369.747348,0.3169,1,0
2020-04-17,sh.600276,96.6,80.187996,17.244733,18.34564,366.672763,0.3342,1,0
2020-04-20,sh.600276,96.7,80.271007,17.262584,18.364632,367.052341,0.2913,1,0
2020-04-21,sh.600276,95.3,79.108862,17.012661,18.098753,361.738243,0.4151,1,0
2020-04-22,sh.600276,97.5,80.925533,17.403343,18.514376,370.045268,0.4021,1,0
2020-04-23,sh.600276,96.05,79.722025,17.144524,18.239034,364.542031,0.4391,1,0
2020-04-24,sh.600276,95.28,79.082921,17.007082,18.092818,361.619622,0.2459,1,0
2020-04-27,sh.600276,96.35,79.971026,17.198073,18.296001,365.680632,0.4166,1,0
2020-04-28,sh.600276,96.05,77.925682,16.264896,17.810634,93.880067,0.5014,1,0
2020-04-29,sh.600276,93.39,75.767615,15.814457,17.317388,91.280161,0.5462,1,0
2020-04-30,sh.600276,93.0,75.451207,15.748415,17.24507,90.898972,0.4453,1,0
2020-05-06,sh.600276,96.42,78.225864,16.327551,17.879243,94.241708,0.5892,1,0
2020-05-07,sh.600276,96.6,78.371898,16.358032,17.912621,94.417642,0.2823,1,0
2020-05-08,sh.600276,97.05,78.736985,16.434234,17.996065,94.857475,0.3791,1,0
2020-05-11,sh.600276,93.68,76.002893,15.863565,17.371163,91.563609,0.7464,1,0
2020-05-12,sh.600276,95.44,77.430787,16.1616,17.697521,93.283848,0.4143,1,0
2020-05-13,sh.600276,95.7,77.641725,16.205628,17.745733,93.537974,0.5097,1,0
2020-05-14,sh.600276,97.2,78.85868,16.459634,18.02388,95.004087,0.5044,1,0
2020-05-15,sh.600276,94.83,76.935892,16.058304,17.584408,92.687629,0.5748,1,0
2020-05-18,sh.600276,97.2,78.85868,16.459634,18.02388,95.004087,0.6824,1,0
2020-05-19,sh.600276,97.94,79.459045,16.584944,18.161098,95.727369,0.42,1,0
2020-05-20,sh.600276,97.9,79.426593,16.578171,18.153681,95.688272,0.4379,1,0
2020-05-21,sh.600276,99.74,80.919391,16.889752,18.494874,97.486704,0.6134,1,0
2020-05-22,sh.600276,95.88,77.78776,16.236108,17.779111,93.713908,0.6446,1,0
2020-05-25,sh.600276,80.95,78.810002,16.449474,18.012754,94.945442,0.3765,1,0
2020-05-26,sh.600276,81.5,79.345462,16.561237,18.135138,95.590532,0.3991,1,0
2020-05-27,sh.600276,79.87,77.758553,16.230012,17.772435,93.678721,0.5881,1,0
2020-05-28,sh.600276,78.5,76.424771,15.951621,17.467587,92.071862,0.4379,1,0
2020-05-29,sh.600276,78.7,76.619483,15.992262,17.51209,92.30644,0.327,1,0
2020-06-01,sh.600276,80.22,78.099301,16.301134,17.850316,94.089232,0.4938,1,0
2020-06-02,sh.600276,80.4,78.274542,16.337711,17.890369,94.300353,0.3325,1,0
2020-06-03,sh.600276,80.17,78.050622,16.290974,17.83919,94.030588,0.3957,1,0
2020-06-04,sh.600276,81.2,79.053393,16.500275,18.068383,95.238665,0.3962,1,0
2020-06-05,sh.600276,82.3,80.124314,16.723801,18.313152,96.528844,0.3508,1,0
2020-06-08,sh.600276,80.3,78.177186,16.31739,17.868118,94.183064,0.6239,1,0
2020-06-09,sh.600276,82.97,80.776601,16.859949,18.462238,97.31468,0.666,1,0
2020-06-10,sh.600276,84.54,82.305097,17.178981,18.81159,99.156117,0.6026,1,0
2020-06-11,sh.600276,84.46,82.227212,17.162725,18.793788,99.062286,0.4177,1,0
2020-06-12,sh.600276,85.84,83.57073,17.443148,19.100862,100.680874,0.4418,1,0
2020-06-15,sh.600276,84.24,82.013028,17.11802,18.744835,98.80425,0.4811,1,0
2020-06-16,sh.600276,87.14,84.836363,17.707315,19.390134,102.205631,0.5179,1,0
2020-06-17,sh.600276,89.65,87.280009,18.217361,19.948652,105.149585,0.6255,1,0
2020-06-18,sh.600276,89.3,86.939261,18.146239,19.870771,104.739073,0.4058,1,0
2020-06-19,sh.600276,92.98,90.521977,18.894034,20.689634,109.055308,0.6316,1,0
2020-06-22,sh.600276,93.23,90.765368,18.944836,20.745263,109.348531,0.5529,1,0
2020-06-23,sh.600276,94.5,92.001794,19.202907,21.027859,110.838101,0.4806,1,0
2020-06-24,sh.600276,92.95,90.49277,18.887938,20.682958,109.020122,0.5871,1,0
2020-06-29,sh.600276,92.23,89.791804,18.74163,20.522746,108.175641,0.5123,1,0
2020-06-30,sh.600276,92.3,89.859953,18.755855,20.538322,108.257743,0.4866,1,0
2020-07-01,sh.600276,91.05,88.642998,18.501848,20.260176,106.791631,0.7944,1,0
2020-07-02,sh.600276,91.2,88.789033,18.532329,20.293553,106.967564,0.652,1,0
2020-07-03,sh.600276,91.88,89.451056,18.670509,20.444865,107.765129,0.5648,1,0
2020-07-06,sh.600276,93.13,90.668011,18.924515,20.723011,109.231242,0.9376,1,0
2020-07-07,sh.600276,97.29,94.718037,19.76985,21.648682,114.110464,0.8968,1,0
2020-07-08,sh.600276,97.06,94.494118,19.723112,21.597503,113.840699,0.6774,1,0
2020-07-09,sh.600276,98.51,95.905785,20.01776,21.920153,115.54139,0.5338,1,0
2020-07-10,sh.600276,99.35,96.723579,20.188453,22.107067,116.526617,0.5551,1,0
2020-07-13,sh.600276,99.82,97.181154,20.283959,22.21165,117.077876,0.6113,1,0
2020-07-14,sh.600276,98.43,95.8279,20.001504,21.902351,115.447559,0.6274,1,0
2020-07-15,sh.600276,102.99,100.267352,20.92812,22.917029,120.795937,0.9043,1,0
2020-07-16,sh.600276,96.35,93.802887,19.578837,21.439516,113.007947,0.898,1,0
2020-07-17,sh.600276,96.33,93.783416,19.574772,21.435066,112.98449,0.6923,1,0
2020-07-20,sh.600276,96.49,93.939186,19.607285,21.470668,113.172152,0.4841,1,0
2020-07-21,sh.600276,99.3,96.674901,20.178292,22.095941,116.467973,0.6122,1,0
2020-07-22,sh.600276,99.37,96.74305,20.192517,22.111517,116.550075,0.5689,1,0
2020-07-23,sh.600276,99.37,96.74305,20.192517,22.111517,116.550075,0.6525,1,0
2020-07-24,sh.600276,94.79,92.284127,19.261836,21.092389,111.178239,0.8387,1,0
2020-07-27,sh.600276,95.39,92.868266,19.383759,21.2259,111.881973,0.4718,1,0
2020-07-28,sh.600276,94.6,92.09915,19.223227,21.050111,110.95539,0.5386,1,0
2020-07-29,sh.600276,95.85,93.316105,19.477234,21.328257,112.421502,0.5024,1,0
2020-07-30,sh.600276,94.97,92.459369,19.298413,21.132442,111.389359,0.5155,1,0
2020-07-31,sh.600276,94.38,91.884966,19.178522,21.001157,110.697354,1.0575,1,0
2020-08-03,sh.600276,93.2,88.676046,18.630761,20.128849,97.706404,1.2085,1,0
2020-08-04,sh.600276,93.98,89.418185,18.786684,20.297309,98.524119,0.7693,1,0
2020-08-05,sh.600276,92.79,88.285948,18.548802,20.040299,97.27658,0.7234,1,0
2020-08-06,sh.600276,91.0,86.582835,18.190979,19.653704,95.40003,0.9017,1,0
2020-08-07,sh.600276,91.2,86.773127,18.230959,19.696899,95.6097,0.6229,1,0
2020-08-10,sh.600276,90.79,86.383028,18.149,19.608349,95.179876,0.5437,1,0
2020-08-11,sh.600276,91.78,87.324973,18.346902,19.822165,96.217744,0.6625,1,0
2020-08-12,sh.600276,90.01,85.64089,17.993077,19.439889,94.362161,0.6672,1,0
2020-08-13,sh.600276,88.88,84.56574,17.767189,19.195838,93.177524,0.4982,1,0
2020-08-14,sh.600276,89.5,85.155645,17.891128,19.329742,93.827502,0.4577,1,0
2020-08-17,sh.600276,90.9,86.487689,18.170989,19.632107,95.295195,0.649,1,0
2020-08-18,sh.600276,93.4,88.866338,18.670741,20.172044,97.916075,0.8484,1,0
2020-08-19,sh.600276,92.73,88.22886,18.536808,20.027341,97.213679,0.6188,1,0
2020-08-20,sh.600276,91.7,87.248857,18.33091,19.804887,96.133876,0.3835,1,0
2020-08-21,sh.600276,91.8,87.344003,18.3509,19.826484,96.238711,0.3884,1,0
2020-08-24,sh.600276,92.42,87.933908,18.474839,19.960388,96.88869,0.335,1,0
2020-08-25,sh.600276,93.99,89.427699,18.788683,20.299469,98.534602,0.4717,1,0
2020-08-26,sh.600276,94.58,89.989061,18.906624,20.426894,99.15313,0.5074,1,0
2020-08-27,sh.600276,94.11,89.541874,18.812671,20.325386,98.660404,0.4024,1,0
2020-08-28,sh.600276,95.39,90.759743,19.068544,20.601833,100.002295,0.5317,1,0
2020-08-31,sh.600276,94.87,90.264984,18.964596,20.489527,99.457152,0.5155,1,0
2020-09-01,sh.600276,93.99,89.427699,18.788683,20.299469,98.534602,0.3959,1,0
2020-09-02,sh.600276,94.7,90.103236,18.930613,20.452811,99.278932,0.5163,1,0
2020-09-03,sh.600276,95.0,90.388674,18.990583,20.517603,99.593438,0.3718,1,0
2020-09-04,sh.600276,93.51,88.970999,18.69273,20.195801,98.031393,0.4805,1,0
2020-09-07,sh.600276,91.6,87.153711,18.31092,19.783289,96.029041,0.4418,1,0
2020-09-08,sh.600276,92.33,87.848276,18.456847,19.940951,96.794338,0.3874,1,0
2020-09-09,sh.600276,90.3,85.916813,18.051049,19.502522,94.666183,0.3981,1,0
2020-09-10,sh.600276,90.74,86.335455,18.139005,19.597551,95.127458,0.3071,1,0
2020-09-11,sh.600276,91.81,87.353517,18.352899,19.828644,96.249195,0.3463,1,0
2020-09-14,sh.600276,91.36,86.92536,18.262944,19.731455,95.777437,0.2924,1,0
2020-09-15,sh.600276,91.1,86.677981,18.210969,19.675302,95.504865,0.2811,1,0
2020-09-16,sh.600276,89.74,85.383995,17.939104,19.381576,94.079106,0.3685,1,0
2020-09-17,sh.600276,86.29,82.101459,17.249446,18.636463,90.462292,0.7988,1,0
2020-09-18,sh.600276,88.98,84.660886,17.78718,19.217435,93.282359,0.5622,1,0
2020-09-21,sh.600276,88.5,84.204185,17.691227,19.113767,92.77915,0.3178,1,0
2020-09-22,sh.600276,89.3,84.965353,17.851148,19.286547,93.617831,0.387,1,0
2020-09-23,sh.600276,89.84,85.479141,17.959094,19.403173,94.183942,0.2931,1,0
2020-09-24,sh.600276,87.86,83.595251,17.563291,18.975543,92.108205,0.3267,1,0
2020-09-25,sh.600276,88.45,84.156612,17.681232,19.102969,92.726732,0.2665,1,0
2020-09-28,sh.600276,88.58,84.280302,17.707219,19.131045,92.863018,0.2751,1,0
2020-09-29,sh.600276,89.89,85.526714,17.969089,19.413972,94.236359,0.3358,1,0
2020-09-30,sh.600276,89.82,85.460112,17.955096,19.398854,94.162975,0.4425,1,0
2020-10-09,sh.600276,91.95,87.486721,18.380885,19.85888,96.395964,0.3697,1,0
2020-10-12,sh.600276,94.2,89.627506,18.830662,20.344823,98.754756,0.4646,1,0
2020-10-13,sh.600276,93.7,89.151776,18.730712,20.236836,98.23058,0.353,1,0
2020-10-14,sh.600276,93.0,88.485754,18.590781,20.085654,97.496734,0.3982,1,0
2020-10-15,sh.600276,93.16,88.637988,18.622765,20.12021,97.66447,0.3362,1,0
2020-10-16,sh.600276,93.1,88.5809,18.610771,20.107251,97.601569,0.3333,1,0
2020-10-19,sh.600276,91.52,87.077594,18.294928,19.766011,95.945173,0.3912,1,0
2020-10-20,sh.600276,91.01,82.534166,17.098434,18.751167,69.392289,0.421,1,0
2020-10-21,sh.600276,89.58,81.237344,16.829774,18.456538,68.301959,0.5445,1,0
2020-10-22,sh.600276,89.56,81.219206,16.826017,18.452418,68.286709,0.305,1,0
2020-10-23,sh.600276,88.15,79.940521,16.561114,18.16191,67.211628,0.2755,1,0
2020-10-26,sh.600276,89.18,80.874596,16.754624,18.374125,67.996971,0.2369,1,0
2020-10-27,sh.600276,89.23,81.300644,16.842888,18.47092,68.35518,0.2878,1,0
2020-10-28,sh.600276,91.36,83.241363,17.244943,18.911837,69.986879,0.4915,1,0
2020-10-29,sh.600276,91.04,82.9498,17.18454,18.845596,69.741741,0.4504,1,0
2020-10-30,sh.600276,88.84,80.945301,16.769272,18.390188,68.056418,0.5731,1,0
2020-11-02,sh.600276,89.23,81.300644,16.842888,18.47092,68.35518,0.4044,1,0
2020-11-03,sh.600276,90.15,82.138889,17.016545,18.661363,69.059951,0.3707,1,0
2020-11-04,sh.600276,90.17,82.157111,17.020321,18.665503,69.075272,0.2638,1,0
2020-11-05,sh.600276,91.2,83.095581,17.214741,18.878717,69.86431,0.3416,1,0
2020-11-06,sh.600276,88.89,80.990858,16.77871,18.400539,68.094721,0.6038,1,0
2020-11-09,sh.600276,89.37,81.428203,16.869314,18.4999,68.462428,0.5945,1,0
2020-11-10,sh.600276,87.95,80.13439,16.601278,18.205955,67.374628,0.5673,1,0
2020-11-11,sh.600276,86.17,78.512568,16.265288,17.837489,66.011048,0.6629,1,0
2020-11-12,sh.600276,86.55,78.8588,16.337016,17.91615,66.30215,0.3685,1,0
2020-11-13,sh.600276,85.5,77.902107,16.13882,17.698797,65.497791,0.556,1,0
2020-11-16,sh.600276,85.63,78.020555,16.163359,17.725707,65.597378,0.3849,1,0
2020-11-17,sh.600276,85.53,77.929441,16.144483,17.705007,65.520772,0.4073,1,0
2020-11-18,sh.600276,86.61,78.913468,16.348342,17.928571,66.348113,0.4545,1,0
2020-11-19,sh.600276,87.3,79.542152,16.478585,18.071403,66.876692,0.3402,1,0
2020-11-20,sh.600276,86.91,79.186809,16.404969,17.990672,66.57793,0.3241,1,0
2020-11-23,sh.600276,86.12,78.467012,16.25585,17.827139,65.972746,0.6209,1,0
2020-11-24,sh.600276,87.17,79.423704,16.454046,18.044493,66.777104,0.4501,1,0
2020-11-25,sh.600276,86.13,78.476123,16.257738,17.829209,65.980406,0.3781,1,0
2020-11-26,sh.600276,86.0,78.357675,16.233199,17.802299,65.880819,0.2947,1,0
2020-11-27,sh.600276,86.95,79.223254,16.412519,17.998952,66.608572,0.3062,1,0
2020-11-30,sh.600276,85.99,78.348564,16.231312,17.800229,65.873158,0.4568,1,0
2020-12-01,sh.600276,87.61,79.824604,16.5371,18.135574,67.114169,0.4633,1,0
2020-12-02,sh.600276,87.53,79.751713,16.521999,18.119014,67.052885,0.3015,1,0
2020-12-03,sh.600276,89.99,81.993107,16.986344,18.628242,68.937382,0.6076,1,0
2020-12-04,sh.600276,91.32,83.204918,17.237392,18.903557,69.956237,0.5699,1,0
2020-12-07,sh.600276,89.88,81.892882,16.965581,18.605472,68.853116,0.453,1,0
2020-12-08,sh.600276,90.07,82.065998,17.001445,18.644803,68.998667,0.275,1,0
2020-12-09,sh.600276,88.24,80.398619,16.656017,18.265986,67.596784,0.4227,1,0
2020-12-10,sh.600276,89.0,81.091083,16.799474,18.423309,68.178987,0.3255,1,0
2020-12-11,sh.600276,89.5,81.54665,16.893853,18.526811,68.562015,0.4891,1,0
2020-12-14,sh.600276,90.11,82.102443,17.008995,18.653083,69.029309,0.3377,1,0
2020-12-15,sh.600276,97.02,88.398391,18.313314,20.083477,74.322756,1.4569,1,0
2020-12-16,sh.600276,97.01,88.38928,18.311426,20.081407,74.315096,0.7754,1,0
2020-12-17,sh.600276,105.18,95.833259,19.85358,21.772625,80.573774,1.7068,1,0
2020-12-18,sh.600276,105.66,96.270604,19.944184,21.871987,80.94148,0.8758,1,0
2020-12-21,sh.600276,107.86,98.275103,20.359452,22.327394,82.626804,0.6982,1,0
2020-12-22,sh.600276,106.2,96.762618,20.046113,21.983769,81.355151,0.5379,1,0
2020-12-23,sh.600276,106.0,96.58039,20.008362,21.942368,81.201939,0.5645,1,0
2020-12-24,sh.600276,108.8,99.131571,20.536885,22.521978,83.346896,0.535,1,0
2020-12-25,sh.600276,115.01,104.789724,21.709073,23.807469,88.104104,0.6124,1,0
2020-12-28,sh.600276,111.0,101.136069,20.952152,22.977385,85.03222,0.7446,1,0
2020-12-29,sh.600276,108.28,98.65778,20.43873,22.414336,82.948547,0.7137,1,0
2020-12-30,sh.600276,112.7,102.685,21.273041,23.329291,86.334515,0.6839,1,0
2020-12-31,sh.600276,111.46,101.555192,21.038981,23.072607,85.384605,0.5317,1,0
2021-01-04,sh.600276,111.2,101.318296,20.989904,23.018786,85.185431,0.6863,1,0
2021-01-05,sh.600276,113.23,103.167902,21.373083,23.439003,86.740525,0.7886,1,0
2021-01-06,sh.600276,113.72,103.614359,21.465575,23.540435,87.115892,0.5357,1,0
2021-01-07,sh.600276,115.0,104.780612,21.707185,23.805399,88.096444,0.6218,1,0
2021-01-08,sh.600276,113.22,103.158791,21.371195,23.436933,86.732864,0.581,1,0
2021-01-11,sh.600276,111.3,101.40941,21.00878,23.039486,85.262036,0.5136,1,0
2021-01-12,sh.600276,114.1,103.96059,21.537303,23.619096,87.406993,0.5397,1,0
2021-01-13,sh.600276,112.57,102.566552,21.248503,23.302381,86.234928,0.448,1,0
2021-01-14,sh.600276,110.18,100.388938,20.797371,22.807642,84.404054,0.5662,1,0
2021-01-15,sh.600276,109.83,100.07004,20.731305,22.735191,84.135934,0.4656,1,0
2021-01-18,sh.600276,107.83,98.247769,20.353789,22.321184,82.603822,0.444,1,0
2021-01-19,sh.600276,104.95,95.623698,19.810166,21.725014,80.397581,0.6574,1,0
2021-01-20,sh.600276,105.97,96.553056,20.002699,21.936158,81.178958,0.576,1,0
2021-01-21,sh.600276,108.15,98.539332,20.414192,22.387425,82.84896,0.722,1,0
2021-01-22,sh.600276,112.6,102.593887,21.254165,23.308591,86.257909,0.7755,1,0
2021-01-25,sh.600276,111.45,101.54608,21.037094,23.070537,85.376945,0.7314,1,0
2021-01-26,sh.600276,107.0,97.491526,20.19712,22.149371,81.967995,0.6406,1,0
2021-01-27,sh.600276,106.62,97.145295,20.125392,22.07071,81.676894,0.4342,1,0
2021-01-28,sh.600276,104.66,95.359469,19.755426,21.664983,80.175424,0.5331,1,0
2021-01-29,sh.600276,103.76,94.539446,19.585544,21.47868,79.485974,0.6171,1,0
2021-02-01,sh.600276,102.55,93.436972,19.357146,21.228206,78.559046,0.4726,1,0
2021-02-02,sh.600276,106.0,96.58039,20.008362,21.942368,81.201939,0.5879,1,0
2021-02-03,sh.600276,105.0,95.669255,19.819604,21.735364,80.435883,0.4066,1,0
2021-02-04,sh.600276,102.8,93.664756,19.404336,21.279957,78.75056,0.538,1,0
2021-02-05,sh.600276,107.3,97.764867,20.253747,22.211472,82.197812,0.7175,1,0
2021-02-08,sh.600276,106.28,96.835509,20.061214,22.000329,81.416435,0.7038,1,0
2021-02-09,sh.600276,109.74,99.988038,20.714317,22.716561,84.066989,0.6433,1,0
2021-02-10,sh.600276,109.2,99.496025,20.612388,22.604779,83.653319,0.6476,1,0
2021-02-18,sh.600276,104.9,95.578141,19.800728,21.714664,80.359278,0.8488,1,0
2021-02-19,sh.600276,105.16,95.815036,19.849805,21.768485,80.558452,0.54,1,0
2021-02-22,sh.600276,100.01,91.122687,18.877701,20.702417,76.613264,0.8599,1,0
2021-02-23,sh.600276,100.7,91.751371,19.007944,20.84525,77.141842,0.4804,1,0
2021-02-24,sh.600276,99.7,90.840235,18.819186,20.638246,76.375786,0.5989,1,0
2021-02-25,sh.600276,101.05,92.070268,19.074009,20.917701,77.409962,0.5957,1,0
2021-02-26,sh.600276,101.8,92.75362,19.215578,21.072953,77.984504,0.6595,1,0
2021-03-01,sh.600276,100.31,91.396028,18.934328,20.764518,76.843081,0.5754,1,0
2021-03-02,sh.600276,98.35,89.610202,18.564362,20.358791,75.341611,0.5733,1,0
2021-03-03,sh.600276,101.35,92.343609,19.130637,20.979802,77.639779,0.4987,1,0
2021-03-04,sh.600276,100.5,91.569144,18.970192,20.803849,76.988631,0.4727,1,0
2021-03-05,sh.600276,100.3,91.386917,18.93244,20.762448,76.83542,0.4304,1,0
2021-03-08,sh.600276,92.12,83.933826,17.388399,19.06916,70.569082,0.8708,1,0
2021-03-09,sh.600276,91.78,83.62404,17.324221,18.998779,70.308623,0.8097,1,0
2021-03-10,sh.600276,93.4,85.10008,17.630009,19.334124,71.549633,0.4563,1,0
2021-03-11,sh.600276,93.48,85.172971,17.64511,19.350685,71.610918,0.5136,1,0
2021-03-12,sh.600276,92.19,83.997606,17.401612,19.08365,70.622706,0.4319,1,0
2021-03-15,sh.600276,89.59,81.628653,16.910841,18.545441,68.63096,0.5677,1,0
2021-03-16,sh.600276,89.19,81.264198,16.835338,18.46264,68.324538,0.4531,1,0
2021-03-17,sh.600276,88.62,80.744851,16.727746,18.344648,67.887886,0.4728,1,0
2021-03-18,sh.600276,89.21,81.282421,16.839113,18.46678,68.339859,0.5863,1,0
2021-03-19,sh.600276,88.05,80.225504,16.620153,18.226656,67.451234,0.4231,1,0
2021-03-22,sh.600276,88.11,80.280172,16.631479,18.239076,67.497197,0.4802,1,0
2021-03-23,sh.600276,87.65,79.861049,16.54465,18.143854,67.144811,0.4588,1,0
2021-03-24,sh.600276,86.52,78.831466,16.331353,17.90994,66.279168,0.3791,1,0
2021-03-25,sh.600276,87.23,79.478372,16.465372,18.056913,66.823068,0.4096,1,0
2021-03-26,sh.600276,91.22,83.113804,17.218517,18.882857,69.879631,0.7128,1,0
2021-03-29,sh.600276,90.53,82.48512,17.088274,18.740024,69.351053,0.4705,1,0
2021-03-30,sh.600276,93.6,85.282307,17.667761,19.375525,71.702845,0.5585,1,0
2021-03-31,sh.600276,92.09,83.906492,17.382736,19.06295,70.5461,0.3544,1,0
2021-04-01,sh.600276,93.85,85.510091,17.714951,19.427276,71.894359,0.3633,1,0
2021-04-02,sh.600276,92.68,84.444062,17.494104,19.185082,70.998073,0.3731,1,0
2021-04-06,sh.600276,90.9,82.822241,17.158114,18.816616,69.634493,0.32,1,0
2021-04-07,sh.600276,90.68,82.621791,17.116587,18.771075,69.465961,0.3186,1,0
2021-04-08,sh.600276,92.44,84.22539,17.448802,19.135401,70.81422,0.3482,1,0
2021-04-09,sh.600276,91.2,83.095581,17.214741,18.878717,69.86431,0.339,1,0
2021-04-12,sh.600276,89.53,81.573985,16.899515,18.533021,68.584997,0.4022,1,0
2021-04-13,sh.600276,88.98,81.07286,16.795698,18.419169,68.163666,0.4218,1,0
2021-04-14,sh.600276,85.52,77.92033,16.142595,17.702937,65.513112,1.7385,1,0
2021-04-15,sh.600276,82.18,74.877137,15.512143,17.011545,62.954485,1.1283,1,0
2021-04-16,sh.600276,80.62,73.455765,15.21768,16.68862,61.759437,0.9966,1,0
2021-04-19,sh.600276,82.09,74.795134,15.495155,16.992915,62.88554,0.9981,1,0
2021-04-20,sh.600276,80.31,65.779226,13.302212,14.695937,130.756454,1.3991,1,0
2021-04-21,sh.600276,83.18,68.129947,13.777587,15.221118,135.429235,1.2968,1,0
2021-04-22,sh.600276,82.2,67.327262,13.615264,15.041788,133.833651,0.6945,1,0
2021-04-23,sh.600276,83.0,67.982515,13.747772,15.18818,135.136169,0.8832,1,0
2021-04-26,sh.600276,81.52,66.770297,13.502631,14.917355,132.726512,1.0223,1,0
2021-04-27,sh.600276,83.05,68.023468,13.756054,15.19733,135.217576,0.6332,1,0
2021-04-28,sh.600276,82.86,67.867846,13.724583,15.162562,134.908228,0.5119,1,0
2021-04-29,sh.600276,82.35,67.450122,13.640109,15.069237,134.077873,0.5984,1,0
2021-04-30,sh.600276,84.1,68.883488,13.929972,15.389469,136.92713,0.9675,1,0
2021-05-06,sh.600276,82.12,67.261736,13.602013,15.027149,133.7034,0.7942,1,0
2021-05-07,sh.600276,79.99,65.517125,13.249209,14.63738,130.235447,0.6993,1,0
2021-05-10,sh.600276,80.33,65.795608,13.305525,14.699597,130.789017,0.4771,1,0
2021-05-11,sh.600276,83.71,68.564052,13.865374,15.318103,136.292153,0.7312,1,0
2021-05-12,sh.600276,83.18,68.129947,13.777587,15.221118,135.429235,0.4588,1,0
2021-05-13,sh.600276,81.73,66.942301,13.537415,14.955783,133.068422,0.4666,1,0
2021-05-14,sh.600276,83.83,68.66234,13.88525,15.340062,136.48753,0.6547,1,0
2021-05-17,sh.600276,85.38,69.931893,14.141986,15.623697,139.011158,0.6751,1,0
2021-05-18,sh.600276,85.73,70.218566,14.199958,15.687743,139.581009,0.361,1,0
2021-05-19,sh.600276,85.05,69.661601,14.087326,15.56331,138.473869,0.315,1,0
2021-05-20,sh.600276,83.71,68.564052,13.865374,15.318103,136.292153,0.6543,1,0
2021-05-21,sh.600276,82.17,67.30269,13.610295,15.036298,133.784807,0.6903,1,0
2021-05-24,sh.600276,83.36,68.277379,13.807401,15.254057,135.722301,0.5266,1,0
2021-05-25,sh.600276,86.25,70.644481,14.286089,15.782898,140.427645,0.8753,1,0
2021-05-26,sh.600276,86.29,70.677244,14.292714,15.790218,140.492771,0.7868,1,0
2021-05-27,sh.600276,86.31,70.687185,14.294725,15.792439,140.512532,0.6151,1,0
2021-05-28,sh.600276,85.85,70.310449,14.218539,15.708271,139.763653,0.6055,1,0
2021-05-31,sh.600276,86.3,70.678995,14.293068,15.790609,140.496252,0.4891,1,0
2021-06-01,sh.600276,87.47,71.637215,14.486845,16.004688,142.40101,0.7398,1,0
2021-06-02,sh.600276,84.36,69.090151,13.971764,15.435641,137.337936,0.9881,1,0
2021-06-03,sh.600276,82.58,67.632345,13.676959,15.109948,134.440099,0.7804,1,0
2021-06-04,sh.600276,82.65,67.689675,13.688553,15.122756,134.554058,0.6309,1,0
2021-06-07,sh.600276,82.44,67.517686,13.653772,15.084331,134.212179,0.4768,1,0
2021-06-08,sh.600276,82.98,67.959942,13.743208,15.183137,135.091298,0.5613,1,0
2021-06-09,sh.600276,84.15,68.918162,13.936984,15.397216,136.996056,0.4836,1,0
2021-06-10,sh.600276,73.0,71.743684,14.508375,16.028475,142.61265,0.9702,1,0
2021-06-11,sh.600276,72.96,71.704373,14.500426,16.019692,142.534506,0.7039,1,0
2021-06-15,sh.600276,71.88,70.642959,14.285781,15.782558,140.42462,0.6886,1,0
2021-06-16,sh.600276,70.81,69.591374,14.073124,15.54762,138.33427,0.4403,1,0
2021-06-17,sh.600276,71.15,69.925522,14.140697,15.622273,138.998494,0.3668,1,0
2021-06-18,sh.600276,71.44,70.210532,14.198333,15.685948,139.565037,0.4878,1,0
2021-06-21,sh.600276,69.51,68.313746,13.814756,15.262182,135.794593,0.7112,1,0
2021-06-22,sh.600276,70.48,69.267053,14.007538,15.475163,137.689583,0.6849,1,0
2021-06-23,sh.600276,71.15,69.925522,14.140697,15.622273,138.998494,0.8986,1,0
2021-06-24,sh.600276,68.0,66.829733,13.514651,14.930634,132.84466,1.2126,1,0
2021-06-25,sh.600276,68.06,66.888701,13.526576,14.943808,132.961876,0.8437,1,0
2021-06-28,sh.600276,68.6,67.419407,13.633898,15.062375,134.016819,0.6456,1,0
2021-06-29,sh.600276,68.2,67.026291,13.5544,14.974547,133.23538,0.4721,1,0
2021-06-30,sh.600276,67.97,66.80025,13.508689,14.924047,132.786052,0.419,1,0
2021-07-01,sh.600276,69.69,68.490649,13.85053,15.301704,136.146241,0.776,1,0
2021-07-02,sh.600276,66.91,65.758492,13.298019,14.691304,130.715239,0.8344,1,0
2021-07-05,sh.600276,62.95,61.866643,12.510989,13.821815,122.978991,1.2486,1,0
2021-07-06,sh.600276,62.06,60.99196,12.334107,13.626399,121.240288,1.0301,1,0
2021-07-07,sh.600276,62.45,61.375248,12.411617,13.712031,122.002192,0.6617,1,0
2021-07-08,sh.600276,61.37,60.313834,12.196973,13.474897,119.892306,0.5916,1,0
2021-07-09,sh.600276,62.1,61.031271,12.342056,13.635182,121.318432,0.4981,1,0
2021-07-12,sh.600276,63.12,62.033717,12.544776,13.859141,123.311102,0.9421,1,0
2021-07-13,sh.600276,61.94,60.874025,12.310257,13.600051,121.005857,0.5991,1,0
2021-07-14,sh.600276,60.11,59.075519,11.946554,13.198241,117.430772,1.0629,1,0
2021-07-15,sh.600276,60.27,59.232765,11.978353,13.233372,117.743348,1.0178,1,0
2021-07-16,sh.600276,60.1,59.065691,11.944567,13.196045,117.411237,0.7068,1,0
2021-07-19,sh.600276,60.96,59.91089,12.115487,13.384874,119.091331,0.7889,1,0
2021-07-20,sh.600276,63.18,62.092685,12.556701,13.872315,123.428318,1.2534,1,0
2021-07-21,sh.600276,62.98,61.896126,12.516952,13.828402,123.037599,0.8709,1,0
2021-07-22,sh.600276,61.28,60.225383,12.179086,13.455136,119.716482,0.7381,1,0
2021-07-23,sh.600276,61.49,60.431769,12.220822,13.501245,120.126738,0.5671,1,0
2021-07-26,sh.600276,59.22,58.200835,11.769671,13.002825,115.69207,0.7287,1,0
2021-07-27,sh.600276,54.5,53.562066,10.831595,11.966464,106.471088,1.2736,1,0
2021-07-28,sh.600276,55.91,54.9478,11.111826,12.276055,109.225661,0.8228,1,0
2021-07-29,sh.600276,55.11,54.161568,10.95283,12.1004,107.662783,0.8325,1,0
2021-07-30,sh.600276,54.38,53.444131,10.807746,11.940116,106.236656,0.7605,1,0
2021-08-02,sh.600276,55.25,54.299158,10.980654,12.13114,107.936286,0.9488,1,0
2021-08-03,sh.600276,57.4,56.412157,11.407955,12.603211,112.136522,0.8637,1,0
2021-08-04,sh.600276,56.33,55.360572,11.195298,12.368274,110.046172,0.7433,1,0
2021-08-05,sh.600276,55.8,54.839693,11.089964,12.251902,109.010765,0.6059,1,0
2021-08-06,sh.600276,54.8,53.856903,10.891219,12.032334,107.057167,0.5456,1,0
2021-08-09,sh.600276,56.92,55.940418,11.312558,12.497819,111.198795,0.8465,1,0
2021-08-10,sh.600276,57.74,56.746306,11.475529,12.677865,112.800745,0.8843,1,0
2021-08-11,sh.600276,56.89,55.910934,11.306596,12.491232,111.140187,0.619,1,0
2021-08-12,sh.600276,55.8,54.839693,11.089964,12.251902,109.010765,0.6295,1,0
2021-08-13,sh.600276,56.53,55.55713,11.235047,12.412187,110.436892,0.5317,1,0
2021-08-16,sh.600276,56.47,55.498162,11.223123,12.399013,110.319676,0.3936,1,0
2021-08-17,sh.600276,54.75,53.807763,10.881282,12.021356,106.959487,0.57,1,0
2021-08-18,sh.600276,54.99,54.043633,10.92898,12.074052,107.428351,0.5183,1,0
2021-08-19,sh.600276,53.84,52.913424,10.700424,11.821549,105.181713,0.5216,1,0
2021-08-20,sh.600276,48.46,48.945181,9.456006,10.430275,125.003012,2.2093,1,0
2021-08-23,sh.600276,47.18,47.652365,9.206239,10.154774,121.70124,2.1076,1,0
2021-08-24,sh.600276,47.2,47.672566,9.210142,10.159079,121.75283,1.5296,1,0
2021-08-25,sh.600276,47.41,47.884668,9.251119,10.204278,122.294527,0.9911,1,0
2021-08-26,sh.600276,45.31,45.763643,8.841346,9.752285,116.877558,1.2632,1,0
2021-08-27,sh.600276,46.05,46.511052,8.985742,9.911559,118.786395,0.8454,1,0
2021-08-30,sh.600276,45.6,46.056546,8.897934,9.814703,117.625616,0.6982,1,0
2021-08-31,sh.600276,45.2,45.652542,8.819882,9.72861,116.593812,0.7785,1,0
2021-09-01,sh.600276,46.59,47.056458,9.091113,10.027786,120.17933,1.1484,1,0
2021-09-02,sh.600276,45.86,46.31915,8.948668,9.870664,118.296288,0.7315,1,0
2021-09-03,sh.600276,46.1,46.561552,8.995499,9.922321,118.91537,0.7261,1,0
2021-09-06,sh.600276,48.1,48.581576,9.385759,10.35279,124.074388,1.361,1,0
2021-09-07,sh.600276,48.08,48.561376,9.381857,10.348486,124.022798,0.7679,1,0
2021-09-08,sh.600276,47.75,48.228072,9.317464,10.277458,123.17156,0.5199,1,0
2021-09-09,sh.600276,47.44,47.914968,9.256973,10.210735,122.371912,0.4737,1,0
2021-09-10,sh.600276,47.45,47.925069,9.258925,10.212888,122.397707,0.5306,1,0
2021-09-13,sh.600276,46.75,47.21806,9.122333,10.062223,120.592051,0.6374,1,0
2021-09-14,sh.600276,46.8,47.268561,9.13209,10.072985,120.721026,0.7654,1,0
2021-09-15,sh.600276,45.72,46.177748,8.921349,9.840532,117.935157,0.7041,1,0
2021-09-16,sh.600276,46.15,46.612053,9.005255,9.933083,119.044346,0.8777,1,0
2021-09-17,sh.600276,46.95,47.420063,9.161359,10.10527,121.107953,0.9978,1,0
2021-09-22,sh.600276,47.9,48.379574,9.346733,10.309743,123.558486,0.9117,1,0
2021-09-23,sh.600276,47.79,48.268473,9.325269,10.286067,123.27474,0.9217,1,0
2021-09-24,sh.600276,49.8,50.298597,9.71748,10.718689,128.459554,1.4561,1,0
2021-09-27,sh.600276,50.75,51.258108,9.902854,10.923162,130.910087,1.3845,1,0
2021-09-28,sh.600276,50.39,50.894504,9.832607,10.845678,129.981464,0.8524,1,0
2021-09-29,sh.600276,49.92,50.419798,9.740896,10.744517,128.769095,0.7607,1,0
2021-09-30,sh.600276,50.23,50.732902,9.801386,10.81124,129.568743,0.6458,1,0
2021-10-08,sh.600276,54.19,54.732549,10.574102,11.66357,139.783599,1.7657,1,0
2021-10-11,sh.600276,53.61,54.146742,10.460926,11.538734,138.287484,1.1599,1,0
2021-10-12,sh.600276,53.8,54.338645,10.498001,11.579628,138.77759,0.8618,1,0
2021-10-13,sh.600276,52.95,53.480134,10.33214,11.396679,136.585008,0.9526,1,0
2021-10-14,sh.600276,51.06,51.571212,9.963344,10.989885,131.709735,0.8805,1,0
2021-10-15,sh.600276,50.05,50.5511,9.766263,10.772498,129.104431,0.8933,1,0
2021-10-18,sh.600276,49.1,49.591588,9.580889,10.568025,126.653897,0.8075,1,0
2021-10-19,sh.600276,49.61,50.106694,9.680406,10.677795,127.969447,0.817,1,0
2021-10-20,sh.600276,51.58,52.570067,9.638054,11.570013,121.849495,1.5169,1,0
2021-10-21,sh.600276,50.5,51.469336,9.436249,11.327756,119.298168,0.6869,1,0
2021-10-22,sh.600276,51.3,52.284692,9.585734,11.507206,121.18804,0.7255,1,0
2021-10-25,sh.600276,51.21,52.192965,9.568917,11.487018,120.975429,0.721,1,0
2021-10-26,sh.600276,49.4,50.348222,9.230707,11.081013,116.699594,1.0011,1,0
2021-10-27,sh.600276,49.06,50.001696,9.167176,11.004747,115.896399,0.5347,1,0
2021-10-28,sh.600276,48.76,49.695938,9.111119,10.937453,115.187697,0.6985,1,0
2021-10-29,sh.600276,49.24,50.185151,9.20081,11.045123,116.32162,0.6701,1,0
2021-11-01,sh.600276,49.8,50.7559,9.30545,11.170738,117.64453,0.7645,1,0
2021-11-02,sh.600276,48.5,49.430947,9.062536,10.879132,114.573488,0.7528,1,0
2021-11-03,sh.600276,49.12,50.062848,9.178387,11.018206,116.038139,0.6514,1,0
2021-11-04,sh.600276,51.21,52.192965,9.568917,11.487018,120.975429,1.2907,1,0
2021-11-05,sh.600276,51.81,52.804482,9.681031,11.621605,122.392833,1.4433,1,0
2021-11-08,sh.600276,49.62,50.572445,9.271815,11.130362,117.219309,1.2963,1,0
2021-11-09,sh.600276,49.81,50.766092,9.307318,11.172981,117.668154,0.5857,1,0
2021-11-10,sh.600276,53.73,54.761336,10.039795,12.052284,126.928526,2.1502,1,0
2021-11-11,sh.600276,53.0,54.017323,9.90339,11.888536,125.204018,1.2163,1,0
2021-11-12,sh.600276,52.55,53.558686,9.819305,11.787596,124.140965,0.6951,1,0
2021-11-15,sh.600276,53.37,54.394425,9.972527,11.971532,126.078084,0.925,1,0
2021-11-16,sh.600276,54.35,55.393236,10.155646,12.191358,128.393177,1.0609,1,0
2021-11-17,sh.600276,53.92,54.954983,10.075298,12.094903,127.377371,0.8187,1,0
2021-11-18,sh.600276,51.78,52.773906,9.675425,11.614876,122.321963,1.0913,1,0
2021-11-19,sh.600276,51.99,52.987937,9.714665,11.661981,122.818055,0.5747,1,0
2021-11-22,sh.600276,52.02,53.018513,9.720271,11.668711,122.888925,0.6757,1,0
2021-11-23,sh.600276,52.08,53.079664,9.731482,11.682169,123.030665,0.4672,1,0
2021-11-24,sh.600276,51.88,52.875825,9.694111,11.637307,122.558197,0.4723,1,0
2021-11-25,sh.600276,52.99,54.007131,9.901522,11.886293,125.180395,0.743,1,0
2021-11-26,sh.600276,52.35,53.354847,9.781933,11.742734,123.668497,0.661,1,0
2021-11-29,sh.600276,51.09,52.070661,9.546494,11.4601,120.691949,0.8879,1,0
2021-11-30,sh.600276,50.17,51.133002,9.374586,11.253733,118.518596,0.7572,1,0
2021-12-01,sh.600276,50.5,51.469336,9.436249,11.327756,119.298168,0.5023,1,0
2021-12-02,sh.600276,49.06,50.001696,9.167176,11.004747,115.896399,0.8215,1,0
2021-12-03,sh.600276,49.2,50.144383,9.193336,11.036151,116.227126,0.6095,1,0
2021-12-06,sh.600276,49.28,50.225919,9.208284,11.054096,116.416113,0.5677,1,0
2021-12-07,sh.600276,50.18,51.143194,9.376455,11.255976,118.542219,0.651,1,0
2021-12-08,sh.600276,50.36,51.31489,9.407933,11.293765,118.940185,0.524,1,0
2021-12-09,sh.600276,51.39,52.36442,9.600351,11.524753,121.372837,0.903,1,0
2021-12-10,sh.600276,51.26,52.231955,9.576066,11.495599,121.065804,0.621,1,0
2021-12-13,sh.600276,51.0,51.967025,9.527494,11.437291,120.451736,0.6962,1,0
2021-12-14,sh.600276,51.0,51.967025,9.527494,11.437291,120.451736,0.4849,1,0
2021-12-15,sh.600276,50.0,50.948064,9.34068,11.213031,118.089937,0.6642,1,0
2021-12-16,sh.600276,50.23,51.182425,9.383648,11.264611,118.633151,0.4972,1,0
2021-12-17,sh.600276,49.78,50.723893,9.299581,11.163693,117.570341,0.4152,1,0
2021-12-20,sh.600276,49.88,50.825789,9.318263,11.18612,117.806521,0.3942,1,0
2021-12-21,sh.600276,50.04,50.988823,9.348153,11.222001,118.184409,0.3502,1,0
2021-12-22,sh.600276,49.66,50.601617,9.277164,11.136782,117.286926,0.3935,1,0
2021-12-23,sh.600276,49.41,50.346877,9.23046,11.080717,116.696476,0.3995,1,0
2021-12-24,sh.600276,50.12,51.070339,9.363098,11.239942,118.373353,0.518,1,0
2021-12-27,sh.600276,50.41,51.365838,9.417274,11.304978,119.058275,0.4205,1,0
2021-12-28,sh.600276,50.17,51.121287,9.372439,11.251155,118.491443,0.435,1,0
2021-12-29,sh.600276,49.72,50.662755,9.288373,11.150238,117.428634,0.337,1,0
2021-12-30,sh.600276,50.01,50.958254,9.342549,11.215273,118.113555,0.4482,1,0
2021-12-31,sh.600276,50.71,51.671527,9.473318,11.372256,119.766814,0.5942,1,0
2022-01-04,sh.600276,50.39,51.345459,9.413538,11.300492,119.011039,0.5888,1,0
2022-01-05,sh.600276,50.92,51.885508,9.512549,11.419351,120.262792,0.7309,1,0
2022-01-06,sh.600276,50.11,51.06015,9.36123,11.237699,118.349735,0.6959,1,0
2022-01-07,sh.600276,50.88,51.84475,9.505076,11.41038,120.16832,0.7584,1,0
2022-01-10,sh.600276,51.12,52.089301,9.549912,11.464203,120.735152,0.6169,1,0
2022-01-11,sh.600276,50.18,51.131477,9.374307,11.253398,118.515061,0.5803,1,0
2022-01-12,sh.600276,49.59,50.53029,9.264087,11.121084,117.1216,0.8099,1,0
2022-01-13,sh.600276,47.48,48.380282,8.86991,10.647894,112.138204,1.4273,1,0
2022-01-14,sh.600276,46.65,47.534544,8.714855,10.461758,110.177911,0.7731,1,0
2022-01-17,sh.600276,46.41,47.289993,8.67002,10.407935,109.61108,0.6178,1,0
2022-01-18,sh.600276,46.21,47.086201,8.632657,10.363083,109.13872,0.5553,1,0
2022-01-19,sh.600276,45.73,46.597099,8.542986,10.255438,108.005057,0.6478,1,0
2022-01-20,sh.600276,45.69,46.556341,8.535514,10.246468,107.910585,0.549,1,0
2022-01-21,sh.600276,44.94,45.79212,8.395404,10.078272,106.139236,0.7006,1,0
2022-01-24,sh.600276,43.29,44.110834,8.087161,9.708242,102.242268,1.0171,1,0
2022-01-25,sh.600276,42.82,43.631922,7.999359,9.60284,101.132222,0.6332,1,0
2022-01-26,sh.600276,42.09,42.88808,7.862985,9.439129,99.408109,0.5946,1,0
2022-01-27,sh.600276,41.09,41.869119,7.676171,9.214869,97.04631,0.73,1,0
2022-01-28,sh.600276,40.95,41.726464,7.650017,9.183472,96.715659,0.5477,1,0
2022-02-07,sh.600276,41.14,41.920067,7.685512,9.226082,97.1644,0.4918,1,0
2022-02-08,sh.600276,41.72,42.511065,7.793864,9.356153,98.534244,0.487,1,0
2022-02-09,sh.600276,42.01,42.806563,7.84804,9.421188,99.219165,0.5025,1,0
2022-02-10,sh.600276,41.57,42.35822,7.765842,9.322514,98.179974,0.402,1,0
2022-02-11,sh.600276,41.26,42.042342,7.707929,9.252993,97.447816,0.5826,1,0
2022-02-14,sh.600276,39.75,40.503711,7.425841,8.914359,93.8815,0.842,1,0
2022-02-15,sh.600276,41.2,41.981205,7.696721,9.239537,97.306108,1.0116,1,0
2022-02-16,sh.600276,40.57,41.339259,7.579028,9.098253,95.818175,0.7573,1,0
2022-02-17,sh.600276,40.61,41.269971,7.566325,9.083004,95.657576,0.4258,1,0
2022-02-18,sh.600276,40.96,41.625659,7.631536,9.161286,96.482007,0.5039,1,0
2022-02-21,sh.600276,40.93,41.595172,7.625946,9.154576,96.411341,0.3975,1,0
2022-02-22,sh.600276,40.11,40.761845,7.473167,8.971172,94.479817,0.5038,1,0
2022-02-23,sh.600276,40.9,41.564684,7.620357,9.147866,96.340676,0.5269,1,0
2022-02-24,sh.600276,39.68,40.324857,7.39305,8.874996,93.466944,0.8773,1,0
2022-02-25,sh.600276,40.11,40.761845,7.473167,8.971172,94.479817,0.8407,1,0
2022-02-28,sh.600276,40.08,40.731358,7.467577,8.964462,0.0,0.5005,1,0
2022-03-01,sh.600276,41.06,41.727284,7.650168,9.183653,96.717559,0.8538,1,0
2022-03-02,sh.600276,40.61,41.269971,7.566325,9.083004,95.657576,0.4352,1,0
2022-03-03,sh.600276,40.15,40.802495,7.480619,8.980118,94.574037,0.4469,1,0
2022-03-04,sh.600276,39.78,40.426482,7.411682,8.897362,93.702496,0.5057,1,0
2022-03-07,sh.600276,37.55,38.160242,6.996196,8.398591,88.449691,1.0866,1,0
2022-03-08,sh.600276,36.68,37.276103,6.8341,8.204003,86.400391,0.7457,1,0
2022-03-09,sh.600276,36.04,36.625702,6.714857,8.060858,84.89286,0.876,1,0
2022-03-10,sh.600276,36.17,36.757815,6.739078,8.089935,85.199077,0.7198,1,0
2022-03-11,sh.600276,37.62,38.231379,7.009238,8.414248,88.614578,1.1116,1,0
2022-03-14,sh.600276,37.4,38.007804,6.968248,8.365042,88.096364,1.065,1,0
2022-03-15,sh.600276,36.13,36.717165,6.731626,8.080988,85.104856,0.907,1,0
2022-03-16,sh.600276,36.74,37.337078,6.845279,8.217423,86.541722,1.0664,1,0
2022-03-17,sh.600276,37.42,38.028129,6.971974,8.369515,88.143474,1.2101,1,0
2022-03-18,sh.600276,37.5,38.109429,6.98688,8.387408,88.331915,0.8787,1,0
2022-03-21,sh.600276,37.3,37.906179,6.949616,8.342675,87.860812,0.7955,1,0
2022-03-22,sh.600276,36.94,37.540328,6.882542,8.262156,87.012825,0.4482,1,0
2022-03-23,sh.600276,37.36,37.967154,6.960795,8.356095,88.002143,0.7814,1,0
2022-03-24,sh.600276,37.64,38.251704,7.012964,8.418721,88.661688,0.9024,1,0
2022-03-25,sh.600276,36.37,36.961065,6.776342,8.134667,85.67018,0.8334,1,0
2022-03-28,sh.600276,35.9,36.483427,6.688773,8.029545,84.563087,0.5049,1,0
2022-03-29,sh.600276,35.92,36.503752,6.692499,8.034019,84.610197,0.4294,1,0
2022-03-30,sh.600276,37.42,38.028129,6.971974,8.369515,88.143474,0.9169,1,0
2022-03-31,sh.600276,36.82,37.418378,6.860184,8.235316,86.730163,0.6298,1,0
2022-04-01,sh.600276,36.78,37.377728,6.852732,8.22637,86.635943,0.587,1,0
2022-04-06,sh.600276,36.25,36.839115,6.753984,8.107828,85.387518,0.6761,1,0
2022-04-07,sh.600276,35.32,35.894001,6.580709,7.89982,83.196887,0.6199,1,0
2022-04-08,sh.600276,33.93,34.481411,6.321729,7.588927,79.922717,1.1334,1,0
2022-04-11,sh.600276,32.8,33.333047,6.111191,7.336186,77.260982,0.8938,1,0
2022-04-12,sh.600276,33.67,34.217186,6.273286,7.530774,79.310282,0.9273,1,0
2022-04-13,sh.600276,33.64,34.186698,6.267697,7.524064,79.239617,0.5775,1,0
2022-04-14,sh.600276,33.82,34.369624,6.301234,7.564324,79.66361,0.4842,1,0
2022-04-15,sh.600276,34.09,34.644012,6.351539,7.624713,80.2996,0.522,1,0
2022-04-18,sh.600276,33.96,34.511899,6.327318,7.595637,79.993383,0.3506,1,0
2022-04-19,sh.600276,33.11,33.648085,6.168949,7.405522,77.991193,0.6326,1,0
2022-04-20,sh.600276,34.32,34.877749,6.394392,7.676156,80.841369,1.1831,1,0
2022-04-21,sh.600276,33.17,33.70906,6.180128,7.418942,78.132524,0.7393,1,0
2022-04-22,sh.600276,33.0,33.536298,6.148454,7.380919,77.732086,0.71,1,0
2022-04-25,sh.600276,29.7,44.36274,5.227432,7.747139,177.728848,1.6297,1,0
2022-04-26,sh.600276,27.74,41.435098,4.882457,7.23588,165.999941,1.6975,1,0
2022-04-27,sh.600276,28.06,41.913081,4.93878,7.319351,167.914865,1.1099,1,0
2022-04-28,sh.600276,28.45,42.495622,5.007423,7.421081,170.248678,0.897,1,0
2022-04-29,sh.600276,29.48,44.034128,5.188711,7.689753,176.412338,0.8943,1,0
2022-05-05,sh.600276,29.68,44.332867,5.223912,7.741922,177.609165,0.7241,1,0
2022-05-06,sh.600276,29.34,43.82501,5.16407,7.653234,175.574559,0.4813,1,0
2022-05-09,sh.600276,29.3,43.765263,5.157029,7.6428,175.335194,0.3162,1,0
2022-05-10,sh.600276,29.39,43.899695,5.17287,7.666277,175.873766,0.6033,1,0
2022-05-11,sh.600276,29.95,44.736164,5.271434,7.812351,179.224882,0.8988,1,0
2022-05-12,sh.600276,30.03,44.85566,5.285515,7.833218,179.703613,0.4037,1,0
2022-05-13,sh.600276,29.98,44.780975,5.276715,7.820176,179.404406,0.5321,1,0
2022-05-16,sh.600276,29.43,43.959443,5.17991,7.676711,176.113131,0.5331,1,0
2022-05-17,sh.600276,29.46,44.004254,5.18519,7.684536,176.292655,0.3895,1,0
2022-05-18,sh.600276,29.38,43.884758,5.17111,7.663668,175.813925,0.3765,1,0
2022-05-19,sh.600276,29.25,43.690578,5.148229,7.629758,175.035987,0.3725,1,0
2022-05-20,sh.600276,30.24,45.169336,5.322477,7.887996,180.960282,0.8132,1,0
2022-05-23,sh.600276,30.1,44.960218,5.297835,7.851478,180.122503,0.4608,1,0
2022-05-24,sh.600276,28.61,42.734613,5.035584,7.462816,171.20614,0.9185,1,0
2022-05-25,sh.600276,28.93,43.212595,5.091906,7.546287,173.121063,0.5041,1,0
2022-05-26,sh.600276,29.04,43.376902,5.111267,7.57498,173.779318,0.5936,1,0
2022-05-27,sh.600276,29.78,44.482236,5.241513,7.768007,178.207579,1.1933,1,0
2022-05-30,sh.600276,29.71,44.377677,5.229192,7.749748,177.78869,0.6064,1,0
2022-05-31,sh.600276,30.32,45.288831,5.336557,7.908864,181.439013,0.8856,1,0
2022-06-01,sh.600276,29.98,44.780975,5.276715,7.820176,179.404406,0.5726,1,0
2022-06-02,sh.600276,29.84,44.571858,5.252073,7.783658,178.566627,0.5469,1,0
2022-06-06,sh.600276,30.53,45.602507,5.373519,7.963642,182.695681,0.8661,1,0
2022-06-07,sh.600276,31.19,46.588346,5.489684,8.1358,186.645211,1.1953,1,0
2022-06-08,sh.600276,32.09,47.932671,5.648091,8.370562,192.030934,1.8574,1,0
2022-06-09,sh.600276,30.95,46.229859,5.447442,8.073197,185.209019,1.0177,1,0
2022-06-10,sh.600276,31.56,47.141013,5.554807,8.232313,188.859342,0.8794,1,0
2022-06-13,sh.600276,31.3,46.752652,5.509045,8.164493,187.303466,0.6977,1,0
2022-06-14,sh.600276,31.62,47.230635,5.565367,8.247964,189.21839,0.7745,1,0
2022-06-15,sh.600276,32.6,48.694456,5.737855,8.503594,195.082843,1.4276,1,0
2022-06-16,sh.600276,32.61,48.709393,5.739615,8.506202,195.142685,1.044,1,0
2022-06-17,sh.600276,33.37,49.844601,5.873381,8.704445,199.690628,1.1612,1,0
2022-06-20,sh.600276,33.46,49.979034,5.889222,8.727922,200.229201,1.0268,1,0
2022-06-21,sh.600276,33.01,49.306871,5.810018,8.610541,197.536339,0.8332,1,0
2022-06-22,sh.600276,32.64,48.754204,5.744895,8.514028,195.322209,0.6625,1,0
2022-06-23,sh.600276,32.93,49.187375,5.795938,8.589673,197.057608,0.5447,1,0
2022-06-24,sh.600276,33.52,50.068655,5.899782,8.743572,200.588249,0.8808,1,0
2022-06-27,sh.600276,35.56,53.115793,6.258838,9.275699,212.795887,1.7464,1,0
2022-06-28,sh.600276,35.66,53.265162,6.276439,9.301784,213.394301,0.9215,1,0
2022-06-29,sh.600276,35.52,53.056045,6.251798,9.265265,212.556522,1.2988,1,0
2022-06-30,sh.600276,37.09,55.401146,6.52813,9.674794,221.951615,1.3502,1,0
2022-07-01,sh.600276,38.94,58.164482,6.853745,10.15736,233.022268,1.5682,1,0
2022-07-04,sh.600276,41.17,61.495422,7.246242,10.739048,246.366892,2.2199,1,0
2022-07-05,sh.600276,40.51,60.509583,7.130077,10.566889,242.417362,1.3725,1,0
2022-07-06,sh.600276,39.42,58.881456,6.938228,10.282566,235.894653,1.4892,1,0
2022-07-07,sh.600276,38.65,57.73131,6.802702,10.081715,231.286868,1.1196,1,0
2022-07-08,sh.600276,38.45,57.432571,6.767501,10.029545,230.090041,0.7355,1,0
2022-07-11,sh.600276,38.07,56.864967,6.700618,9.930424,227.816069,0.9253,1,0
2022-07-12,sh.600276,36.87,55.072533,6.489408,9.617408,220.635106,0.8702,1,0
2022-07-13,sh.600276,36.98,55.23684,6.508769,9.646101,221.293361,0.5932,1,0
2022-07-14,sh.600276,38.53,57.552067,6.781581,10.050413,230.568772,1.1855,1,0
2022-07-15,sh.600276,37.24,55.625201,6.554531,9.713921,222.849236,0.7657,1,0
2022-07-18,sh.600276,37.93,56.65585,6.675977,9.893905,226.97829,0.6039,1,0
2022-07-19,sh.600276,37.64,56.222679,6.624934,9.81826,225.24289,0.5328,1,0
2022-07-20,sh.600276,38.02,56.790283,6.691817,9.917381,227.516862,0.5607,1,0
2022-07-21,sh.600276,38.7,57.805995,6.811503,10.094757,231.586075,0.6915,1,0
2022-07-22,sh.600276,39.0,58.254104,6.864305,10.173011,233.381316,0.8152,1,0
2022-07-25,sh.600276,38.48,57.477382,6.772781,10.037371,230.269565,0.4135,1,0
2022-07-26,sh.600276,36.17,54.026947,6.366203,9.434815,216.44621,1.564,1,0
2022-07-27,sh.600276,36.23,54.116569,6.376763,9.450466,216.805258,0.5869,1,0
2022-07-28,sh.600276,36.1,53.922388,6.353882,9.416556,216.027321,0.6842,1,0
2022-07-29,sh.600276,35.29,52.712495,6.211316,9.205271,211.18017,0.5913,1,0
2022-08-01,sh.600276,35.18,52.548189,6.191955,9.176578,210.521915,0.4127,1,0
2022-08-02,sh.600276,34.2,51.084368,6.019468,8.920948,204.657462,0.7161,1,0
2022-08-03,sh.600276,34.7,51.831215,6.107471,9.051371,207.64953,0.5755,1,0
2022-08-04,sh.600276,36.71,54.833542,6.461247,9.575673,219.677644,1.008,1,0
2022-08-05,sh.600276,38.03,56.80522,6.693577,9.91999,227.576704,0.9405,1,0
2022-08-08,sh.600276,38.09,56.894841,6.704138,9.935641,227.935752,0.5457,1,0
2022-08-09,sh.600276,37.33,55.759633,6.570372,9.737397,223.387808,0.4401,1,0
2022-08-10,sh.600276,36.85,55.042659,6.485888,9.612191,220.515423,0.517,1,0
2022-08-11,sh.600276,37.43,55.909003,6.587973,9.763482,223.986222,0.5161,1,0
2022-08-12,sh.600276,37.44,55.92394,6.589733,9.76609,224.046063,0.3557,1,0
2022-08-15,sh.600276,36.9,55.117344,6.494689,9.625233,220.81463,0.4064,1,0
2022-08-16,sh.600276,36.45,54.445182,6.415485,9.507852,218.121768,0.416,1,0
2022-08-17,sh.600276,36.63,54.714047,6.447167,9.554805,219.198913,0.4046,1,0
2022-08-18,sh.600276,36.04,53.832767,6.343322,9.400905,215.668272,0.4301,1,0
2022-08-19,sh.600276,35.9,53.623649,6.318681,9.364387,214.830493,0.3639,1,0
2022-08-22,sh.600276,35.04,56.133303,6.19717,9.788054,266.162688,0.9475,1,0
2022-08-23,sh.600276,34.62,55.460472,6.122889,9.670731,262.972382,0.5139,1,0
2022-08-24,sh.600276,34.48,55.236195,6.098128,9.631623,261.908946,0.4384,1,0
2022-08-25,sh.600276,34.99,56.053204,6.188327,9.774087,265.78289,0.4132,1,0
2022-08-26,sh.600276,34.77,55.700769,6.149418,9.712632,264.111777,0.3325,1,0
2022-08-29,sh.600276,34.23,54.835701,6.053913,9.561789,260.009955,0.2763,1,0
2022-08-30,sh.600276,33.67,53.938593,5.954872,9.405359,255.756213,0.4849,1,0
2022-08-31,sh.600276,34.66,55.524551,6.129963,9.681905,263.27622,0.5589,1,0
2022-09-01,sh.600276,34.34,55.011918,6.073368,9.592516,260.845511,0.3802,1,0
2022-09-02,sh.600276,33.9,54.307048,5.99555,9.469607,257.503285,0.4173,1,0
2022-09-05,sh.600276,33.73,54.034712,5.965483,9.422119,256.211971,0.3483,1,0
2022-09-06,sh.600276,33.88,54.275009,5.992012,9.46402,257.351366,0.2826,1,0
2022-09-07,sh.600276,33.43,53.554119,5.912425,9.338317,253.933181,0.3885,1,0
2022-09-08,sh.600276,33.73,54.034712,5.965483,9.422119,256.211971,0.4304,1,0
2022-09-09,sh.600276,34.78,55.716789,6.151186,9.715425,264.187736,0.6493,1,0
2022-09-13,sh.600276,35.52,56.902252,6.282063,9.922136,269.808752,0.568,1,0
2022-09-14,sh.600276,35.68,57.158569,6.31036,9.966831,271.024107,0.4574,1,0
2022-09-15,sh.600276,35.49,56.854193,6.276757,9.913756,269.580873,0.4314,1,0
2022-09-16,sh.600276,34.83,55.796888,6.160029,9.729392,264.567535,0.4958,1,0
2022-09-19,sh.600276,34.69,55.572611,6.135269,9.690285,263.504099,0.3143,1,0
2022-09-20,sh.600276,34.13,54.675503,6.036227,9.533855,259.250358,0.317,1,0
2022-09-21,sh.600276,33.43,53.554119,5.912425,9.338317,253.933181,0.4558,1,0
2022-09-22,sh.600276,32.64,52.288556,5.772706,9.117639,247.932367,0.4892,1,0
2022-09-23,sh.600276,32.93,52.75313,5.823996,9.198647,250.135197,0.536,1,0
2022-09-26,sh.600276,31.9,51.103092,5.64183,8.910928,242.311351,0.542,1,0
2022-09-27,sh.600276,33.65,53.906554,5.951335,9.399772,255.604294,0.7285,1,0
2022-09-28,sh.600276,33.47,53.618198,5.9195,9.349491,254.23702,0.4656,1,0
2022-09-29,sh.600276,34.97,56.021164,6.18479,9.7685,265.63097,0.9135,1,0
2022-09-30,sh.600276,35.1,56.229422,6.207781,9.804814,266.618446,0.5371,1,0
2022-10-10,sh.600276,34.26,54.88376,6.059219,9.570169,260.237834,0.4894,1,0
2022-10-11,sh.600276,34.1,54.627444,6.030922,9.525474,259.022479,0.3126,1,0
2022-10-12,sh.600276,33.25,53.265763,5.880591,9.288036,252.565907,0.6568,1,0
2022-10-13,sh.600276,34.54,55.332314,6.10874,9.648384,262.364704,0.6237,1,0
2022-10-14,sh.600276,37.99,60.859137,6.718906,10.612105,288.570791,1.4895,1,0
2022-10-17,sh.600276,39.55,63.358223,6.994808,11.047874,300.4205,2.2197,1,0
2022-10-18,sh.600276,39.46,63.214045,6.97889,11.022734,299.736863,1.2965,1,0
2022-10-19,sh.600276,39.0,62.477135,6.897535,10.894238,296.242718,0.8625,1,0
2022-10-20,sh.600276,39.18,62.765491,6.92937,10.944519,297.609992,1.3508,1,0
2022-10-21,sh.600276,39.97,64.031054,7.069089,11.165197,303.610806,1.1001,1,0
2022-10-24,sh.600276,38.98,62.445095,6.893998,10.888651,296.090798,1.0611,1,0
2022-10-25,sh.600276,38.12,61.067395,6.741898,10.648419,289.558267,0.7917,1,0
2022-10-26,sh.600276,39.72,63.630559,7.024874,11.095362,301.711814,1.1507,1,0
2022-10-27,sh.600276,39.72,63.630559,7.024874,11.095362,301.711814,0.7957,1,0
2022-10-28,sh.600276,38.95,62.397036,6.888692,10.880271,295.862919,0.8785,1,0
2022-10-31,sh.600276,40.2,73.342702,6.977269,11.843595,156.746204,1.1545,1,0
2022-11-01,sh.600276,41.49,75.696236,7.201166,12.22365,161.77612,1.3088,1,0
2022-11-02,sh.600276,41.98,76.590214,7.286212,12.368012,163.686708,1.4811,1,0
2022-11-03,sh.600276,42.09,76.790903,7.305304,12.40042,164.115615,0.7994,1,0
2022-11-04,sh.600276,41.8,76.261814,7.254971,12.314981,162.984859,0.8362,1,0
2022-11-07,sh.600276,41.99,76.608459,7.287948,12.370959,163.7257,0.7549,1,0
2022-11-08,sh.600276,40.7,74.254924,7.064051,11.990903,158.695784,0.9192,1,0
2022-11-09,sh.600276,40.75,74.346147,7.072729,12.005634,158.890742,0.5204,1,0
2022-11-10,sh.600276,40.19,73.324457,6.975533,11.840648,156.707213,0.5015,1,0
2022-11-11,sh.600276,39.22,71.554745,6.807176,11.55487,152.925028,1.0636,1,0
2022-11-14,sh.600276,40.76,74.364391,7.074464,12.00858,158.929734,0.891,1,0
2022-11-15,sh.600276,40.24,73.41568,6.984211,11.855379,156.902171,0.7525,1,0
2022-11-16,sh.600276,40.5,73.890035,7.029338,11.93198,157.915952,0.7467,1,0
2022-11-17,sh.600276,40.4,73.707591,7.011981,11.902518,157.526036,0.4353,1,0
2022-11-18,sh.600276,40.27,73.470413,6.989418,11.864218,157.019146,0.5473,1,0
2022-11-21,sh.600276,40.79,74.419125,7.079671,12.017419,159.046708,0.6559,1,0
2022-11-22,sh.600276,39.92,72.831857,6.928671,11.761102,155.65444,0.6398,1,0
2022-11-23,sh.600276,39.5,72.06559,6.855774,11.637363,154.016793,0.4388,1,0
2022-11-24,sh.600276,39.37,71.828412,6.833211,11.599063,153.509902,0.4453,1,0
2022-11-25,sh.600276,39.63,72.302768,6.878337,11.675663,154.523684,0.3898,1,0
2022-11-28,sh.600276,39.18,71.481768,6.800234,11.543086,152.769062,0.4078,1,0
2022-11-29,sh.600276,40.05,73.069035,6.951234,11.799402,156.16133,0.4323,1,0
2022-11-30,sh.600276,39.83,72.667657,6.91305,11.734586,155.303515,0.4597,1,0
2022-12-01,sh.600276,40.47,73.835302,7.024131,11.923141,157.798977,0.595,1,0
2022-12-02,sh.600276,40.5,73.890035,7.029338,11.93198,157.915952,0.3929,1,0
2022-12-05,sh.600276,39.88,72.758879,6.921728,11.749317,155.498473,0.7106,1,0
2022-12-06,sh.600276,39.88,72.758879,6.921728,11.749317,155.498473,0.43,1,0
2022-12-07,sh.600276,40.58,74.035991,7.043223,11.955549,158.227885,0.6208,1,0
2022-12-08,sh.600276,38.87,70.91619,6.746429,11.451754,151.560323,0.9606,1,0
2022-12-09,sh.600276,38.82,70.824967,6.737751,11.437023,151.365365,0.6425,1,0
2022-12-12,sh.600276,38.88,70.934434,6.748164,11.4547,151.599314,0.5908,1,0
2022-12-13,sh.600276,38.38,70.022211,6.661382,11.307392,149.649734,0.6029,1,0
2022-12-14,sh.600276,38.44,70.131678,6.671796,11.325069,149.883684,0.4122,1,0
2022-12-15,sh.600276,37.96,69.255944,6.588486,11.183653,148.012088,0.3337,1,0
2022-12-16,sh.600276,38.0,69.328922,6.595428,11.195438,148.168054,0.3905,1,0
2022-12-19,sh.600276,37.19,67.851121,6.454841,10.956798,145.009735,0.4567,1,0
2022-12-20,sh.600276,36.51,66.610499,6.336818,10.756459,142.358307,0.4365,1,0
2022-12-21,sh.600276,36.14,65.935454,6.272599,10.64745,140.915618,0.394,1,0
2022-12-22,sh.600276,36.63,66.829432,6.357646,10.791813,142.826206,0.5584,1,0
2022-12-23,sh.600276,36.75,67.048365,6.378473,10.827167,143.294105,0.3399,1,0
2022-12-26,sh.600276,37.56,68.526166,6.51906,11.065806,146.452424,0.496,1,0
2022-12-27,sh.600276,37.07,67.632188,6.434014,10.921444,144.541836,0.5019,1,0
2022-12-28,sh.600276,37.4,68.234255,6.49129,11.018668,145.828558,0.388,1,0
2022-12-29,sh.600276,38.13,69.5661,6.617991,11.233738,148.674945,0.5604,1,0
2022-12-30,sh.600276,38.53,70.295878,6.687417,11.351585,150.234608,0.4427,1,0
2023-01-03,sh.600276,38.44,70.131678,6.671796,11.325069,149.883684,0.4038,1,0
2023-01-04,sh.600276,38.77,70.733745,6.729072,11.422293,151.170407,0.4039,1,0
2023-01-05,sh.600276,39.55,72.156812,6.864452,11.652094,154.211751,0.6403,1,0
2023-01-06,sh.600276,39.31,71.718945,6.822797,11.581386,153.275953,0.3137,1,0
2023-01-09,sh.600276,39.55,72.156812,6.864452,11.652094,154.211751,0.5148,1,0
2023-01-10,sh.600276,39.38,71.846657,6.834946,11.602009,153.548894,0.5871,1,0
2023-01-11,sh.600276,38.45,70.149922,6.673532,11.328015,149.922676,0.8333,1,0
2023-01-12,sh.600276,37.79,68.945789,6.55898,11.133568,147.34923,0.7764,1,0
2023-01-13,sh.600276,39.27,71.645968,6.815854,11.569601,153.119986,1.1101,1,0
2023-01-16,sh.600276,43.13,78.688327,7.485811,12.706822,168.170741,2.1615,1,0
2023-01-17,sh.600276,42.18,76.955104,7.320925,12.426936,164.46654,1.3236,1,0
2023-01-18,sh.600276,41.57,75.842192,7.215051,12.24722,162.088053,0.8486,1,0
2023-01-19,sh.600276,43.64,79.618794,7.574329,12.857076,170.159312,1.7164,1,0
2023-01-20,sh.600276,43.54,79.436349,7.556972,12.827615,169.769396,0.8347,1,0
2023-01-30,sh.600276,43.25,78.90726,7.506639,12.742176,168.63864,0.7785,1,0
2023-01-31,sh.600276,42.21,77.009837,7.326132,12.435774,164.583515,0.6414,1,0
2023-02-01,sh.600276,42.64,77.794348,7.400765,12.56246,166.260153,0.6214,1,0
2023-02-02,sh.600276,43.0,78.451149,7.463248,12.668522,167.66385,1.0244,1,0
2023-02-03,sh.600276,42.8,78.08626,7.428535,12.609598,166.884019,0.7807,1,0
2023-02-06,sh.600276,42.49,77.520682,7.37473,12.518267,165.675279,0.5944,1,0
2023-02-07,sh.600276,42.1,76.809148,7.30704,12.403367,164.154607,0.4823,1,0
2023-02-08,sh.600276,42.96,78.378171,7.456305,12.656737,167.507884,0.6646,1,0
2023-02-09,sh.600276,43.65,79.637038,7.576064,12.860023,170.198304,0.5848,1,0
2023-02-10,sh.600276,43.6,79.545816,7.567386,12.845292,170.003346,0.4385,1,0
2023-02-13,sh.600276,44.97,82.045306,7.805168,13.248917,175.345194,1.0232,1,0
2023-02-14,sh.600276,45.22,82.501417,7.848559,13.322571,176.319984,0.5169,1,0
2023-02-15,sh.600276,44.81,81.753395,7.777398,13.201778,174.721329,0.4224,1,0
2023-02-16,sh.600276,43.79,79.89246,7.600363,12.901269,170.744186,0.7193,1,0
2023-02-17,sh.600276,44.17,80.58575,7.666317,13.013223,172.225867,0.6203,1,0
2023-02-20,sh.600276,45.22,82.501417,7.848559,13.322571,176.319984,0.721,1,0
2023-02-21,sh.600276,44.5,81.187817,7.723593,13.110447,173.512589,0.529,1,0
2023-02-22,sh.600276,44.11,80.476283,7.655904,12.995546,171.991917,0.3488,1,0
2023-02-23,sh.600276,43.52,79.39986,7.553501,12.821722,169.691413,0.5284,1,0
2023-02-24,sh.600276,43.19,78.797793,7.496225,12.724499,168.404691,0.3734,1,0
2023-02-27,sh.600276,43.13,78.688327,7.485811,12.706822,168.170741,0.4239,1,0
2023-02-28,sh.600276,43.5,79.363371,7.55003,12.81583,169.61343,0.515,1,0
2023-03-01,sh.600276,43.77,79.855972,7.596892,12.895377,170.666203,0.4158,1,0
2023-03-02,sh.600276,43.19,78.797793,7.496225,12.724499,168.404691,0.3616,1,0
2023-03-03,sh.600276,43.4,79.180927,7.532673,12.786368,169.223514,0.2981,1,0
2023-03-06,sh.600276,43.42,79.217416,7.536144,12.792261,169.301497,0.3306,1,0
2023-03-07,sh.600276,42.12,76.845637,7.310511,12.409259,164.23259,0.5242,1,0
2023-03-08,sh.600276,41.96,76.553726,7.282741,12.36212,163.608725,0.4241,1,0
2023-03-09,sh.600276,41.73,76.134103,7.242821,12.294358,162.711918,0.2771,1,0
2023-03-10,sh.600276,41.86,76.371281,7.265385,12.332658,163.218809,0.3265,1,0
2023-03-13,sh.600276,41.42,75.568525,7.189017,12.203027,161.503179,0.3993,1,0
2023-03-14,sh.600276,41.48,75.677992,7.19943,12.220704,161.737128,0.5195,1,0
2023-03-15,sh.600276,41.38,75.495547,7.182074,12.191242,161.347212,0.3325,1,0
2023-03-16,sh.600276,41.19,75.148903,7.149097,12.135265,160.606372,0.2888,1,0
2023-03-17,sh.600276,40.82,74.473858,7.084878,12.026257,159.163683,0.6078,1,0
2023-03-20,sh.600276,40.4,73.707591,7.011981,11.902518,157.526036,0.5254,1,0
2023-03-21,sh.600276,41.6,75.896925,7.220258,12.256058,162.205027,0.5234,1,0
2023-03-22,sh.600276,42.63,77.776104,7.399029,12.559513,166.221162,0.5191,1,0
2023-03-23,sh.600276,42.67,77.849082,7.405972,12.571298,166.377128,0.4118,1,0
2023-03-24,sh.600276,41.7,76.07937,7.237615,12.28552,162.594943,0.4074,1,0
2023-03-27,sh.600276,43.28,78.961993,7.511846,12.751014,168.755615,0.7357,1,0
2023-03-28,sh.600276,43.0,78.451149,7.463248,12.668522,167.66385,0.4101,1,0
2023-03-29,sh.600276,43.16,78.74306,7.491018,12.71566,168.287716,0.2878,1,0
2023-03-30,sh.600276,43.01,78.469393,7.464983,12.671468,167.702842,0.3241,1,0
2023-03-31,sh.600276,42.82,78.122749,7.432006,12.615491,166.962002,0.346,1,0
2023-04-03,sh.600276,42.56,77.648393,7.38688,12.53889,165.94822,0.3827,1,0
2023-04-04,sh.600276,43.15,78.724815,7.489282,12.712714,168.248724,0.5307,1,0
2023-04-06,sh.600276,42.78,78.049771,7.425064,12.603706,166.806035,0.4395,1,0
2023-04-07,sh.600276,45.15,82.373706,7.83641,13.301948,176.047043,1.0503,1,0
2023-04-10,sh.600276,46.27,84.417085,8.030802,13.631918,180.414101,1.0389,1,0
2023-04-11,sh.600276,46.01,83.942729,7.985675,13.555318,179.40032,0.5127,1,0
2023-04-12,sh.600276,45.63,83.24944,7.919721,13.443364,177.918639,0.5267,1,0
2023-04-13,sh.600276,47.35,86.387486,8.218251,13.950105,184.625193,1.0127,1,0
2023-04-14,sh.600276,47.72,87.062531,8.282469,14.059113,186.067882,0.9482,1,0
2023-04-17,sh.600276,49.29,89.92691,8.554965,14.521661,192.189563,1.2593,1,0
2023-04-18,sh.600276,48.93,89.270109,8.492482,14.415599,190.785865,0.5899,1,0
2023-04-19,sh.600276,48.66,88.777509,8.445619,14.336053,189.733092,0.4198,1,0
2023-04-20,sh.600276,47.8,87.208486,8.296354,14.082682,186.379815,0.6502,1,0
2023-04-21,sh.600276,47.32,86.332752,8.213044,13.941266,184.508219,0.6402,1,0
2023-04-24,sh.600276,48.35,78.912038,7.930327,14.487482,381.088514,0.9455,1,0
2023-04-25,sh.600276,47.98,78.308161,7.86964,14.376616,378.172221,0.6877,1,0
2023-04-26,sh.600276,48.2,78.667223,7.905724,14.442537,379.906233,0.5648,1,0
2023-04-27,sh.600276,48.2,78.667223,7.905724,14.442537,379.906233,0.6279,1,0
2023-04-28,sh.600276,48.65,79.401668,7.979532,14.577374,383.453075,0.4436,1,0
2023-05-04,sh.600276,49.27,80.413571,8.081224,14.763149,388.339836,0.678,1,0
2023-05-05,sh.600276,47.47,77.47579,7.78599,14.223801,374.152466,0.6625,1,0
2023-05-08,sh.600276,46.51,75.908974,7.628531,13.936149,366.585869,0.7337,1,0
2023-05-09,sh.600276,45.93,74.962356,7.5334,13.762359,362.014383,0.4539,1,0
2023-05-10,sh.600276,46.35,75.647838,7.602288,13.888207,365.32477,0.3945,1,0
2023-05-11,sh.600276,46.43,75.778406,7.61541,13.912178,365.955319,0.4487,1,0
2023-05-12,sh.600276,45.51,74.276874,7.464512,13.636511,358.703997,0.5703,1,0
2023-05-15,sh.600276,47.44,77.426827,7.781069,14.214812,373.91601,0.5111,1,0
2023-05-16,sh.600276,49.13,80.185076,8.058262,14.7212,387.236374,0.9238,1,0
2023-05-17,sh.600276,48.5,79.156853,7.95493,14.532428,382.270795,0.4257,1,0
2023-05-18,sh.600276,48.02,78.373445,7.8762,14.388602,378.487496,0.3593,1,0
2023-05-19,sh.600276,49.13,80.185076,8.058262,14.7212,387.236374,0.5351,1,0
2023-05-22,sh.600276,48.7,79.483273,7.987733,14.592355,383.847169,0.457,1,0
2023-05-23,sh.600276,49.1,80.136113,8.053341,14.712211,386.999918,0.5161,1,0
2023-05-24,sh.600276,47.96,78.275519,7.866359,14.370624,378.014584,0.4504,1,0
2023-05-25,sh.600276,48.06,78.438729,7.882761,14.400587,378.802771,0.2882,1,0
2023-05-26,sh.600276,48.4,78.993643,7.938528,14.502464,381.482607,0.2745,1,0
2023-05-29,sh.600276,48.3,78.830433,7.922126,14.4725,380.69442,0.343,1,0
2023-05-30,sh.600276,48.29,78.814112,7.920486,14.469504,380.615601,0.5454,1,0
2023-05-31,sh.600276,45.55,74.342158,7.471073,13.648497,359.019272,1.3482,1,0
2023-06-01,sh.600276,45.93,74.962356,7.5334,13.762359,362.014383,0.719,1,0
2023-06-02,sh.600276,46.03,75.125566,7.549802,13.792323,362.802571,0.4502,1,0
2023-06-05,sh.600276,46.5,75.892653,7.626891,13.933153,366.50705,0.425,1,0
2023-06-06,sh.600276,46.31,75.582554,7.595728,13.876221,365.009495,0.4202,1,0
2023-06-07,sh.600276,45.5,74.260553,7.462872,13.633515,358.625178,0.3894,1,0
2023-06-08,sh.600276,45.59,74.407442,7.477634,13.660482,359.334547,0.3503,1,0
2023-06-09,sh.600276,45.79,74.733862,7.510438,13.72041,360.910921,0.4941,1,0
2023-06-12,sh.600276,44.7,72.954873,7.331657,13.393805,352.319681,0.7836,1,0
2023-06-13,sh.600276,45.0,73.444503,7.380862,13.483696,354.684242,0.3078,1,0
2023-06-14,sh.600276,46.0,75.076603,7.544882,13.783334,362.566114,0.6457,1,0
2023-06-15,sh.600276,46.93,76.594456,7.697419,14.061997,369.896255,0.4978,1,0
2023-06-16,sh.600276,47.5,77.524753,7.79091,14.23279,374.388922,0.5967,1,0
2023-06-19,sh.600276,46.88,76.512851,7.689219,14.047015,369.502162,0.3422,1,0
2023-06-20,sh.600276,46.78,76.349641,7.672817,14.017051,368.713975,0.2337,1,0
2023-06-21,sh.600276,46.4,75.729443,7.610489,13.903189,365.718863,0.2681,1,0
2023-06-26,sh.600276,46.36,75.664159,7.603929,13.891203,365.403588,0.3357,1,0
2023-06-27,sh.600276,45.95,74.994998,7.536681,13.768352,362.172021,0.2977,1,0
2023-06-28,sh.600276,46.2,75.403023,7.577685,13.843261,364.142489,0.3376,1,0
2023-06-29,sh.600276,47.05,76.790308,7.717102,14.097953,370.84208,0.4753,1,0
2023-06-30,sh.600276,47.9,78.177593,7.856518,14.352645,377.541671,0.4449,1,0
2023-07-03,sh.600276,47.36,77.296259,7.767948,14.190841,373.28546,0.32,1,0
2023-07-04,sh.600276,48.85,79.728088,8.012336,14.637301,385.02945,1.3203,1,0
2023-07-05,sh.600276,49.19,80.283002,8.068103,14.739178,387.709286,0.7234,1,0
2023-07-06,sh.600276,48.11,78.520334,7.890962,14.415569,379.196864,0.3957,1,0
2023-07-07,sh.600276,48.39,78.977322,7.936887,14.499468,381.403789,0.2703,1,0
2023-07-10,sh.600276,47.61,77.704284,7.808953,14.26575,375.255928,0.3401,1,0
2023-07-11,sh.600276,48.24,78.732507,7.912285,14.454522,380.221508,0.3799,1,0
2023-07-12,sh.600276,47.77,77.96542,7.835196,14.313692,376.517028,0.2303,1,0
2023-07-13,sh.600276,48.01,78.357124,7.87456,14.385605,378.408677,0.386,1,0
2023-07-14,sh.600276,47.52,77.557395,7.794191,14.238783,374.54656,0.2112,1,0
2023-07-17,sh.600276,47.2,77.035123,7.741705,14.142899,372.024361,0.3356,1,0
2023-07-18,sh.600276,47.2,77.035123,7.741705,14.142899,372.024361,0.19,1,0
2023-07-19,sh.600276,46.69,76.202752,7.658055,13.990084,368.004606,0.3046,1,0
2023-07-20,sh.600276,45.96,75.011319,7.538321,13.771348,362.25084,0.2839,1,0
2023-07-21,sh.600276,45.93,74.962356,7.5334,13.762359,362.014383,0.3291,1,0
2023-07-24,sh.600276,47.29,77.182012,7.756466,14.169866,372.733729,0.7436,1,0
2023-07-25,sh.600276,47.76,77.949099,7.833555,14.310696,376.438209,0.3908,1,0
2023-07-26,sh.600276,48.08,78.471371,7.886042,14.40658,378.960408,0.2632,1,0
2023-07-27,sh.600276,48.11,78.520334,7.890962,14.415569,379.196864,0.2545,1,0
2023-07-28,sh.600276,49.05,80.054508,8.04514,14.697229,386.605824,0.5923,1,0
2023-07-31,sh.600276,44.58,72.759021,7.311974,13.357848,351.373856,2.1324,1,0
2023-08-01,sh.600276,43.38,70.800501,7.115151,12.998283,341.91561,2.1085,1,0
2023-08-02,sh.600276,42.28,69.005191,6.93473,12.668682,333.24555,1.4666,1,0
2023-08-03,sh.600276,42.27,68.98887,6.93309,12.665685,333.166732,1.2423,1,0
2023-08-04,sh.600276,41.07,67.03035,6.736267,12.30612,323.708485,1.6702,1,0
2023-08-07,sh.600276,39.13,63.864076,6.41807,11.724823,308.417653,2.1146,1,0
2023-08-08,sh.600276,40.14,65.512497,6.583729,12.027457,316.378344,1.5283,1,0
2023-08-09,sh.600276,40.21,65.626744,6.595211,12.048431,316.930075,0.9003,1,0
2023-08-10,sh.600276,39.9,65.120793,6.544365,11.955544,314.486695,0.5584,1,0
2023-08-11,sh.600276,39.2,63.978323,6.429551,11.745797,308.969384,0.5301,1,0
2023-08-14,sh.600276,40.62,66.295905,6.662459,12.171283,320.161643,0.9457,1,0
2023-08-15,sh.600276,40.5,66.100053,6.642776,12.135326,319.215818,0.6692,1,0
2023-08-16,sh.600276,41.01,66.932424,6.726426,12.288142,323.235573,0.989,1,0
2023-08-17,sh.600276,40.57,66.2143,6.654258,12.156301,319.767549,0.6206,1,0
2023-08-18,sh.600276,39.95,65.202398,6.552566,11.970526,314.880788,0.4108,1,0
2023-08-21,sh.600276,38.8,60.437343,6.369054,11.141054,84.091236,0.9537,1,0
2023-08-22,sh.600276,39.15,60.982525,6.426506,11.241553,84.849791,0.683,1,0
2023-08-23,sh.600276,38.7,60.281576,6.352638,11.11234,83.874506,0.405,1,0
2023-08-24,sh.600276,40.44,62.991911,6.638261,11.611965,87.645608,0.7495,1,0
2023-08-25,sh.600276,40.72,63.428057,6.684223,11.692364,88.252452,0.6751,1,0
2023-08-28,sh.600276,41.92,65.297253,6.881204,12.036933,90.853212,1.1328,1,0
2023-08-29,sh.600276,42.25,65.811282,6.935374,12.131689,91.568421,0.5914,1,0
2023-08-30,sh.600276,42.15,65.655515,6.918959,12.102975,91.351691,0.3977,1,0
2023-08-31,sh.600276,41.78,65.07918,6.858223,11.996733,90.54979,0.4073,1,0
2023-09-01,sh.600276,41.53,64.689764,6.817185,11.924948,90.007965,0.2593,1,0
2023-09-04,sh.600276,41.2,64.175735,6.763016,11.830191,89.292756,0.5094,1,0
2023-09-05,sh.600276,41.21,64.191312,6.764657,11.833063,89.314429,0.3176,1,0
2023-09-06,sh.600276,40.73,63.443633,6.685865,11.695235,88.274125,0.3323,1,0
2023-09-07,sh.600276,40.29,62.758261,6.613638,11.568893,87.320513,0.4497,1,0
2023-09-08,sh.600276,40.58,63.209984,6.661242,11.652164,87.94903,0.28,1,0
2023-09-11,sh.600276,43.0,66.979529,7.058487,12.347044,93.193896,1.1882,1,0
2023-09-12,sh.600276,42.91,66.83934,7.043714,12.321202,92.998839,0.4111,1,0
2023-09-13,sh.600276,42.2,65.733399,6.927166,12.117332,91.460056,0.3501,1,0
2023-09-14,sh.600276,42.59,66.340887,6.991185,12.229317,92.305303,0.361,1,0
2023-09-15,sh.600276,43.6,67.914127,7.156978,12.519329,94.494276,1.0505,1,0
2023-09-18,sh.600276,44.36,69.097952,7.281732,12.737556,96.141424,0.7514,1,0
2023-09-19,sh.600276,44.63,69.518521,7.326053,12.815084,96.726595,0.4036,1,0
2023-09-20,sh.600276,44.35,69.082375,7.280091,12.734684,96.119751,0.3422,1,0
2023-09-21,sh.600276,43.89,68.36585,7.204581,12.6026,95.122793,0.3016,1,0
2023-09-22,sh.600276,44.06,68.630653,7.232487,12.651413,95.491234,0.443,1,0
2023-09-25,sh.600276,44.85,69.861207,7.362166,12.878254,97.203401,0.6391,1,0
2023-09-26,sh.600276,44.7,69.627557,7.337544,12.835183,96.878306,0.4283,1,0
2023-09-27,sh.600276,45.31,70.577732,7.437676,13.010339,98.200358,0.5605,1,0
2023-09-28,sh.600276,44.94,70.001397,7.37694,12.904097,97.398458,0.3943,1,0
2023-10-09,sh.600276,44.76,69.721017,7.347393,12.852412,97.008344,0.5199,1,0
2023-10-10,sh.600276,44.37,69.113528,7.283374,12.740427,96.163097,0.2605,1,0
2023-10-11,sh.600276,45.05,70.17274,7.394996,12.935683,97.636861,0.517,1,0
2023-10-12,sh.600276,44.95,70.016973,7.378581,12.906969,97.420131,0.3837,1,0
2023-10-13,sh.600276,44.65,69.549674,7.329336,12.820826,96.769941,0.2942,1,0
2023-10-16,sh.600276,44.23,68.895455,7.260393,12.700227,95.859675,0.3364,1,0
2023-10-17,sh.600276,44.47,69.269295,7.299789,12.769141,96.379827,0.3362,1,0
2023-10-18,sh.600276,43.82,68.256813,7.193091,12.5825,94.971082,0.2463,1,0
2023-10-19,sh.600276,43.41,67.618171,7.125789,12.464772,94.082489,0.4122,1,0
2023-10-20,sh.600276,42.72,66.543384,7.012525,12.266645,92.587052,0.4754,1,0
2023-10-23,sh.600276,43.07,67.088566,7.069978,12.367144,93.345607,0.3524,1,0
2023-10-24,sh.600276,43.23,67.337792,7.096242,12.413087,93.692375,0.4092,1,0
2023-10-25,sh.600276,43.17,67.244332,7.086393,12.395858,93.562337,0.4317,1,0
2023-10-26,sh.600276,44.45,67.403684,7.153603,12.690286,174.44268,0.6559,1,0
2023-10-27,sh.600276,45.4,68.844257,7.306492,12.961507,178.170927,0.6496,1,0
2023-10-30,sh.600276,46.58,70.633602,7.496397,13.298392,182.801801,0.8639,1,0
2023-10-31,sh.600276,47.94,72.695897,7.715269,13.686667,188.13908,1.1085,1,0
2023-11-01,sh.600276,47.97,72.741388,7.720098,13.695231,188.256814,0.5266,1,0
2023-11-02,sh.600276,47.9,72.635241,7.708832,13.675247,187.982101,0.3218,1,0
2023-11-03,sh.600276,47.51,72.043847,7.646067,13.563903,186.451558,0.3339,1,0
2023-11-06,sh.600276,48.33,73.28729,7.778034,13.79801,189.669623,0.5932,1,0
2023-11-07,sh.600276,48.43,73.438929,7.794128,13.82656,190.06207,0.4102,1,0
2023-11-08,sh.600276,49.28,74.727864,7.930924,14.069231,193.397869,0.4996,1,0
2023-11-09,sh.600276,48.38,73.36311,7.786081,13.812285,189.865847,0.4623,1,0
2023-11-10,sh.600276,48.39,73.378274,7.787691,13.81514,189.905091,0.2927,1,0
2023-11-13,sh.600276,47.3,71.725405,7.61227,13.503949,185.627419,0.5313,1,0
2023-11-14,sh.600276,47.04,71.331143,7.570427,13.42972,184.607057,0.3244,1,0
2023-11-15,sh.600276,47.33,71.770897,7.617099,13.512514,185.745153,0.2459,1,0
2023-11-16,sh.600276,46.8,70.967208,7.531802,13.361201,183.665184,0.219,1,0
2023-11-17,sh.600276,47.14,71.482782,7.586521,13.45827,184.999504,0.3323,1,0
2023-11-20,sh.600276,47.49,72.01352,7.642848,13.558194,186.373068,0.3625,1,0
2023-11-21,sh.600276,47.58,72.149995,7.657333,13.583888,186.726271,0.3223,1,0
2023-11-22,sh.600276,47.14,71.482782,7.586521,13.45827,184.999504,0.1991,1,0
2023-11-23,sh.600276,47.17,71.528274,7.591349,13.466835,185.117238,0.199,1,0
2023-11-24,sh.600276,46.93,71.164339,7.552724,13.398316,184.175365,0.2298,1,0
2023-11-27,sh.600276,46.8,70.967208,7.531802,13.361201,183.665184,0.2893,1,0
2023-11-28,sh.600276,47.5,72.028683,7.644458,13.561048,186.412313,0.3203,1,0
2023-11-29,sh.600276,47.67,72.28647,7.671817,13.609583,187.079473,0.2753,1,0
2023-11-30,sh.600276,48.02,72.817208,7.728144,13.709506,188.453037,0.3388,1,0
2023-12-01,sh.600276,46.58,70.633602,7.496397,13.298392,182.801801,0.6403,1,0
2023-12-04,sh.600276,45.99,69.73893,7.401444,13.12995,180.486364,0.4343,1,0
2023-12-05,sh.600276,45.25,68.616798,7.282352,12.918683,177.582256,0.417,1,0
2023-12-06,sh.600276,45.41,68.859421,7.308102,12.964362,178.210171,0.3456,1,0
2023-12-07,sh.600276,44.78,67.904094,7.206712,12.7845,175.737755,0.3725,1,0
2023-12-08,sh.600276,45.59,69.132372,7.33707,13.015752,178.916576,0.4587,1,0
2023-12-11,sh.600276,46.53,70.557782,7.48835,13.284118,182.605577,0.42,1,0
2023-12-12,sh.600276,45.8,69.450815,7.370867,13.075706,179.740715,0.3341,1,0
2023-12-13,sh.600276,45.62,69.177864,7.341898,13.024316,179.03431,0.293,1,0
2023-12-14,sh.600276,45.73,69.344667,7.359601,13.055721,179.466002,0.3044,1,0
2023-12-15,sh.600276,44.66,67.722126,7.1874,12.750241,175.266819,0.4064,1,0
2023-12-18,sh.600276,45.49,68.980733,7.320976,12.987202,178.524129,0.384,1,0
2023-12-19,sh.600276,44.78,67.904094,7.206712,12.7845,175.737755,0.3363,1,0
2023-12-20,sh.600276,44.23,67.070077,7.118197,12.627477,173.579297,0.2978,1,0
2023-12-21,sh.600276,44.49,67.46434,7.16004,12.701706,174.599659,0.2955,1,0
2023-12-22,sh.600276,44.01,66.736471,7.082791,12.564668,172.715914,0.3802,1,0
2023-12-25,sh.600276,44.0,66.721307,7.081182,12.561813,172.676669,0.2096,1,0
2023-12-26,sh.600276,43.98,66.690979,7.077963,12.556103,172.59818,0.2362,1,0
2023-12-27,sh.600276,44.09,66.857782,7.095666,12.587508,173.029871,0.3389,1,0
2023-12-28,sh.600276,44.75,67.858602,7.201884,12.775935,175.620021,0.4826,1,0
2023-12-29,sh.600276,45.23,68.586471,7.279133,12.912973,177.503767,0.3803,1,0
2024-01-02,sh.600276,44.47,67.434012,7.156822,12.695996,174.52117,0.2865,1,0
2024-01-03,sh.600276,44.23,67.070077,7.118197,12.627477,173.579297,0.2301,1,0
2024-01-04,sh.600276,43.79,66.402864,7.047385,12.501859,171.85253,0.5319,1,0
2024-01-05,sh.600276,41.95,63.6127,6.751263,11.976547,164.631506,0.7769,1,0
2024-01-08,sh.600276,41.11,62.33893,6.616077,11.736731,161.334951,0.4708,1,0
2024-01-09,sh.600276,41.2,62.475405,6.630561,11.762425,161.688154,0.3322,1,0
2024-01-10,sh.600276,41.5,62.930323,6.678842,11.848074,162.865495,0.3243,1,0
2024-01-11,sh.600276,41.48,62.899996,6.675623,11.842364,162.787005,0.2976,1,0
2024-01-12,sh.600276,41.1,62.323766,6.614468,11.733876,161.295707,0.2082,1,0
2024-01-15,sh.600276,41.51,62.945487,6.680451,11.850929,162.904739,0.2337,1,0
2024-01-16,sh.600276,41.41,62.793848,6.664358,11.822379,162.512292,0.2927,1,0
2024-01-17,sh.600276,40.11,60.822537,6.455141,11.451235,157.410482,0.3769,1,0
2024-01-18,sh.600276,41.29,62.611881,6.645045,11.78812,162.041356,0.6074,1,0
2024-01-19,sh.600276,41.41,62.793848,6.664358,11.822379,162.512292,0.4979,1,0
2024-01-22,sh.600276,40.78,61.83852,6.562968,11.642517,160.039876,0.5481,1,0
2024-01-23,sh.600276,40.3,61.110651,6.485719,11.505479,158.156131,0.3277,1,0
2024-01-24,sh.600276,40.52,61.444258,6.521125,11.568288,159.019514,0.3923,1,0
2024-01-25,sh.600276,41.2,62.475405,6.630561,11.762425,161.688154,0.4376,1,0
2024-01-26,sh.600276,40.3,61.110651,6.485719,11.505479,158.156131,0.475,1,0
2024-01-29,sh.600276,39.25,59.518438,6.316736,11.205708,154.035438,0.4409,1,0
2024-01-30,sh.600276,38.69,58.669258,6.226612,11.045831,151.837735,0.3656,1,0
2024-01-31,sh.600276,37.45,56.78893,6.027051,10.691816,146.971392,0.5971,1,0
2024-02-01,sh.600276,37.16,56.349176,5.98038,10.609022,145.833296,0.471,1,0
2024-02-02,sh.600276,35.95,54.51434,5.785647,10.263572,141.084688,0.5655,1,0
2024-02-05,sh.600276,37.4,56.713111,6.019005,10.677541,146.775169,0.7812,1,0
2024-02-06,sh.600276,41.0,62.172127,6.598374,11.705326,160.90326,0.8914,1,0
2024-02-07,sh.600276,41.84,63.445897,6.73356,11.945142,164.199814,0.8191,1,0
2024-02-08,sh.600276,41.87,63.491389,6.738388,11.953707,164.317548,0.5961,1,0
2024-02-19,sh.600276,41.66,63.172946,6.704592,11.893753,163.49341,0.3982,1,0
2024-02-20,sh.600276,41.86,63.476225,6.736779,11.950852,164.278304,0.333,1,0
2024-02-21,sh.600276,42.22,64.022127,6.794716,12.053631,165.691113,0.4691,1,0
2024-02-22,sh.600276,42.43,64.340569,6.828512,12.113585,166.515252,0.275,1,0
2024-02-23,sh.600276,42.39,64.279914,6.822075,12.102165,166.358273,0.3601,1,0
2024-02-26,sh.600276,42.08,63.809832,6.772185,12.013661,165.141687,0.2962,1,0
2024-02-27,sh.600276,42.27,64.097946,6.802763,12.067906,165.887336,0.2764,1,0
2024-02-28,sh.600276,42.23,64.037291,6.796325,12.056486,165.730358,0.5336,1,0
2024-02-29,sh.600276,42.64,64.659012,6.862309,12.173539,167.33939,0.3976,1,0
2024-03-01,sh.600276,42.52,64.477045,6.842997,12.13928,166.868454,0.3383,1,0
2024-03-04,sh.600276,43.9,66.569667,7.065088,12.533264,172.284222,0.5908,1,0
2024-03-05,sh.600276,44.56,67.570487,7.171306,12.721691,174.874372,0.5823,1,0
2024-03-06,sh.600276,43.96,66.660651,7.074744,12.550393,172.51969,0.3404,1,0
2024-03-07,sh.600276,41.95,63.6127,6.751263,11.976547,164.631506,0.7176,1,0
2024-03-08,sh.600276,41.89,63.521717,6.741607,11.959417,164.396038,0.4352,1,0
2024-03-11,sh.600276,43.6,66.114749,7.016807,12.447615,171.106881,0.5106,1,0
2024-03-12,sh.600276,44.93,68.131553,7.230852,12.827324,176.326426,0.6768,1,0
2024-03-13,sh.600276,44.68,67.752454,7.190618,12.75595,175.345308,0.3255,1,0
2024-03-14,sh.600276,47.03,71.315979,7.568818,13.426865,184.567812,1.7245,1,0
2024-03-15,sh.600276,47.13,71.467618,7.584911,13.455415,184.960259,0.6881,1,0
2024-03-18,sh.600276,47.28,71.695077,7.609052,13.498239,185.54893,0.4674,1,0
2024-03-19,sh.600276,45.97,69.708602,7.398226,13.12424,180.407874,0.4268,1,0
2024-03-20,sh.600276,45.63,69.193028,7.343507,13.027171,179.073555,0.353,1,0
2024-03-21,sh.600276,45.63,69.193028,7.343507,13.027171,179.073555,0.2877,1,0
2024-03-22,sh.600276,45.93,69.647946,7.391788,13.11282,180.250896,0.3801,1,0
2024-03-25,sh.600276,46.16,69.996716,7.428803,13.178484,181.153524,0.3649,1,0
2024-03-26,sh.600276,46.27,70.16352,7.446506,13.209889,181.585215,0.3139,1,0
2024-03-27,sh.600276,45.91,69.617618,7.388569,13.10711,180.172406,0.2442,1,0
2024-03-28,sh.600276,46.21,70.072536,7.43685,13.192759,181.349747,0.3358,1,0
2024-03-29,sh.600276,45.97,69.708602,7.398226,13.12424,180.407874,0.2934,1,0
2024-04-01,sh.600276,46.32,70.239339,7.454553,13.224163,181.781439,0.3173,1,0
2024-04-02,sh.600276,45.46,68.935241,7.316148,12.978637,178.406395,0.3528,1,0
2024-04-03,sh.600276,44.76,67.873766,7.203493,12.77879,175.659266,0.3717,1,0
2024-04-08,sh.600276,45.4,68.844257,7.306492,12.961507,178.170927,0.3707,1,0
2024-04-09,sh.600276,45.54,69.056553,7.329023,13.001477,178.720352,0.3377,1,0
2024-04-10,sh.600276,45.45,68.920077,7.314539,12.975782,178.36715,0.2566,1,0
2024-04-11,sh.600276,44.94,68.146717,7.232462,12.830179,176.365671,0.2919,1,0
2024-04-12,sh.600276,44.09,66.857782,7.095666,12.587508,173.029871,0.3485,1,0
2024-04-15,sh.600276,44.56,67.570487,7.171306,12.721691,174.874372,0.3456,1,0
2024-04-16,sh.600276,44.26,67.115569,7.123025,12.636042,173.697031,0.3669,1,0
2024-04-17,sh.600276,44.39,67.3127,7.143947,12.673157,174.207212,0.3652,1,0
2024-04-18,sh.600276,42.35,60.951047,6.451591,11.582026,39.711124,0.9259,1,0
2024-04-19,sh.600276,41.68,59.986768,6.349524,11.398792,39.082873,0.6028,1,0
2024-04-22,sh.600276,41.86,60.245828,6.376945,11.448019,39.251657,0.4362,1,0
2024-04-23,sh.600276,44.07,63.426509,6.713616,12.052418,41.323949,0.7745,1,0
2024-04-24,sh.600276,43.7,62.893997,6.65725,11.951229,40.977004,0.3393,1,0
2024-04-25,sh.600276,44.3,63.75753,6.748654,12.115319,41.539617,0.3839,1,0
2024-04-26,sh.600276,45.61,65.64291,6.948219,12.473583,42.76799,0.5378,1,0
2024-04-29,sh.600276,46.18,66.463267,7.035053,12.629468,43.302472,0.5378,1,0
2024-04-30,sh.600276,46.16,66.434482,7.032006,12.623998,43.283719,0.302,1,0
2024-05-06,sh.600276,47.16,67.873704,7.184346,12.897482,44.221408,0.5112,1,0
2024-05-07,sh.600276,47.23,67.97445,7.19501,12.916626,44.287046,0.3197,1,0
2024-05-08,sh.600276,46.42,66.80868,7.071615,12.695104,43.527518,0.4099,1,0
2024-05-09,sh.600276,46.9,67.499507,7.144738,12.826376,43.977608,0.2748,1,0
2024-05-10,sh.600276,46.48,66.895033,7.080755,12.711513,43.583779,0.2444,1,0
2024-05-13,sh.600276,45.53,65.527773,6.936032,12.451704,42.692975,0.4577,1,0
2024-05-14,sh.600276,45.33,65.239928,6.905564,12.397007,42.505437,0.3094,1,0
2024-05-15,sh.600276,44.67,64.290042,6.80502,12.216508,41.886562,0.2501,1,0
2024-05-16,sh.600276,44.69,64.318826,6.808067,12.221978,41.905316,0.3674,1,0
2024-05-17,sh.600276,44.75,64.40518,6.817207,12.238387,41.961577,0.5908,1,0
2024-05-20,sh.600276,43.81,63.052311,6.674008,11.981312,41.08015,0.6224,1,0
2024-05-21,sh.600276,43.8,63.037919,6.672484,11.978577,41.070773,0.3831,1,0
2024-05-22,sh.600276,43.54,62.663721,6.632876,11.907472,40.826974,0.3957,1,0
2024-05-23,sh.600276,43.05,61.958502,6.558229,11.773465,40.367506,0.3089,1,0
2024-05-24,sh.600276,42.44,61.080577,6.465302,11.60664,39.795516,0.3455,1,0
2024-05-27,sh.600276,42.7,61.454775,6.50491,11.677746,40.039315,0.4809,1,0
2024-05-28,sh.600276,43.27,62.275131,6.591744,11.833631,40.573798,0.5867,1,0
2024-05-29,sh.600276,43.02,61.915326,6.553659,11.76526,40.339376,0.2614,1,0
2024-05-30,sh.600276,42.88,61.713835,6.532332,11.726973,40.208099,0.2077,1,0
2024-05-31,sh.600276,42.36,60.965439,6.453115,11.584761,39.720501,0.3584,1,0
2024-06-03,sh.600276,42.5,61.16693,6.474442,11.623049,39.851777,0.2944,1,0
2024-06-04,sh.600276,43.83,63.081095,6.677054,11.986782,41.098904,0.5614,1,0
2024-06-05,sh.600276,43.92,63.210625,6.690765,12.011395,41.183296,0.2832,1,0
2024-06-06,sh.600276,42.91,61.757011,6.536902,11.735177,40.23623,0.3541,1,0
2024-06-07,sh.600276,42.15,60.663203,6.421124,11.52733,39.523586,0.374,1,0
2024-06-11,sh.600276,42.72,61.483559,6.507957,11.683215,40.058069,0.3937,1,0
2024-06-12,sh.600276,42.1,60.591242,6.413507,11.513655,39.476702,0.3425,1,0
2024-06-13,sh.600276,42.06,60.533673,6.407413,11.502716,39.439194,0.325,1,0
2024-06-14,sh.600276,41.9,60.303397,6.383039,11.458959,39.289164,0.6512,1,0
2024-06-17,sh.600276,42.53,61.210107,6.479013,11.631253,39.879908,0.3793,1,0
2024-06-18,sh.600276,41.97,60.404143,6.393702,11.478103,39.354802,0.3197,1,0
2024-06-19,sh.600276,41.36,59.526217,6.300775,11.311278,38.782812,0.3151,1,0
2024-06-20,sh.600276,40.6,58.432409,6.184997,11.10343,38.070169,0.3885,1,0
2024-06-21,sh.600276,40.04,57.626444,6.099686,10.950279,37.545063,0.5715,1,0
2024-06-24,sh.600276,40.29,57.98625,6.137771,11.01865,37.779485,0.4373,1,0
2024-06-25,sh.600276,39.7,57.137109,6.047891,10.857295,37.226249,0.3521,1,0
2024-06-26,sh.600276,39.9,57.424953,6.078359,10.911992,37.413786,0.35,1,0
2024-06-27,sh.600276,39.24,56.475067,5.977815,10.731493,36.794912,0.4261,1,0
2024-06-28,sh.600276,38.46,55.352474,5.85899,10.518175,36.063514,0.4848,1,0
2024-07-01,sh.600276,38.27,55.079022,5.830045,10.466214,35.885353,0.3745,1,0
2024-07-02,sh.600276,37.47,53.927644,5.708173,10.247427,35.135202,0.4873,1,0
2024-07-03,sh.600276,38.67,55.65471,5.890981,10.575607,36.260429,0.8665,1,0
2024-07-04,sh.600276,38.45,55.338082,5.857466,10.515441,36.054137,0.4535,1,0
2024-07-05,sh.600276,40.03,57.612052,6.098163,10.947545,37.535686,0.7739,1,0
2024-07-08,sh.600276,39.21,56.43189,5.973244,10.723288,36.766781,0.7836,1,0
2024-07-09,sh.600276,38.99,56.115261,5.93973,10.663122,36.560489,0.6287,1,0
2024-07-10,sh.600276,39.41,56.719735,6.003712,10.777985,36.954319,0.3172,1,0
2024-07-11,sh.600276,40.6,58.432409,6.184997,11.10343,38.070169,0.5954,1,0
2024-07-12,sh.600276,41.27,59.396687,6.287064,11.286664,38.69842,0.4938,1,0
2024-07-15,sh.600276,40.78,58.691469,6.212418,11.152657,38.238953,0.3247,1,0
2024-07-16,sh.600276,40.95,58.936136,6.238316,11.199149,38.39836,0.3547,1,0
2024-07-17,sh.600276,41.74,60.073122,6.358664,11.415201,39.139134,0.5594,1,0
2024-07-18,sh.600276,42.15,60.663203,6.421124,11.52733,39.523586,0.4815,1,0
2024-07-19,sh.600276,42.23,60.77834,6.433311,11.549208,39.598601,0.435,1,0
2024-07-22,sh.600276,42.77,61.55552,6.515574,11.696889,40.104953,0.5106,1,0
2024-07-23,sh.600276,41.41,59.598178,6.308392,11.324952,38.829697,0.5752,1,0
2024-07-24,sh.600276,41.4,59.583786,6.306869,11.322217,38.82032,0.3141,1,0
2024-07-25,sh.600276,41.46,59.670139,6.316009,11.338626,38.876581,0.3434,1,0
2024-07-26,sh.600276,41.07,59.108843,6.256596,11.231967,38.510882,0.3467,1,0
2024-07-29,sh.600276,40.49,58.274094,6.168239,11.073347,37.967023,0.3681,1,0
2024-07-30,sh.600276,40.0,57.568876,6.093593,10.93934,37.507555,0.3803,1,0
2024-07-31,sh.600276,42.21,60.749556,6.430264,11.543739,39.579848,0.6204,1,0
2024-08-01,sh.600276,41.95,60.375358,6.390656,11.472633,39.336049,0.2733,1,0
2024-08-02,sh.600276,42.17,60.691987,6.42417,11.532799,39.54234,0.401,1,0
2024-08-05,sh.600276,42.65,61.382814,6.497293,11.664071,39.992431,0.5073,1,0
2024-08-06,sh.600276,42.91,61.757011,6.536902,11.735177,40.23623,0.3413,1,0
2024-08-07,sh.600276,42.15,60.663203,6.421124,11.52733,39.523586,0.2779,1,0
2024-08-08,sh.600276,42.58,61.282068,6.48663,11.644928,39.926793,0.2585,1,0
2024-08-09,sh.600276,42.42,61.051793,6.462255,11.60117,39.776762,0.2445,1,0
2024-08-12,sh.600276,43.63,62.793251,6.646586,11.932085,40.911366,0.5218,1,0
2024-08-13,sh.600276,42.67,61.411598,6.50034,11.669541,40.011185,0.3562,1,0
2024-08-14,sh.600276,42.5,61.16693,6.474442,11.623049,39.851777,0.2224,1,0
2024-08-15,sh.600276,42.92,61.771403,6.538425,11.737912,40.245607,0.3359,1,0
2024-08-16,sh.600276,43.12,62.059248,6.568893,11.792609,40.433145,0.246,1,0
2024-08-19,sh.600276,42.11,60.605634,6.41503,11.51639,39.486079,0.3757,1,0
2024-08-20,sh.600276,42.25,60.807125,6.436357,11.554678,39.617355,0.2414,1,0
2024-08-21,sh.600276,42.31,60.893478,6.445498,11.571087,39.673617,0.2544,1,0
2024-08-22,sh.600276,43.93,51.646471,6.574726,11.09726,48.154375,0.8424,1,0
2024-08-23,sh.600276,43.62,51.282019,6.52833,11.018951,47.814565,0.435,1,0
2024-08-26,sh.600276,43.32,50.929323,6.483431,10.943167,47.485717,0.3844,1,0
2024-08-27,sh.600276,43.6,51.258506,6.525337,11.013898,47.792642,0.3547,1,0
2024-08-28,sh.600276,43.5,51.14094,6.510371,10.988637,47.683026,0.3233,1,0
2024-08-29,sh.600276,44.32,52.104976,6.633095,11.195779,48.581878,0.4785,1,0
2024-08-30,sh.600276,44.13,51.881602,6.604659,11.147783,48.373608,0.4911,1,0
2024-09-02,sh.600276,43.9,51.611202,6.570236,11.089682,48.121491,0.4045,1,0
2024-09-03,sh.600276,44.58,52.410646,6.672007,11.261458,48.86688,0.4961,1,0
2024-09-04,sh.600276,44.51,52.328351,6.661531,11.243775,48.790149,0.3332,1,0
2024-09-05,sh.600276,45.0,52.904421,6.734866,11.367556,49.327268,0.3114,1,0
2024-09-06,sh.600276,44.4,52.199029,6.645068,11.215988,48.669571,0.2218,1,0
2024-09-09,sh.600276,44.55,52.375377,6.667518,11.25388,48.833996,0.4013,1,0
2024-09-10,sh.600276,44.48,52.293081,6.657041,11.236197,48.757264,0.3122,1,0
2024-09-11,sh.600276,45.43,53.409952,6.799222,11.476179,49.798618,0.4571,1,0
2024-09-12,sh.600276,44.97,52.869151,6.730376,11.359977,49.294383,0.2925,1,0
2024-09-13,sh.600276,44.77,52.634021,6.700444,11.309455,49.075151,0.3058,1,0
2024-09-18,sh.600276,45.12,53.0455,6.752826,11.397869,49.458808,0.2745,1,0
2024-09-19,sh.600276,45.0,52.904421,6.734866,11.367556,49.327268,0.3512,1,0
2024-09-20,sh.600276,42.71,50.212174,6.392136,10.789073,46.817058,1.049,1,0
2024-09-23,sh.600276,42.71,50.212174,6.392136,10.789073,46.817058,0.4464,1,0
2024-09-24,sh.600276,43.66,51.329045,6.534317,11.029055,47.858412,0.6792,1,0
2024-09-25,sh.600276,43.84,51.540663,6.561256,11.074525,48.055721,0.6801,1,0
2024-09-26,sh.600276,46.46,54.620876,6.953375,11.73637,50.927664,0.7477,1,0
2024-09-27,sh.600276,48.68,57.230827,7.285629,12.297169,53.361143,0.5967,1,0
2024-09-30,sh.600276,52.3,61.486694,7.827411,13.211626,57.329247,1.5966,1,0
2024-10-08,sh.600276,56.01,65.848369,8.382663,14.148817,61.396007,1.8696,1,0
2024-10-09,sh.600276,51.68,60.757788,7.73462,13.055006,56.649627,1.4118,1,0
2024-10-10,sh.600276,52.57,61.80412,7.86782,13.279831,57.625211,0.9175,1,0
2024-10-11,sh.600276,50.2,59.017821,7.513117,12.68114,55.027308,0.7766,1,0
2024-10-14,sh.600276,51.39,60.416849,7.691217,12.981748,56.33174,0.6205,1,0
2024-10-15,sh.600276,50.6,59.488082,7.572983,12.782185,55.465773,0.5695,1,0
2024-10-16,sh.600276,49.18,57.818654,7.36046,12.423475,53.909223,0.623,1,0
2024-10-17,sh.600276,49.22,57.86568,7.366447,12.43358,53.95307,0.5376,1,0
2024-10-18,sh.600276,50.48,59.347004,7.555023,12.751871,55.334233,0.8414,1,0
2024-10-21,sh.600276,50.56,59.441056,7.566996,12.77208,55.421926,0.7397,1,0
2024-10-22,sh.600276,50.76,59.676187,7.596929,12.822603,55.641159,0.6287,1,0
2024-10-23,sh.600276,50.69,59.593891,7.586453,12.80492,55.564427,0.581,1,0
2024-10-24,sh.600276,48.67,57.219071,7.284132,12.294643,53.350181,1.4133,1,0
2024-10-25,sh.600276,48.0,56.200263,6.995813,11.778678,68.929081,1.4785,1,0
2024-10-28,sh.600276,48.59,56.891058,7.081803,11.923458,69.776334,0.8953,1,0
2024-10-29,sh.600276,48.18,56.411014,7.022047,11.822848,69.187565,0.6235,1,0
2024-10-30,sh.600276,47.2,55.263592,6.879216,11.582367,67.780263,0.7454,1,0
2024-10-31,sh.600276,46.6,54.561089,6.791769,11.435133,66.918649,0.716,1,0
2024-11-01,sh.600276,47.56,55.685094,6.931685,11.670707,68.297231,0.9719,1,0
2024-11-04,sh.600276,47.99,56.188555,6.994356,11.776224,68.91472,0.6374,1,0
2024-11-05,sh.600276,48.68,56.996434,7.09492,11.945543,69.905576,0.8063,1,0
2024-11-06,sh.600276,48.75,57.078392,7.105123,11.96272,70.006097,0.8427,1,0
2024-11-07,sh.600276,50.0,58.541941,7.287305,12.269456,71.801126,0.9156,1,0
2024-11-08,sh.600276,49.5,57.956521,7.214432,12.146762,71.083114,1.0226,1,0
2024-11-11,sh.600276,49.43,57.874563,7.20423,12.129584,70.982593,0.9199,1,0
2024-11-12,sh.600276,49.29,57.710645,7.183826,12.09523,70.78155,1.2029,1,0
2024-11-13,sh.600276,49.35,57.780896,7.19257,12.109953,70.867711,0.6414,1,0
2024-11-14,sh.600276,48.45,56.727141,7.061399,11.889103,69.575291,0.61,1,0
2024-11-15,sh.600276,47.7,55.849012,6.952089,11.705061,68.498274,0.5187,1,0
2024-11-18,sh.600276,47.2,55.263592,6.879216,11.582367,67.780263,0.4758,1,0
2024-11-19,sh.600276,47.43,55.532885,6.912738,11.638806,68.110548,0.4081,1,0
2024-11-20,sh.600276,50.46,59.080527,7.354349,12.382335,72.461696,1.7176,1,0
2024-11-21,sh.600276,50.19,58.7644,7.314997,12.31608,72.07397,0.7658,1,0
2024-11-22,sh.600276,48.27,56.51639,7.035165,11.844933,69.316807,0.7862,1,0
2024-11-25,sh.600276,47.76,55.919262,6.960834,11.719785,68.584435,0.6837,1,0
2024-11-26,sh.600276,48.68,56.996434,7.09492,11.945543,69.905576,0.6267,1,0
2024-11-27,sh.600276,49.99,58.530232,7.285848,12.267002,71.786765,0.9007,1,0
2024-11-28,sh.600276,49.7,58.190689,7.243581,12.195839,71.370319,0.5757,1,0
2024-11-29,sh.600276,50.69,59.34982,7.38787,12.438775,72.791981,1.0864,1,0
2024-12-02,sh.600276,50.45,59.068818,7.352891,12.379881,72.447336,0.658,1,0
2024-12-03,sh.600276,49.63,58.10873,7.233379,12.178662,71.269797,0.6211,1,0
2024-12-04,sh.600276,49.4,57.839438,7.199858,12.122223,70.939512,0.4049,1,0
2024-12-05,sh.600276,48.95,57.31256,7.134272,12.011798,70.293302,0.4673,1,0
2024-12-06,sh.600276,49.53,57.991647,7.218805,12.154123,71.126195,0.5366,1,0
2024-12-09,sh.600276,49.38,57.816021,7.196943,12.117315,70.910792,0.4336,1,0
2024-12-10,sh.600276,48.13,56.352472,7.01476,11.810579,69.115764,1.6023,1,0
2024-12-11,sh.600276,48.15,56.375889,7.017675,11.815486,69.144484,0.6732,1,0
2024-12-12,sh.600276,48.04,56.247097,7.001643,11.788494,68.986521,0.5669,1,0
2024-12-13,sh.600276,46.59,54.54938,6.790311,11.432679,66.904289,1.0202,1,0
2024-12-16,sh.600276,46.07,53.940544,6.714523,11.305077,66.157557,0.5551,1,0
2024-12-17,sh.600276,46.5,54.444005,6.777194,11.410594,66.775047,0.4952,1,0
2024-12-18,sh.600276,46.59,54.54938,6.790311,11.432679,66.904289,0.3874,1,0
2024-12-19,sh.600276,46.54,54.490839,6.783024,11.42041,66.832488,0.3409,1,0
2024-12-20,sh.600276,46.25,54.151295,6.740757,11.349247,66.416041,0.4087,1,0
2024-12-23,sh.600276,45.85,53.68296,6.682459,11.251091,65.841632,0.5674,1,0
2024-12-24,sh.600276,46.33,54.244962,6.752417,11.368878,66.530923,0.4609,1,0
2024-12-25,sh.600276,46.62,54.584506,6.794683,11.440041,66.94737,0.4942,1,0
2024-12-26,sh.600276,46.11,53.987378,6.720353,11.314892,66.214998,0.401,1,0
2024-12-27,sh.600276,46.1,53.975669,6.718895,11.312439,66.200638,0.3331,1,0
2024-12-30,sh.600276,46.14,54.022503,6.724725,11.322254,66.258079,0.4017,1,0
2024-12-31,sh.600276,45.9,53.741502,6.689746,11.263361,65.913433,0.6085,1,0
2025-01-02,sh.600276,44.95,52.629205,6.551287,11.030241,64.549212,0.5457,1,0
2025-01-03,sh.600276,44.36,51.93841,6.465297,10.885462,63.701959,0.4293,1,0
2025-01-06,sh.600276,45.01,52.699455,6.560032,11.044964,64.635373,0.4726,1,0
2025-01-07,sh.600276,44.04,51.563741,6.418659,10.806937,63.242431,0.4035,1,0
2025-01-08,sh.600276,43.55,50.99003,6.347243,10.686696,62.53878,0.5492,1,0
2025-01-09,sh.600276,43.08,50.439736,6.278742,10.571363,61.86385,0.4041,1,0
2025-01-10,sh.600276,42.67,49.959692,6.218986,10.470754,61.275081,0.4166,1,0
2025-01-13,sh.600276,42.81,50.12361,6.239391,10.505108,61.476124,0.2996,1,0
2025-01-14,sh.600276,44.29,51.856451,6.455095,10.868284,63.601437,0.5295,1,0
2025-01-15,sh.600276,43.88,51.376407,6.395339,10.767675,63.012668,0.29,1,0
2025-01-16,sh.600276,42.9,50.228985,6.252508,10.527193,61.605366,0.4862,1,0
2025-01-17,sh.600276,42.84,50.158735,6.243763,10.51247,61.519204,0.3145,1,0
2025-01-20,sh.600276,44.52,52.125744,6.488617,10.924724,63.931722,0.8757,1,0
2025-01-21,sh.600276,45.13,52.839956,6.577522,11.074411,64.807696,0.5549,1,0
2025-01-22,sh.600276,44.43,52.020369,6.475499,10.902639,63.80248,0.3304,1,0
2025-01-23,sh.600276,43.96,51.470074,6.406999,10.787306,63.12755,0.4485,1,0
2025-01-24,sh.600276,44.64,52.266245,6.506106,10.95417,64.104045,0.5494,1,0
2025-01-27,sh.600276,44.65,52.277953,6.507564,10.956624,64.118405,0.3027,1,0
2025-02-05,sh.600276,44.01,51.528616,6.414286,10.799575,63.199351,0.4302,1,0
2025-02-06,sh.600276,44.36,51.93841,6.465297,10.885462,63.701959,0.3953,1,0
2025-02-07,sh.600276,45.29,53.02729,6.600841,11.113673,65.03746,0.7923,1,0
2025-02-10,sh.600276,44.88,52.547246,6.541085,11.013064,64.44869,0.594,1,0
2025-02-11,sh.600276,44.19,51.739367,6.44052,10.843745,63.457835,0.487,1,0
2025-02-12,sh.600276,44.44,52.032077,6.476957,10.905093,63.81684,0.3947,1,0
2025-02-13,sh.600276,44.64,52.266245,6.506106,10.95417,64.104045,0.5935,1,0
2025-02-14,sh.600276,45.5,53.273166,6.631448,11.165205,65.339024,0.8186,1,0
2025-02-17,sh.600276,45.26,52.992165,6.596469,11.106312,64.994379,0.8742,1,0
2025-02-18,sh.600276,44.82,52.476996,6.53234,10.998341,64.362529,0.549,1,0
2025-02-19,sh.600276,44.71,52.348203,6.516308,10.971348,64.204567,0.5763,1,0
2025-02-20,sh.600276,46.5,54.444005,6.777194,11.410594,66.775047,1.3389,1,0
2025-02-21,sh.600276,48.28,56.528098,7.036622,11.847387,69.331167,1.5286,1,0
2025-02-24,sh.600276,48.09,56.305639,7.00893,11.800763,69.058323,0.8357,1,0
2025-02-25,sh.600276,47.37,55.462635,6.903993,11.624083,68.024386,0.5555,1,0
2025-02-26,sh.600276,47.55,55.673386,6.930227,11.668253,68.28287,0.5144,1,0
2025-02-27,sh.600276,47.91,56.094888,6.982696,11.756593,68.799839,0.5786,1,0
2025-02-28,sh.600276,45.96,53.811752,6.698491,11.278084,65.999595,0.7707,1,0
2025-03-03,sh.600276,45.92,53.764918,6.692661,11.268269,65.942154,0.5,1,0
2025-03-04,sh.600276,45.86,53.694668,6.683916,11.253545,65.855992,0.3815,1,0
2025-03-05,sh.600276,45.98,53.835169,6.701406,11.282992,66.028315,0.3961,1,0
2025-03-06,sh.600276,46.52,54.467422,6.780109,11.415502,66.803767,0.5195,1,0
2025-03-07,sh.600276,45.68,53.483917,6.657682,11.209375,65.597508,0.5277,1,0
2025-03-10,sh.600276,45.49,53.261458,6.62999,11.162751,65.324664,0.5387,1,0
2025-03-11,sh.600276,45.34,53.085832,6.608128,11.125943,65.109261,0.457,1,0
2025-03-12,sh.600276,45.0,52.687747,6.558575,11.042511,64.621013,0.5323,1,0
2025-03-13,sh.600276,45.03,52.722872,6.562947,11.049872,64.664094,0.3815,1,0
2025-03-14,sh.600276,46.54,54.490839,6.783024,11.42041,66.832488,0.8986,1,0
2025-03-17,sh.600276,46.48,54.420588,6.774279,11.405686,66.746326,0.4349,1,0
2025-03-18,sh.600276,46.5,54.444005,6.777194,11.410594,66.775047,0.4833,1,0
2025-03-19,sh.600276,47.29,55.368968,6.892333,11.604452,67.909505,0.7606,1,0
2025-03-20,sh.600276,46.63,54.596214,6.796141,11.442495,66.96173,0.5098,1,0
2025-03-21,sh.600276,44.85,52.512121,6.536713,11.005702,64.40561,0.8489,1,0
2025-03-24,sh.600276,44.35,51.926702,6.46384,10.883008,63.687598,0.5127,1,0
2025-03-25,sh.600276,44.87,52.535538,6.539628,11.01061,64.43433,0.3592,1,0
2025-03-26,sh.600276,46.23,54.127879,6.737842,11.344339,66.387321,0.9579,1,0
2025-03-27,sh.600276,48.39,56.65689,7.052654,11.87438,69.489129,1.3617,1,0
2025-03-28,sh.600276,48.61,56.914475,7.084718,11.928365,69.805054,1.2118,1,0
2025-03-31,sh.600276,49.2,49.529799,6.894725,11.214984,79.1029,1.2277,1,0
2025-04-01,sh.600276,51.8,52.147228,7.25908,11.807646,83.283134,2.1305,1,0
2025-04-02,sh.600276,50.85,51.19086,7.12595,11.591097,81.755741,0.9906,1,0
2025-04-03,sh.600276,51.04,51.382133,7.152576,11.634407,82.061219,0.8118,1,0
2025-04-07,sh.600276,48.7,49.026448,6.824656,11.101011,78.299008,1.8107,1,0
2025-04-08,sh.600276,48.7,49.026448,6.824656,11.101011,78.299008,1.5483,1,0
2025-04-09,sh.600276,48.22,48.54323,6.757391,10.991596,77.527273,1.5288,1,0
2025-04-10,sh.600276,48.5,48.825107,6.796629,11.055422,77.977452,1.1471,1,0
2025-04-11,sh.600276,48.38,48.704303,6.779813,11.028068,77.784518,0.6675,1,0
2025-04-14,sh.600276,48.87,49.197587,6.84848,11.139762,78.572331,0.8964,1,0
2025-04-15,sh.600276,48.27,48.593565,6.764398,11.002994,77.607662,0.5115,1,0
2025-04-16,sh.600276,48.9,49.227788,6.852684,11.1466,78.620565,0.7138,1,0
2025-04-17,sh.600276,48.78,49.106984,6.835867,11.119247,78.427631,0.4764,1,0
2025-04-18,sh.600276,48.0,48.321756,6.726561,10.941448,77.173561,0.3971,1,0
2025-04-21,sh.600276,49.17,49.499598,6.890521,11.208146,79.054666,0.5811,1,0
2025-04-22,sh.600276,50.97,51.311664,7.142767,11.61845,81.948675,0.9686,1,0
2025-04-23,sh.600276,51.09,51.432469,7.159583,11.645804,82.141608,0.6042,1,0
2025-04-24,sh.600276,51.13,51.472737,7.165188,11.654922,82.20592,0.5268,1,0
2025-04-25,sh.600276,50.27,46.870607,6.824697,10.984686,110.891277,0.822,1,0
2025-04-28,sh.600276,49.97,46.590894,6.783969,10.919132,110.229503,0.6211,1,0
2025-04-29,sh.600276,49.6,46.245914,6.733737,10.838282,109.413315,0.5435,1,0
2025-04-30,sh.600276,51.1,47.64448,6.937379,11.166052,112.722185,0.673,1,0
2025-05-06,sh.600276,51.0,47.551243,6.923802,11.144201,112.501594,0.6042,1,0
2025-05-07,sh.600276,51.51,48.026755,6.99304,11.255643,113.62661,0.6228,1,0
2025-05-08,sh.600276,51.56,48.073374,6.999828,11.266568,113.736906,0.4548,1,0
2025-05-09,sh.600276,52.81,49.238846,7.16953,11.539711,116.494298,0.9187,1,0
2025-05-12,sh.600276,50.69,47.262206,6.881717,11.076462,111.817761,1.323,1,0
2025-05-13,sh.600276,51.23,47.765689,6.955027,11.194459,113.008954,0.8138,1,0
2025-05-14,sh.600276,52.9,49.32276,7.181748,11.559377,116.69283,0.9819,1,0
2025-05-15,sh.600276,53.69,50.059338,7.288999,11.732003,118.435502,0.8365,1,0
2025-05-16,sh.600276,53.85,50.208518,7.310721,11.766965,118.788448,0.5991,1,0
2025-05-19,sh.600276,53.45,49.835567,7.256416,11.679559,117.906082,0.549,1,0
2025-05-20,sh.600276,54.45,50.767944,7.392177,11.898073,120.111996,0.9302,1,0
2025-05-21,sh.600276,55.94,52.157187,7.594461,12.223659,123.398807,0.96,1,0
2025-05-22,sh.600276,55.6,51.840178,7.548302,12.149364,122.648797,0.6477,1,0
2025-05-23,sh.600276,54.5,50.814563,7.398965,11.908999,120.222292,0.8494,1,0
2025-05-26,sh.600276,53.35,51.493095,7.497764,12.068021,121.827631,0.8344,1,0
2025-05-27,sh.600276,53.42,51.560659,7.507602,12.083855,121.98748,0.5649,1,0
2025-05-28,sh.600276,54.25,52.36177,7.62425,12.271605,123.88283,0.5613,1,0
2025-05-29,sh.600276,54.1,52.21699,7.603169,12.237674,123.540297,0.5563,1,0
2025-05-30,sh.600276,54.74,52.834715,7.693114,12.382445,125.001772,0.739,1,0
2025-06-03,sh.600276,54.88,52.969842,7.712789,12.414114,125.32147,0.6811,1,0
2025-06-04,sh.600276,55.29,53.365571,7.77041,12.506858,126.257727,0.5778,1,0
2025-06-05,sh.600276,53.88,52.004648,7.57225,12.187909,123.037915,0.7764,1,0
2025-06-06,sh.600276,53.8,51.927432,7.561007,12.169813,122.855231,0.5401,1,0
2025-06-09,sh.600276,54.36,52.467941,7.639709,12.296488,124.134021,1.0298,1,0
2025-06-10,sh.600276,55.13,53.21114,7.747924,12.470665,125.892358,0.7536,1,0
2025-06-11,sh.600276,54.71,52.805759,7.688898,12.375659,124.933266,0.5922,1,0
2025-06-12,sh.600276,55.82,53.877124,7.844896,12.626746,127.468011,0.7731,1,0
2025-06-13,sh.600276,53.89,52.0143,7.573656,12.190171,123.060751,1.035,1,0
2025-06-16,sh.600276,53.76,51.888824,7.555385,12.160765,122.763889,0.6149,1,0
2025-06-17,sh.600276,51.84,50.035652,7.28555,11.726452,118.379464,1.0898,1,0
2025-06-18,sh.600276,51.81,50.006696,7.281334,11.719666,118.310958,0.5237,1,0
2025-06-19,sh.600276,51.58,49.784702,7.24901,11.667639,117.78574,0.585,1,0
2025-06-20,sh.600276,51.76,49.958437,7.274307,11.708355,118.19678,0.3772,1,0
2025-06-23,sh.600276,51.96,50.151475,7.302415,11.753596,118.653491,0.4911,1,0
2025-06-24,sh.600276,52.15,50.591569,7.366496,11.856737,119.694709,0.7071,1,0
2025-06-25,sh.600276,52.95,51.367662,7.4795,12.038624,121.530869,0.841,1,0
2025-06-26,sh.600276,52.08,50.523661,7.356608,11.840822,119.534045,0.6149,1,0
2025-06-27,sh.600276,51.95,50.397546,7.338245,11.811266,119.235669,0.4511,1,0
2025-06-30,sh.600276,51.9,50.34904,7.331182,11.799898,119.120909,0.6982,1,0
2025-07-01,sh.600276,52.46,50.892305,7.410285,11.927219,120.406221,0.6235,1,0
2025-07-02,sh.600276,52.25,50.688581,7.380621,11.879473,119.924229,0.5106,1,0
2025-07-03,sh.600276,52.47,50.902006,7.411698,11.929492,120.429173,0.4604,1,0
2025-07-04,sh.600276,53.26,51.668398,7.52329,12.109105,122.242381,0.7492,1,0
2025-07-07,sh.600276,52.65,51.076627,7.437124,11.970417,120.842309,0.449,1,0
2025-07-08,sh.600276,53.4,51.804214,7.543066,12.140935,122.563709,0.5632,1,0
2025-07-09,sh.600276,57.19,55.480955,8.078426,13.002624,131.262519,1.8157,1,0
2025-07-10,sh.600276,57.6,55.878703,8.13634,13.09584,132.203552,1.4167,1,0
2025-07-11,sh.600276,56.9,55.199622,8.037461,12.93669,130.596911,1.0325,1,0
2025-07-14,sh.600276,57.21,55.500358,8.081251,13.007171,131.308423,0.7427,1,0
2025-07-15,sh.600276,57.22,55.510059,8.082663,13.009444,131.331375,0.6849,1,0
2025-07-16,sh.600276,57.22,55.510059,8.082663,13.009444,131.331375,0.6242,1,0
2025-07-17,sh.600276,57.73,56.004818,8.154704,13.125397,132.501928,0.6963,1,0
2025-07-18,sh.600276,58.76,57.004038,8.300197,13.359576,134.865984,1.0362,1,0
2025-07-21,sh.600276,58.0,56.26675,8.192843,13.186784,133.121632,0.7986,1,0
2025-07-22,sh.600276,57.41,55.694381,8.109502,13.052642,131.767464,0.7455,1,0
2025-07-23,sh.600276,57.13,55.422748,8.06995,12.988982,131.124807,0.6667,1,0
2025-07-24,sh.600276,57.5,55.781691,8.122215,13.073105,131.974032,0.7303,1,0
2025-07-25,sh.600276,56.4,54.714563,7.966833,12.82301,129.449311,0.7923,1,0
2025-07-28,sh.600276,62.04,60.18602,8.763517,14.105311,142.394242,2.5554,1,0
2025-07-29,sh.600276,63.8,61.893425,9.012127,14.505462,146.433795,2.638,1,0
2025-07-30,sh.600276,63.59,61.6897,8.982463,14.457717,145.951803,1.5376,1,0
2025-07-31,sh.600276,62.9,61.02032,8.884997,14.30084,144.368115,1.1633,1,0
2025-08-01,sh.600276,61.31,59.477835,8.6604,13.93934,140.718746,1.1517,1,0
2025-08-04,sh.600276,62.0,60.147215,8.757866,14.096217,142.302434,1.0811,1,0
2025-08-05,sh.600276,62.3,60.43825,8.800243,14.164425,142.990994,0.8488,1,0
2025-08-06,sh.600276,61.58,59.739766,8.698539,14.000727,141.33845,0.8974,1,0
2025-08-07,sh.600276,60.81,58.992777,8.589772,13.825661,139.571145,0.7913,1,0
2025-08-08,sh.600276,60.99,59.167398,8.615198,13.866585,139.984282,0.569,1,0
2025-08-11,sh.600276,61.07,59.245007,8.626498,13.884774,140.167898,0.6674,1,0
2025-08-12,sh.600276,60.85,59.031581,8.595422,13.834755,139.662953,0.6143,1,0
2025-08-13,sh.600276,62.61,60.738986,8.844033,14.234906,143.702506,1.2781,1,0
2025-08-14,sh.600276,62.82,60.942711,8.873696,14.282651,144.184499,0.8955,1,0
2025-08-15,sh.600276,63.4,61.505378,8.955625,14.414519,145.515715,0.964,1,0
2025-08-18,sh.600276,63.08,61.194941,8.910423,14.341764,144.781251,1.1426,1,0
2025-08-19,sh.600276,61.69,59.846479,8.714077,14.025736,141.590922,1.564,1,0
2025-08-20,sh.600276,62.85,60.971814,8.877934,14.289472,144.253355,1.0196,1,0
2025-08-21,sh.600276,63.99,57.745893,7.264443,14.08902,30.541098,1.346,1,0
2025-08-22,sh.600276,64.98,58.639289,7.376832,14.306994,31.013605,0.9997,1,0
2025-08-25,sh.600276,66.26,59.794388,7.522144,14.588818,31.624522,1.3313,1,0
2025-08-26,sh.600276,65.3,58.928064,7.41316,14.37745,31.166334,0.9016,1,0
2025-08-27,sh.600276,63.05,56.897618,7.15773,13.882055,30.092456,1.3125,1,0
2025-08-28,sh.600276,63.03,56.879569,7.155459,13.877652,30.08291,1.1237,1,0
2025-08-29,sh.600276,66.23,59.767315,7.518738,14.582213,31.610204,1.6061,1,0
2025-09-01,sh.600276,68.35,61.680447,7.75941,15.048984,32.622036,1.3691,1,0
2025-09-02,sh.600276,68.87,62.149705,7.818443,15.163476,32.870221,1.7023,1,0
2025-09-03,sh.600276,71.98,64.956233,8.171505,15.848221,34.354559,1.7728,1,0
2025-09-04,sh.600276,68.65,61.951173,7.793468,15.115037,32.76522,1.7312,1,0
2025-09-05,sh.600276,72.47,65.39842,8.227132,15.956107,34.588426,1.47,1,0
2025-09-08,sh.600276,72.31,65.254032,8.208968,15.920879,34.512062,1.1745,1,0
2025-09-09,sh.600276,71.09,64.153079,8.070468,15.652265,33.929781,1.205,1,0
2025-09-10,sh.600276,70.32,63.458215,7.983054,15.48273,33.562276,0.7349,1,0
2025-09-11,sh.600276,68.29,61.626302,7.752599,15.035774,32.593399,3.0489,1,0
2025-09-12,sh.600276,69.01,62.276044,7.834337,15.1943,32.93704,1.3048,1,0
2025-09-15,sh.600276,69.1,62.357262,7.844554,15.214116,32.979995,0.9605,1,0
2025-09-16,sh.600276,69.15,62.402383,7.85023,15.225125,33.003859,0.6813,1,0
2025-09-17,sh.600276,70.13,63.286755,7.961484,15.440897,33.471593,0.9187,1,0
2025-09-18,sh.600276,71.09,64.153079,8.070468,15.652265,33.929781,1.357,1,0
2025-09-19,sh.600276,69.65,62.853594,7.906992,15.335212,33.242499,0.8221,1,0
2025-09-22,sh.600276,71.05,64.116982,8.065927,15.643458,33.91069,0.9038,1,0
2025-09-23,sh.600276,69.7,62.898715,7.912669,15.346221,33.266363,0.88,1,0
2025-09-24,sh.600276,70.11,63.268707,7.959214,15.436493,33.462047,0.6197,1,0
2025-09-25,sh.600276,72.27,65.217935,8.204427,15.912072,34.49297,1.1585,1,0
2025-09-26,sh.600276,70.08,63.241634,7.955808,15.429888,33.447729,1.0959,1,0
2025-09-29,sh.600276,69.2,62.447504,7.855906,15.236133,33.027723,1.0158,1,0
2025-09-30,sh.600276,71.55,64.568193,8.122689,15.753546,34.149329,0.9084,1,0
2025-10-09,sh.600276,71.15,64.207224,8.077279,15.665475,33.958418,0.9293,1,0
2025-10-10,sh.600276,68.2,61.545084,7.742382,15.015958,32.550444,1.1069,1,0
2025-10-13,sh.600276,66.98,60.444131,7.603881,14.747344,31.968163,0.8344,1,0
2025-10-14,sh.600276,64.27,57.998571,7.29623,14.150669,30.674736,1.102,1,0
2025-10-15,sh.600276,66.4,59.920727,7.538037,14.619643,31.691341,0.8014,1,0
2025-10-16,sh.600276,66.84,60.317792,7.587988,14.71652,31.901344,0.7217,1,0
2025-10-17,sh.600276,65.1,58.74758,7.390455,14.333415,31.070878,0.5479,1,0
2025-10-20,sh.600276,65.13,58.774653,7.393861,14.34002,31.085197,0.5122,1,0
2025-10-21,sh.600276,66.0,59.559758,7.492627,14.531572,31.50043,0.5793,1,0
2025-10-22,sh.600276,65.26,58.891967,7.408619,14.368643,31.147243,0.624,1,0
2025-10-23,sh.600276,65.14,58.783677,7.394996,14.342222,31.089969,0.5374,1,0
2025-10-24,sh.600276,65.5,59.108548,7.435865,14.421485,31.26179,0.5843,1,0
2025-10-27,sh.600276,67.01,60.471203,7.607287,14.753949,31.982482,0.7978,1,0
2025-10-28,sh.600276,63.62,56.541488,7.096277,13.628552,23.059214,1.6963,1,0
2025-10-29,sh.600276,64.02,56.896983,7.140894,13.714239,23.204194,0.8813,1,0
2025-10-30,sh.600276,62.88,55.883822,7.013736,13.470031,22.790999,0.9543,1,0
2025-10-31,sh.600276,64.15,57.012519,7.155394,13.742088,23.251313,1.3122,1,0
2025-11-03,sh.600276,63.4,56.345966,7.071738,13.581424,22.979474,0.7216,1,0
2025-11-04,sh.600276,61.92,55.030634,6.906656,13.264381,22.443045,0.8083,1,0
2025-11-05,sh.600276,61.96,55.066184,6.911118,13.27295,22.457543,0.5242,1,0
2025-11-06,sh.600276,62.42,55.475003,6.962427,13.37149,22.624271,0.3959,1,0
2025-11-07,sh.600276,61.58,54.728463,6.868732,13.191547,22.319811,0.4243,1,0
2025-11-10,sh.600276,61.83,54.950648,6.896618,13.245102,22.410424,0.6212,1,0
2025-11-11,sh.600276,61.06,54.26632,6.810731,13.080154,22.131336,0.4314,1,0
2025-11-12,sh.600276,62.1,55.190607,6.926734,13.302941,22.508286,0.8062,1,0
2025-11-13,sh.600276,63.56,56.488164,7.089585,13.615699,23.037466,0.7969,1,0
2025-11-14,sh.600276,62.9,55.901597,7.015967,13.474315,22.798248,0.5009,1,0
2025-11-17,sh.600276,61.8,54.923986,6.893271,13.238675,22.39955,0.4944,1,0
2025-11-18,sh.600276,61.78,54.906211,6.891041,13.234391,22.392301,0.3435,1,0
2025-11-19,sh.600276,61.11,54.310757,6.816308,13.090865,22.149458,0.331,1,0
2025-11-20,sh.600276,60.63,53.884163,6.762768,12.98804,21.975481,0.3974,1,0
2025-11-21,sh.600276,59.5,52.879889,6.636726,12.745974,21.56591,0.7013,1,0
2025-11-24,sh.600276,60.66,53.910825,6.766114,12.994467,21.986355,0.5392,1,0
2025-11-25,sh.600276,60.88,54.106347,6.790653,13.041595,22.066094,0.4155,1,0
2025-11-26,sh.600276,62.36,55.421679,6.955735,13.358637,22.602524,0.6895,1,0
2025-11-27,sh.600276,62.09,55.181719,6.925618,13.300799,22.504662,0.4034,1,0
2025-11-28,sh.600276,62.08,55.172832,6.924503,13.298656,22.501037,0.3179,1,0
2025-12-01,sh.600276,61.94,55.048409,6.908887,13.268666,22.450294,0.3995,1,0
2025-12-02,sh.600276,61.12,54.319644,6.817423,13.093007,22.153083,0.2858,1,0
2025-12-03,sh.600276,60.97,54.186333,6.800692,13.060874,22.098715,0.3112,1,0
2025-12-04,sh.600276,61.25,54.43518,6.831924,13.120855,22.200202,0.2828,1,0
2025-12-05,sh.600276,61.62,54.764013,6.873194,13.200116,22.334309,0.3624,1,0
2025-12-08,sh.600276,62.46,55.510552,6.966889,13.380059,22.638769,0.7973,1,0
2025-12-09,sh.600276,63.08,56.06157,7.036045,13.512874,22.863489,0.7738,1,0
2025-12-10,sh.600276,63.38,56.328191,7.069507,13.57714,22.972225,0.453,1,0
2025-12-11,sh.600276,63.4,56.345966,7.071738,13.581424,22.979474,0.3873,1,0
2025-12-12,sh.600276,63.28,56.239317,7.058353,13.555718,22.93598,0.4948,1,0
2025-12-15,sh.600276,61.38,54.550716,6.846424,13.148704,22.24732,0.4547,1,0
2025-12-16,sh.600276,59.15,52.568831,6.597686,12.670997,21.439052,0.8211,1,0
2025-12-17,sh.600276,60.3,53.590879,6.725959,12.917348,21.855872,0.518,1,0
2025-12-18,sh.600276,60.0,53.324258,6.692497,12.853083,21.747136,0.2811,1,0
2025-12-19,sh.600276,60.85,54.079685,6.787307,13.035168,22.055221,0.452,1,0
2025-12-22,sh.600276,60.93,54.150784,6.79623,13.052306,22.084217,0.3711,1,0
2025-12-23,sh.600276,61.8,54.923986,6.893271,13.238675,22.39955,0.5161,1,0
2025-12-24,sh.600276,61.23,54.417405,6.829693,13.116571,22.192953,0.3927,1,0
2025-12-25,sh.600276,61.4,54.568491,6.848655,13.152988,22.254569,0.2433,1,0
2025-12-26,sh.600276,61.06,54.26632,6.810731,13.080154,22.131336,0.336,1,0
2025-12-29,sh.600276,60.51,53.777514,6.749383,12.962334,21.931987,0.448,1,0
2025-12-30,sh.600276,60.18,53.484231,6.712574,12.891642,21.812378,0.3971,1,0
2025-12-31,sh.600276,59.57,52.942101,6.644534,12.760969,21.591282,0.4206,1,0
2026-01-05,sh.600276,63.08,56.06157,7.036045,13.512874,22.863489,1.3343,1,0
2026-01-06,sh.600276,63.06,56.043795,7.033814,13.50859,22.85624,0.7266,1,0
2026-01-07,sh.600276,63.85,56.745898,7.121932,13.677822,23.142578,0.8225,1,0
2026-01-08,sh.600276,63.6,56.523713,7.094046,13.624268,23.051965,0.7019,1,0
2026-01-09,sh.600276,63.78,56.683686,7.114124,13.662827,23.117206,0.6684,1,0
2026-01-12,sh.600276,63.85,56.745898,7.121932,13.677822,23.142578,0.6722,1,0
2026-01-13,sh.600276,64.52,57.341352,7.196665,13.821348,23.385421,1.1606,1,0
2026-01-14,sh.600276,63.61,56.532601,7.095162,13.62641,23.055589,0.9864,1,0
2026-01-15,sh.600276,63.17,56.141556,7.046083,13.532154,22.89611,0.733,1,0
2026-01-16,sh.600276,61.94,55.048409,6.908887,13.268666,22.450294,0.8211,1,0
2026-01-19,sh.600276,61.12,54.319644,6.817423,13.093007,22.153083,0.7429,1,0
2026-01-20,sh.600276,60.5,53.768627,6.748267,12.960192,21.928362,0.6706,1,0
2026-01-21,sh.600276,60.1,53.413132,6.703651,12.874505,21.783382,0.856,1,0
2026-01-22,sh.600276,59.44,52.826565,6.630033,12.733121,21.544163,0.8419,1,0
2026-01-23,sh.600276,58.99,52.426633,6.57984,12.636723,21.38106,1.2667,1,0
2026-01-26,sh.600276,58.16,51.688981,6.48726,12.458922,21.080224,1.1402,1,0
2026-01-27,sh.600276,57.2,50.835792,6.38018,12.253272,20.73227,0.999,1,0
2026-01-28,sh.600276,56.55,50.258113,6.307678,12.114031,20.496676,1.3776,1,0
2026-01-29,sh.600276,58.11,51.644544,6.481683,12.448211,21.062102,1.7837,1,0
2026-01-30,sh.600276,58.16,51.688981,6.48726,12.458922,21.080224,1.3357,1,0
2026-02-02,sh.600276,56.49,50.204789,6.300985,12.101177,20.474929,0.9556,1,0
2026-02-03,sh.600276,57.47,51.075752,6.410296,12.311111,20.830132,0.782,1,0
2026-02-04,sh.600276,57.6,51.191288,6.424797,12.338959,20.877251,0.767,1,0
2026-02-05,sh.600276,58.16,51.688981,6.48726,12.458922,21.080224,0.8116,1,0
2026-02-06,sh.600276,57.31,50.933554,6.39245,12.276836,20.77214,0.5658,1,0
2026-02-09,sh.600276,57.45,51.057977,6.408065,12.306827,20.822883,0.5739,1,0
2026-02-10,sh.600276,58.4,51.902278,6.51403,12.510334,21.167213,1.0172,1,0
2026-02-11,sh.600276,58.9,52.346646,6.569801,12.617443,21.348439,0.8993,1,0
2026-02-12,sh.600276,58.74,52.204448,6.551954,12.583168,21.290446,0.5466,1,0
2026-02-13,sh.600276,58.23,51.751192,6.495068,12.473917,21.105596,0.5386,1,0
2026-02-24,sh.600276,58.01,51.55567,6.470529,12.426789,21.025856,0.5314,1,0
2026-02-25,sh.600276,57.86,51.422359,6.453798,12.394656,20.971488,0.6609,1,0
2026-02-26,sh.600276,56.72,50.409198,6.32664,12.150448,20.558293,0.7979,1,0
2026-02-27,sh.600276,56.56,50.267,6.308793,12.116173,20.500301,0.5701,1,0
2026-03-02,sh.600276,54.54,48.47175,6.083479,11.683452,19.768147,1.1633,1,0
2026-03-03,sh.600276,53.61,47.645224,5.979746,11.484229,19.431066,0.9428,1,0
2026-03-04,sh.600276,52.98,47.08532,5.909474,11.349272,19.202721,0.7392,1,0
2026-03-05,sh.600276,53.72,47.742986,5.992015,11.507793,19.470936,0.7601,1,0
2026-03-06,sh.600276,55.56,49.378263,6.197252,11.901955,20.137848,0.9862,1,0
2026-03-09,sh.600276,54.94,48.827245,6.128096,11.769139,19.913128,0.6682,1,0
2026-03-10,sh.600276,56.55,50.258113,6.307678,12.114031,20.496676,0.7424,1,0
2026-03-11,sh.600276,55.83,49.618222,6.227368,11.959794,20.23571,0.5036,1,0
2026-03-12,sh.600276,55.3,49.147191,6.168251,11.846258,20.043611,0.4181,1,0
2026-03-13,sh.600276,55.11,48.978331,6.147058,11.805557,19.974745,0.3828,1,0
2026-03-16,sh.600276,55.59,49.404925,6.200598,11.908381,20.148722,0.4824,1,0
2026-03-17,sh.600276,56.3,50.035929,6.279793,12.060476,20.406063,0.7903,1,0
2026-03-18,sh.600276,56.88,50.551396,6.344487,12.184722,20.616285,0.6173,1,0
2026-03-19,sh.600276,56.02,49.787082,6.248561,12.000495,20.304576,0.5387,1,0
2026-03-20,sh.600276,55.14,49.004993,6.150404,11.811983,19.985618,0.5446,1,0
2026-03-23,sh.600276,52.78,46.907572,5.887166,11.306429,19.130231,0.7645,1,0
2026-03-24,sh.600276,53.64,47.671886,5.983092,11.490656,19.44194,0.5461,1,0
2026-03-25,sh.600276,54.1,48.080706,6.034401,11.589196,19.608668,0.6451,1,0
2026-03-26,sh.600276,51.63,44.439916,5.592738,10.834175,21.52984,1.0181,1,0
2026-03-27,sh.600276,55.18,47.495537,5.977286,11.579116,23.010199,1.5538,1,0
2026-03-30,sh.600276,55.76,47.994765,6.040114,11.700825,23.25206,1.0931,1,0
2026-03-31,sh.600276,55.22,47.529967,5.981619,11.58751,23.026879,1.0863,1,0
2026-04-01,sh.600276,57.73,49.69042,6.253511,12.114215,24.073555,1.5763,1,0
2026-04-02,sh.600276,57.37,49.380554,6.214514,12.038672,23.923434,1.1995,1,0
2026-04-03,sh.600276,56.38,48.528423,6.107274,11.830927,23.510602,0.7131,1,0
2026-04-07,sh.600276,56.12,48.304631,6.07911,11.776368,23.402181,0.6294,1,0
2026-04-08,sh.600276,57.45,49.449413,6.22318,12.055459,23.956794,1.1514,1,0
2026-04-09,sh.600276,56.96,49.027651,6.170102,11.952636,23.752463,0.7537,1,0
2026-04-10,sh.600276,57.06,49.113725,6.180934,11.97362,23.794163,0.9215,1,0
2026-04-13,sh.600276,55.2,47.512752,5.979453,11.583313,23.018539,1.2479,1,0
2026-04-14,sh.600276,56.18,48.356275,6.08561,11.788959,23.427201,0.9005,1,0
2026-04-15,sh.600276,57.73,49.69042,6.253511,12.114215,24.073555,1.6139,1,0
2026-04-16,sh.600276,57.47,49.466628,6.225347,12.059656,23.965134,0.9041,1,0
2026-04-17,sh.600276,56.33,48.485386,6.101858,11.820435,23.489752,0.9916,1,0
2026-04-20,sh.600276,56.34,48.493993,6.102941,11.822534,23.493922,0.6789,1,0
2026-04-21,sh.600276,55.75,47.986158,6.039031,11.698727,23.24789,0.6784,1,0
2026-04-22,sh.600276,55.44,47.719329,6.00545,11.633675,23.118619,0.8208,1,0
2026-04-23,sh.600276,56.4,46.104907,5.883389,11.495327,23.320817,1.5111,1,0
2026-04-24,sh.600276,56.05,45.818795,5.846879,11.42399,23.176096,0.8744,1,0
2026-04-27,sh.600276,55.38,45.271095,5.776987,11.287432,22.899058,0.7141,1,0
2026-04-28,sh.600276,54.84,44.829665,5.720657,11.177371,22.675773,1.4158,1,0
2026-04-29,sh.600276,54.99,44.952284,5.736304,11.207943,22.737797,0.9273,1,0
2026-04-30,sh.600276,53.88,44.0449,5.620514,10.981706,22.278823,1.1169,1,0
2026-05-06,sh.600276,53.63,43.840535,5.594435,10.930751,22.175451,1.0437,1,0
2026-05-07,sh.600276,53.68,43.881408,5.599651,10.940942,22.196125,0.9774,1,0
2026-05-08,sh.600276,52.8,43.16204,5.507854,10.761582,21.832254,1.2579,1,0
2026-05-11,sh.600276,53.52,43.750614,5.582961,10.908331,22.129967,1.6038,1,0
2026-05-12,sh.600276,56.11,45.867843,5.853138,11.436219,23.200905,3.8649,1,0
2026-05-13,sh.600276,55.86,45.663477,5.827059,11.385265,23.097533,2.0815,1,0
2026-05-14,sh.600276,54.32,44.404584,5.666413,11.071385,22.460759,1.4379,1,0
2026-05-15,sh.600276,53.99,44.134821,5.631989,11.004126,22.324307,1.2008,1,0
2026-05-18,sh.600276,52.43,42.859579,5.469257,10.68617,21.679263,1.2331,1,0
2026-05-19,sh.600276,51.59,42.17291,5.381632,10.514963,21.331932,1.0959,1,0
2026-05-20,sh.600276,50.95,41.649734,5.31487,10.384519,21.067298,1.2965,1,0
2026-05-21,sh.600276,51.45,42.058466,5.367028,10.486428,21.274043,1.5583,1,0
2026-05-22,sh.600276,50.47,41.257352,5.264799,10.286687,20.868823,1.0623,1,0
2026-05-25,sh.600276,49.43,40.407191,5.156311,10.074716,20.438794,1.3142,1,0
2026-05-26,sh.600276,49.2,40.219174,5.132318,10.027838,20.343692,1.1189,1,0
2026-05-27,sh.600276,50.37,41.175606,5.254367,10.266305,20.827474,1.5067,1,0
2026-05-28,sh.600276,48.0,39.238219,5.00714,9.783257,19.847504,1.5342,1,0
2026-05-29,sh.600276,50.19,41.028462,5.23559,10.229618,20.753046,2.0386,1,0
2026-06-01,sh.600276,49.17,40.19465,5.129189,10.021724,20.331287,1.484,1,0
2026-06-02,sh.600276,48.4,39.565204,5.048866,9.864784,20.0129,0.9585,1,0
2026-06-03,sh.600276,47.2,38.584248,4.923687,9.620202,19.516712,1.2782,1,0
2026-06-04,sh.600276,46.63,38.118294,4.864228,9.504026,19.281023,1.0021,1,0
2026-06-05,sh.600276,47.08,38.486153,4.91117,9.595744,19.467093,1.4583,1,0
2026-06-08,sh.600276,45.94,37.554245,4.79225,9.363392,18.995715,1.0726,1,0
2026-06-09,sh.600276,46.38,37.913929,4.838149,9.453072,19.177651,0.974,1,0
2026-06-10,sh.600276,47.01,38.42893,4.903867,9.581477,19.438149,0.9744,1,0
2026-06-11,sh.600276,46.98,38.404406,4.900738,9.575362,19.425744,0.7421,1,0
2026-06-12,sh.600276,48.49,39.638775,5.058254,9.883127,20.050114,1.5723,1,0
2026-06-15,sh.600276,47.88,39.140123,4.994622,9.758799,19.797885,1.0494,1,0
2026-06-16,sh.600276,47.35,38.706868,4.939335,9.650775,19.578736,0.7884,1,0
2026-06-17,sh.600276,46.99,38.412581,4.901781,9.577401,19.429879,0.8124,1,0
2026-06-18,sh.600276,48.42,39.581553,5.050952,9.86886,20.02117,1.8591,1,0
2026-06-22,sh.600276,49.36,40.349968,5.149009,10.060449,20.40985,1.4835,1,0
2026-06-23,sh.600276,48.98,40.039332,5.109369,9.982998,20.252724,1.6865,1,0
2026-06-24,sh.600276,50.25,41.07751,5.241849,10.241847,20.777856,2.1301,1,0
2026-06-25,sh.600276,50.04,40.905843,5.219943,10.199045,20.691023,1.6482,1,0
2026-06-26,sh.600276,48.67,39.785919,5.077031,9.919815,20.124542,1.1751,1,0
2026-06-29,sh.600276,52.93,43.268311,5.521415,10.788079,21.886008,2.7082,1,0
2026-06-30,sh.600276,52.04,42.540769,5.428574,10.606681,21.518002,1.7972,1,0
2026-07-01,sh.600276,53.78,43.963154,5.610083,10.961324,22.237474,2.4601,1,0
2026-07-02,sh.600276,53.49,43.72609,5.579831,10.902217,22.117562,2.0697,1,0
2026-07-03,sh.600276,54.45,44.510854,5.679974,11.097882,22.514512,1.7223,1,0
2026-07-06,sh.600276,56.77,46.407368,5.921986,11.570739,23.473808,2.817,1,0
2026-07-07,sh.600276,55.36,45.254745,5.774901,11.283356,22.890788,1.6887,1,0
2026-07-08,sh.600276,54.01,44.151171,5.634075,11.008202,22.332577,1.5015,1,0
2026-07-09,sh.600276,55.61,45.459111,5.80098,11.33431,22.99416,1.7375,1,0
2026-07-10,sh.600276,55.75,45.573556,5.815584,11.362845,23.052049,2.0947,1,0
2026-07-13,sh.600276,55.75,45.573556,5.815584,11.362845,23.052049,1.4584,1,0
2026-07-14,sh.600276,54.82,44.813315,5.718571,11.173294,22.667503,1.5148,1,0
2026-07-15,sh.600276,57.5,47.004116,5.998136,11.719526,23.775656,3.0439,1,0
2026-07-16,sh.600276,55.99,45.769747,5.84062,11.411761,23.151286,1.9127,1,0
2026-07-17,sh.600276,53.19,43.480851,5.548537,10.841071,21.993515,1.8213,1,0
2026-07-20,sh.600276,55.57,45.426413,5.796807,11.326158,22.977621,1.7762,1,0
2026-07-21,sh.600276,54.93,44.903236,5.730045,11.195714,22.712987,1.5118,1,0
2026-07-22,sh.600276,55.39,45.279269,5.778031,11.289471,22.903193,1.3479,1,0
2026-07-23,sh.600276,54.91,44.886887,5.727959,11.191638,22.704718,1.2541,1,0
2026-07-24,sh.600276,53.45,43.693391,5.575659,10.894064,22.101023,1.1049,1,0
2026-07-27,sh.600276,53.6,43.816011,5.591306,10.924637,22.163046,0.866,1,0
2026-07-28,sh.600276,53.29,43.562597,5.558968,10.861453,22.034864,0.7521,1,0
2026-07-29,sh.600276,53.89,44.053075,5.621557,10.983744,22.282958,1.0733,1,0
2026-07-30,sh.600276,54.65,44.674347,5.700837,11.138645,22.59721,1.1536,1,0
2026-07-31,sh.600276,54.08,44.208393,5.641377,11.022469,22.361521,0.9062,1,0
2026-08-03,sh.600276,53.0,43.325533,5.528717,10.802346,21.914952,0.9658,1,0
2026-08-04,sh.600276,53.42,43.668867,5.572529,10.887949,22.088618,1.1445,1,0
2026-08-05,sh.600276,53.54,43.766963,5.585047,10.912408,22.138237,1.0518,1,0
2026-08-06,sh.600276,52.11,42.597991,5.435876,10.620948,21.546946,1.4087,1,0
2026-08-07,sh.600276,54.62,44.649823,5.697708,11.132531,22.584806,2.225,1,0
2026-08-10,sh.600276,54.18,44.290139,5.651809,11.042851,22.40287,1.8556,1,0
2026-08-11,sh.600276,54.97,44.935935,5.734218,11.203867,22.729527,1.8931,1,0
2026-08-12,sh.600276,54.36,44.437283,5.670586,11.079538,22.477298,1.1739,1,0
2026-08-13,sh.600276,53.76,43.946805,5.607996,10.957247,22.229204,1.5299,1,0
2026-08-14,sh.600276,52.62,43.014897,5.489077,10.724895,21.757826,1.3689,1,0
2026-08-17,sh.600276,52.87,43.219263,5.515156,10.77585,21.861199,1.048,1,0
2026-08-18,sh.600276,52.37,42.810531,5.462998,10.673941,21.654454,0.9381,1,0
2026-08-19,sh.600276,52.66,43.047596,5.49325,10.733048,21.774366,1.0001,1,0
2026-08-20,sh.600276,49.5,42.521991,5.096317,10.488553,132.001597,3.7426,1,0
2026-08-21,sh.600276,47.74,41.010098,4.915115,10.115626,127.308207,1.9974,1,0
2026-08-24,sh.600276,46.76,40.168248,4.814218,9.907974,124.694842,1.3482,1,0
2026-08-25,sh.600276,46.49,39.93631,4.78642,9.850764,123.974834,1.2073,1,0
2026-08-26,sh.600276,46.74,40.151068,4.812159,9.903736,124.641508,1.2274,1,0
2026-08-27,sh.600276,47.61,40.898424,4.901731,10.088081,126.961536,1.2204,1,0
2026-08-28,sh.600276,47.32,40.649305,4.871874,10.026633,126.188194,0.8346,1,0
2026-08-31,sh.600276,46.07,39.575518,4.743179,9.76177,122.85482,1.3995,1,0
2026-09-01,sh.600276,46.23,39.712962,4.759652,9.795673,123.281492,0.7285,1,0
2026-09-02,sh.600276,45.57,39.146002,4.691701,9.655825,121.521471,0.8595,1,0
2026-09-03,sh.600276,45.96,39.481024,4.731854,9.738462,122.561483,0.7884,1,0
2026-09-04,sh.600276,46.02,39.532566,4.738031,9.751176,122.721485,0.7678,1,0
2026-09-07,sh.600276,46.26,39.738733,4.76274,9.802029,123.361493,0.618,1,0
2026-09-08,sh.600276,45.71,39.266267,4.706115,9.68549,121.894808,0.9236,1,0
2026-09-09,sh.600276,44.71,38.407237,4.603159,9.4736,119.22811,1.1239,1,0
2026-09-10,sh.600276,42.93,36.878163,4.419897,9.096436,114.481385,1.6269,1,0
2026-09-11,sh.600276,42.67,36.654815,4.393129,9.041344,113.788044,1.2581,1,0
